

Microchip MPLAB XC8 Assembler V2.41 build 20230208172133 
                                                                                               Fri Sep 18 22:31:59 2026

Microchip MPLAB XC8 C Compiler v2.41 (Free license) build 20230208172133 Og1 
     1                           	processor	16F15223
     2                           	pagewidth 120
     3                           	opt	flic
     4                           	psect	stringtext1,global,class=STRCODE,delta=2,noexec
     5                           	psect	stringtext2,global,class=STRCODE,delta=2,noexec
     6                           	psect	cinit,global,class=CODE,merge=1,delta=2
     7                           	psect	bssBANK0,global,class=BANK0,space=1,delta=1,noexec
     8                           	psect	bssBANK1,global,class=BANK1,space=1,delta=1,noexec
     9                           	psect	clrtext,global,class=CODE,delta=2
    10                           	psect	cstackBANK1,global,class=BANK1,space=1,delta=1,noexec
    11                           	psect	cstackCOMMON,global,class=COMMON,space=1,delta=1,noexec
    12                           	psect	cstackBANK0,global,class=BANK0,space=1,delta=1,noexec
    13                           	psect	maintext,global,class=CODE,merge=1,split=1,delta=2
    14                           	psect	text1,local,class=CODE,merge=1,delta=2
    15                           	psect	text2,local,class=CODE,merge=1,delta=2,group=1
    16                           	psect	text3,local,class=CODE,merge=1,delta=2
    17                           	psect	text4,local,class=CODE,merge=1,delta=2,group=1
    18                           	psect	text5,local,class=CODE,merge=1,delta=2
    19                           	psect	text6,local,class=CODE,merge=1,delta=2
    20                           	psect	text7,local,class=CODE,merge=1,delta=2
    21                           	psect	text8,local,class=CODE,merge=1,delta=2,group=1
    22                           	psect	text9,local,class=CODE,merge=1,delta=2,group=1
    23                           	psect	text10,local,class=CODE,merge=1,delta=2
    24                           	psect	text11,local,class=CODE,merge=1,delta=2
    25                           	psect	text12,local,class=CODE,merge=1,delta=2
    26                           	psect	text13,local,class=CODE,merge=1,delta=2
    27                           	psect	text14,local,class=CODE,merge=1,delta=2
    28                           	psect	text15,local,class=CODE,merge=1,delta=2
    29                           	psect	text16,local,class=CODE,merge=1,delta=2
    30                           	psect	text17,local,class=CODE,merge=1,delta=2
    31                           	psect	text18,local,class=CODE,merge=1,delta=2
    32                           	psect	text19,local,class=CODE,merge=1,delta=2
    33                           	psect	text20,local,class=CODE,merge=1,delta=2
    34                           	psect	text21,local,class=CODE,merge=1,delta=2
    35                           	psect	text22,local,class=CODE,merge=1,delta=2
    36                           	psect	text23,local,class=CODE,merge=1,delta=2,group=1
    37                           	psect	text24,local,class=CODE,merge=1,delta=2
    38                           	psect	text25,local,class=CODE,merge=1,delta=2
    39                           	psect	text26,local,class=CODE,merge=1,delta=2
    40                           	psect	text27,local,class=CODE,merge=1,delta=2
    41                           	psect	text28,local,class=CODE,merge=1,delta=2
    42                           	psect	intentry,global,class=CODE,delta=2
    43                           	psect	idloc,global,abs,ovrld,class=IDLOC,space=5,delta=2,noexec
    44                           	psect	config,global,abs,ovrld,class=CONFIG,space=4,delta=2,noexec
    45                           	dabs	1,0x120,80
    46                           	dabs	1,0xDC,20
    47                           	dabs	1,0x208C,0,_avr_t
    48                           	dabs	1,0x7E,2
    49     0000                     
    50                           ; Version 2.40
    51                           ; Generated 02/12/2021 GMT
    52                           ; 
    53                           ; Copyright © 2021, Microchip Technology Inc. and its subsidiaries ("Microchip")
    54                           ; All rights reserved.
    55                           ; 
    56                           ; This software is developed by Microchip Technology Inc. and its subsidiaries ("Microch
      +                          ip").
    57                           ; 
    58                           ; Redistribution and use in source and binary forms, with or without modification, are
    59                           ; permitted provided that the following conditions are met:
    60                           ; 
    61                           ;     1. Redistributions of source code must retain the above copyright notice, this lis
      +                          t of
    62                           ;        conditions and the following disclaimer.
    63                           ; 
    64                           ;     2. Redistributions in binary form must reproduce the above copyright notice, this 
      +                          list
    65                           ;        of conditions and the following disclaimer in the documentation and/or other
    66                           ;        materials provided with the distribution. Publication is not required when
    67                           ;        this file is used in an embedded application.
    68                           ; 
    69                           ;     3. Microchip's name may not be used to endorse or promote products derived from th
      +                          is
    70                           ;        software without specific prior written permission.
    71                           ; 
    72                           ; THIS SOFTWARE IS PROVIDED BY MICROCHIP "AS IS" AND ANY EXPRESS OR IMPLIED WARRANTIES,
    73                           ; INCLUDING, BUT NOT LIMITED TO, THE IMPLIED WARRANTIES OF MERCHANTABILITY AND FITNESS F
      +                          OR
    74                           ; PURPOSE ARE DISCLAIMED.  IN NO EVENT SHALL MICROCHIP BE LIABLE FOR ANY DIRECT, INDIREC
      +                          T,
    75                           ; INCIDENTAL, SPECIAL, EXEMPLARY, OR CONSEQUENTIAL DAMAGES (INCLUDING BUT NOT LIMITED TO
    76                           ; PROCUREMENT OF SUBSTITUTE GOODS OR SERVICES; LOSS OF USE, DATA OR PROFITS; OR BUSINESS
    77                           ; INTERRUPTION) HOWSOEVER CAUSED AND ON ANY THEORY OF LIABILITY, WHETHER IN CONTRACT, ST
      +                          RICT
    78                           ; LIABILITY, OR TORT (INCLUDING NEGLIGENCE OR OTHERWISE) ARISING IN ANY WAY OUT OF THE U
      +                          SE OF
    79                           ; THIS SOFTWARE, EVEN IF ADVISED OF THE POSSIBILITY OF SUCH DAMAGE.
    80                           ; 
    81                           ; 
    82                           ; Code-generator required, PIC16F15223 Definitions
    83                           ; 
    84                           ; SFR Addresses
    85     0000                     	;# 
    86     0001                     	;# 
    87     0002                     	;# 
    88     0003                     	;# 
    89     0004                     	;# 
    90     0005                     	;# 
    91     0006                     	;# 
    92     0007                     	;# 
    93     0008                     	;# 
    94     0009                     	;# 
    95     000A                     	;# 
    96     000B                     	;# 
    97     000C                     	;# 
    98     000E                     	;# 
    99     0012                     	;# 
   100     0014                     	;# 
   101     0018                     	;# 
   102     001A                     	;# 
   103     009A                     	;# 
   104     009B                     	;# 
   105     009B                     	;# 
   106     009C                     	;# 
   107     009D                     	;# 
   108     009E                     	;# 
   109     009F                     	;# 
   110     010E                     	;# 
   111     010F                     	;# 
   112     0119                     	;# 
   113     011A                     	;# 
   114     011B                     	;# 
   115     011B                     	;# 
   116     011C                     	;# 
   117     011D                     	;# 
   118     011E                     	;# 
   119     011F                     	;# 
   120     018C                     	;# 
   121     018D                     	;# 
   122     018E                     	;# 
   123     018F                     	;# 
   124     0190                     	;# 
   125     0191                     	;# 
   126     0192                     	;# 
   127     020C                     	;# 
   128     020D                     	;# 
   129     020E                     	;# 
   130     020E                     	;# 
   131     020F                     	;# 
   132     020F                     	;# 
   133     0210                     	;# 
   134     0210                     	;# 
   135     0211                     	;# 
   136     0211                     	;# 
   137     028C                     	;# 
   138     028C                     	;# 
   139     028D                     	;# 
   140     028D                     	;# 
   141     028E                     	;# 
   142     028F                     	;# 
   143     0290                     	;# 
   144     0291                     	;# 
   145     030C                     	;# 
   146     030C                     	;# 
   147     030D                     	;# 
   148     030E                     	;# 
   149     030F                     	;# 
   150     0310                     	;# 
   151     0310                     	;# 
   152     0311                     	;# 
   153     0312                     	;# 
   154     0313                     	;# 
   155     0314                     	;# 
   156     0314                     	;# 
   157     0315                     	;# 
   158     0316                     	;# 
   159     0318                     	;# 
   160     0318                     	;# 
   161     0319                     	;# 
   162     031A                     	;# 
   163     059C                     	;# 
   164     059C                     	;# 
   165     059D                     	;# 
   166     059D                     	;# 
   167     059E                     	;# 
   168     059F                     	;# 
   169     070C                     	;# 
   170     070D                     	;# 
   171     070E                     	;# 
   172     0716                     	;# 
   173     0717                     	;# 
   174     0718                     	;# 
   175     080C                     	;# 
   176     0811                     	;# 
   177     0813                     	;# 
   178     0814                     	;# 
   179     081A                     	;# 
   180     081A                     	;# 
   181     081B                     	;# 
   182     081C                     	;# 
   183     081C                     	;# 
   184     081D                     	;# 
   185     081E                     	;# 
   186     081F                     	;# 
   187     088E                     	;# 
   188     0890                     	;# 
   189     0891                     	;# 
   190     0892                     	;# 
   191     0893                     	;# 
   192     090C                     	;# 
   193     1E8F                     	;# 
   194     1E90                     	;# 
   195     1E91                     	;# 
   196     1E92                     	;# 
   197     1E93                     	;# 
   198     1E9C                     	;# 
   199     1EA1                     	;# 
   200     1EA2                     	;# 
   201     1EC3                     	;# 
   202     1EC5                     	;# 
   203     1EC6                     	;# 
   204     1EC7                     	;# 
   205     1ECB                     	;# 
   206     1ECB                     	;# 
   207     1ECB                     	;# 
   208     1ECC                     	;# 
   209     1ECC                     	;# 
   210     1ECC                     	;# 
   211     1F10                     	;# 
   212     1F11                     	;# 
   213     1F12                     	;# 
   214     1F14                     	;# 
   215     1F15                     	;# 
   216     1F20                     	;# 
   217     1F21                     	;# 
   218     1F22                     	;# 
   219     1F23                     	;# 
   220     1F24                     	;# 
   221     1F25                     	;# 
   222     1F38                     	;# 
   223     1F39                     	;# 
   224     1F3A                     	;# 
   225     1F3B                     	;# 
   226     1F3C                     	;# 
   227     1F3D                     	;# 
   228     1F3E                     	;# 
   229     1F3F                     	;# 
   230     1F4E                     	;# 
   231     1F4F                     	;# 
   232     1F50                     	;# 
   233     1F51                     	;# 
   234     1F52                     	;# 
   235     1F53                     	;# 
   236     1F54                     	;# 
   237     1F55                     	;# 
   238     1FE4                     	;# 
   239     1FE5                     	;# 
   240     1FE6                     	;# 
   241     1FE7                     	;# 
   242     1FE8                     	;# 
   243     1FE8                     	;# 
   244     1FE9                     	;# 
   245     1FEA                     	;# 
   246     1FEB                     	;# 
   247     1FED                     	;# 
   248     1FEE                     	;# 
   249     1FEF                     	;# 
   250     0000                     	;# 
   251     0001                     	;# 
   252     0002                     	;# 
   253     0003                     	;# 
   254     0004                     	;# 
   255     0005                     	;# 
   256     0006                     	;# 
   257     0007                     	;# 
   258     0008                     	;# 
   259     0009                     	;# 
   260     000A                     	;# 
   261     000B                     	;# 
   262     000C                     	;# 
   263     000E                     	;# 
   264     0012                     	;# 
   265     0014                     	;# 
   266     0018                     	;# 
   267     001A                     	;# 
   268     009A                     	;# 
   269     009B                     	;# 
   270     009B                     	;# 
   271     009C                     	;# 
   272     009D                     	;# 
   273     009E                     	;# 
   274     009F                     	;# 
   275     010E                     	;# 
   276     010F                     	;# 
   277     0119                     	;# 
   278     011A                     	;# 
   279     011B                     	;# 
   280     011B                     	;# 
   281     011C                     	;# 
   282     011D                     	;# 
   283     011E                     	;# 
   284     011F                     	;# 
   285     018C                     	;# 
   286     018D                     	;# 
   287     018E                     	;# 
   288     018F                     	;# 
   289     0190                     	;# 
   290     0191                     	;# 
   291     0192                     	;# 
   292     020C                     	;# 
   293     020D                     	;# 
   294     020E                     	;# 
   295     020E                     	;# 
   296     020F                     	;# 
   297     020F                     	;# 
   298     0210                     	;# 
   299     0210                     	;# 
   300     0211                     	;# 
   301     0211                     	;# 
   302     028C                     	;# 
   303     028C                     	;# 
   304     028D                     	;# 
   305     028D                     	;# 
   306     028E                     	;# 
   307     028F                     	;# 
   308     0290                     	;# 
   309     0291                     	;# 
   310     030C                     	;# 
   311     030C                     	;# 
   312     030D                     	;# 
   313     030E                     	;# 
   314     030F                     	;# 
   315     0310                     	;# 
   316     0310                     	;# 
   317     0311                     	;# 
   318     0312                     	;# 
   319     0313                     	;# 
   320     0314                     	;# 
   321     0314                     	;# 
   322     0315                     	;# 
   323     0316                     	;# 
   324     0318                     	;# 
   325     0318                     	;# 
   326     0319                     	;# 
   327     031A                     	;# 
   328     059C                     	;# 
   329     059C                     	;# 
   330     059D                     	;# 
   331     059D                     	;# 
   332     059E                     	;# 
   333     059F                     	;# 
   334     070C                     	;# 
   335     070D                     	;# 
   336     070E                     	;# 
   337     0716                     	;# 
   338     0717                     	;# 
   339     0718                     	;# 
   340     080C                     	;# 
   341     0811                     	;# 
   342     0813                     	;# 
   343     0814                     	;# 
   344     081A                     	;# 
   345     081A                     	;# 
   346     081B                     	;# 
   347     081C                     	;# 
   348     081C                     	;# 
   349     081D                     	;# 
   350     081E                     	;# 
   351     081F                     	;# 
   352     088E                     	;# 
   353     0890                     	;# 
   354     0891                     	;# 
   355     0892                     	;# 
   356     0893                     	;# 
   357     090C                     	;# 
   358     1E8F                     	;# 
   359     1E90                     	;# 
   360     1E91                     	;# 
   361     1E92                     	;# 
   362     1E93                     	;# 
   363     1E9C                     	;# 
   364     1EA1                     	;# 
   365     1EA2                     	;# 
   366     1EC3                     	;# 
   367     1EC5                     	;# 
   368     1EC6                     	;# 
   369     1EC7                     	;# 
   370     1ECB                     	;# 
   371     1ECB                     	;# 
   372     1ECB                     	;# 
   373     1ECC                     	;# 
   374     1ECC                     	;# 
   375     1ECC                     	;# 
   376     1F10                     	;# 
   377     1F11                     	;# 
   378     1F12                     	;# 
   379     1F14                     	;# 
   380     1F15                     	;# 
   381     1F20                     	;# 
   382     1F21                     	;# 
   383     1F22                     	;# 
   384     1F23                     	;# 
   385     1F24                     	;# 
   386     1F25                     	;# 
   387     1F38                     	;# 
   388     1F39                     	;# 
   389     1F3A                     	;# 
   390     1F3B                     	;# 
   391     1F3C                     	;# 
   392     1F3D                     	;# 
   393     1F3E                     	;# 
   394     1F3F                     	;# 
   395     1F4E                     	;# 
   396     1F4F                     	;# 
   397     1F50                     	;# 
   398     1F51                     	;# 
   399     1F52                     	;# 
   400     1F53                     	;# 
   401     1F54                     	;# 
   402     1F55                     	;# 
   403     1FE4                     	;# 
   404     1FE5                     	;# 
   405     1FE6                     	;# 
   406     1FE7                     	;# 
   407     1FE8                     	;# 
   408     1FE8                     	;# 
   409     1FE9                     	;# 
   410     1FEA                     	;# 
   411     1FEB                     	;# 
   412     1FED                     	;# 
   413     1FEE                     	;# 
   414     1FEF                     	;# 
   415     0000                     	;# 
   416     0001                     	;# 
   417     0002                     	;# 
   418     0003                     	;# 
   419     0004                     	;# 
   420     0005                     	;# 
   421     0006                     	;# 
   422     0007                     	;# 
   423     0008                     	;# 
   424     0009                     	;# 
   425     000A                     	;# 
   426     000B                     	;# 
   427     000C                     	;# 
   428     000E                     	;# 
   429     0012                     	;# 
   430     0014                     	;# 
   431     0018                     	;# 
   432     001A                     	;# 
   433     009A                     	;# 
   434     009B                     	;# 
   435     009B                     	;# 
   436     009C                     	;# 
   437     009D                     	;# 
   438     009E                     	;# 
   439     009F                     	;# 
   440     010E                     	;# 
   441     010F                     	;# 
   442     0119                     	;# 
   443     011A                     	;# 
   444     011B                     	;# 
   445     011B                     	;# 
   446     011C                     	;# 
   447     011D                     	;# 
   448     011E                     	;# 
   449     011F                     	;# 
   450     018C                     	;# 
   451     018D                     	;# 
   452     018E                     	;# 
   453     018F                     	;# 
   454     0190                     	;# 
   455     0191                     	;# 
   456     0192                     	;# 
   457     020C                     	;# 
   458     020D                     	;# 
   459     020E                     	;# 
   460     020E                     	;# 
   461     020F                     	;# 
   462     020F                     	;# 
   463     0210                     	;# 
   464     0210                     	;# 
   465     0211                     	;# 
   466     0211                     	;# 
   467     028C                     	;# 
   468     028C                     	;# 
   469     028D                     	;# 
   470     028D                     	;# 
   471     028E                     	;# 
   472     028F                     	;# 
   473     0290                     	;# 
   474     0291                     	;# 
   475     030C                     	;# 
   476     030C                     	;# 
   477     030D                     	;# 
   478     030E                     	;# 
   479     030F                     	;# 
   480     0310                     	;# 
   481     0310                     	;# 
   482     0311                     	;# 
   483     0312                     	;# 
   484     0313                     	;# 
   485     0314                     	;# 
   486     0314                     	;# 
   487     0315                     	;# 
   488     0316                     	;# 
   489     0318                     	;# 
   490     0318                     	;# 
   491     0319                     	;# 
   492     031A                     	;# 
   493     059C                     	;# 
   494     059C                     	;# 
   495     059D                     	;# 
   496     059D                     	;# 
   497     059E                     	;# 
   498     059F                     	;# 
   499     070C                     	;# 
   500     070D                     	;# 
   501     070E                     	;# 
   502     0716                     	;# 
   503     0717                     	;# 
   504     0718                     	;# 
   505     080C                     	;# 
   506     0811                     	;# 
   507     0813                     	;# 
   508     0814                     	;# 
   509     081A                     	;# 
   510     081A                     	;# 
   511     081B                     	;# 
   512     081C                     	;# 
   513     081C                     	;# 
   514     081D                     	;# 
   515     081E                     	;# 
   516     081F                     	;# 
   517     088E                     	;# 
   518     0890                     	;# 
   519     0891                     	;# 
   520     0892                     	;# 
   521     0893                     	;# 
   522     090C                     	;# 
   523     1E8F                     	;# 
   524     1E90                     	;# 
   525     1E91                     	;# 
   526     1E92                     	;# 
   527     1E93                     	;# 
   528     1E9C                     	;# 
   529     1EA1                     	;# 
   530     1EA2                     	;# 
   531     1EC3                     	;# 
   532     1EC5                     	;# 
   533     1EC6                     	;# 
   534     1EC7                     	;# 
   535     1ECB                     	;# 
   536     1ECB                     	;# 
   537     1ECB                     	;# 
   538     1ECC                     	;# 
   539     1ECC                     	;# 
   540     1ECC                     	;# 
   541     1F10                     	;# 
   542     1F11                     	;# 
   543     1F12                     	;# 
   544     1F14                     	;# 
   545     1F15                     	;# 
   546     1F20                     	;# 
   547     1F21                     	;# 
   548     1F22                     	;# 
   549     1F23                     	;# 
   550     1F24                     	;# 
   551     1F25                     	;# 
   552     1F38                     	;# 
   553     1F39                     	;# 
   554     1F3A                     	;# 
   555     1F3B                     	;# 
   556     1F3C                     	;# 
   557     1F3D                     	;# 
   558     1F3E                     	;# 
   559     1F3F                     	;# 
   560     1F4E                     	;# 
   561     1F4F                     	;# 
   562     1F50                     	;# 
   563     1F51                     	;# 
   564     1F52                     	;# 
   565     1F53                     	;# 
   566     1F54                     	;# 
   567     1F55                     	;# 
   568     1FE4                     	;# 
   569     1FE5                     	;# 
   570     1FE6                     	;# 
   571     1FE7                     	;# 
   572     1FE8                     	;# 
   573     1FE8                     	;# 
   574     1FE9                     	;# 
   575     1FEA                     	;# 
   576     1FEB                     	;# 
   577     1FED                     	;# 
   578     1FEE                     	;# 
   579     1FEF                     	;# 
   580     0000                     	;# 
   581     0001                     	;# 
   582     0002                     	;# 
   583     0003                     	;# 
   584     0004                     	;# 
   585     0005                     	;# 
   586     0006                     	;# 
   587     0007                     	;# 
   588     0008                     	;# 
   589     0009                     	;# 
   590     000A                     	;# 
   591     000B                     	;# 
   592     000C                     	;# 
   593     000E                     	;# 
   594     0012                     	;# 
   595     0014                     	;# 
   596     0018                     	;# 
   597     001A                     	;# 
   598     009A                     	;# 
   599     009B                     	;# 
   600     009B                     	;# 
   601     009C                     	;# 
   602     009D                     	;# 
   603     009E                     	;# 
   604     009F                     	;# 
   605     010E                     	;# 
   606     010F                     	;# 
   607     0119                     	;# 
   608     011A                     	;# 
   609     011B                     	;# 
   610     011B                     	;# 
   611     011C                     	;# 
   612     011D                     	;# 
   613     011E                     	;# 
   614     011F                     	;# 
   615     018C                     	;# 
   616     018D                     	;# 
   617     018E                     	;# 
   618     018F                     	;# 
   619     0190                     	;# 
   620     0191                     	;# 
   621     0192                     	;# 
   622     020C                     	;# 
   623     020D                     	;# 
   624     020E                     	;# 
   625     020E                     	;# 
   626     020F                     	;# 
   627     020F                     	;# 
   628     0210                     	;# 
   629     0210                     	;# 
   630     0211                     	;# 
   631     0211                     	;# 
   632     028C                     	;# 
   633     028C                     	;# 
   634     028D                     	;# 
   635     028D                     	;# 
   636     028E                     	;# 
   637     028F                     	;# 
   638     0290                     	;# 
   639     0291                     	;# 
   640     030C                     	;# 
   641     030C                     	;# 
   642     030D                     	;# 
   643     030E                     	;# 
   644     030F                     	;# 
   645     0310                     	;# 
   646     0310                     	;# 
   647     0311                     	;# 
   648     0312                     	;# 
   649     0313                     	;# 
   650     0314                     	;# 
   651     0314                     	;# 
   652     0315                     	;# 
   653     0316                     	;# 
   654     0318                     	;# 
   655     0318                     	;# 
   656     0319                     	;# 
   657     031A                     	;# 
   658     059C                     	;# 
   659     059C                     	;# 
   660     059D                     	;# 
   661     059D                     	;# 
   662     059E                     	;# 
   663     059F                     	;# 
   664     070C                     	;# 
   665     070D                     	;# 
   666     070E                     	;# 
   667     0716                     	;# 
   668     0717                     	;# 
   669     0718                     	;# 
   670     080C                     	;# 
   671     0811                     	;# 
   672     0813                     	;# 
   673     0814                     	;# 
   674     081A                     	;# 
   675     081A                     	;# 
   676     081B                     	;# 
   677     081C                     	;# 
   678     081C                     	;# 
   679     081D                     	;# 
   680     081E                     	;# 
   681     081F                     	;# 
   682     088E                     	;# 
   683     0890                     	;# 
   684     0891                     	;# 
   685     0892                     	;# 
   686     0893                     	;# 
   687     090C                     	;# 
   688     1E8F                     	;# 
   689     1E90                     	;# 
   690     1E91                     	;# 
   691     1E92                     	;# 
   692     1E93                     	;# 
   693     1E9C                     	;# 
   694     1EA1                     	;# 
   695     1EA2                     	;# 
   696     1EC3                     	;# 
   697     1EC5                     	;# 
   698     1EC6                     	;# 
   699     1EC7                     	;# 
   700     1ECB                     	;# 
   701     1ECB                     	;# 
   702     1ECB                     	;# 
   703     1ECC                     	;# 
   704     1ECC                     	;# 
   705     1ECC                     	;# 
   706     1F10                     	;# 
   707     1F11                     	;# 
   708     1F12                     	;# 
   709     1F14                     	;# 
   710     1F15                     	;# 
   711     1F20                     	;# 
   712     1F21                     	;# 
   713     1F22                     	;# 
   714     1F23                     	;# 
   715     1F24                     	;# 
   716     1F25                     	;# 
   717     1F38                     	;# 
   718     1F39                     	;# 
   719     1F3A                     	;# 
   720     1F3B                     	;# 
   721     1F3C                     	;# 
   722     1F3D                     	;# 
   723     1F3E                     	;# 
   724     1F3F                     	;# 
   725     1F4E                     	;# 
   726     1F4F                     	;# 
   727     1F50                     	;# 
   728     1F51                     	;# 
   729     1F52                     	;# 
   730     1F53                     	;# 
   731     1F54                     	;# 
   732     1F55                     	;# 
   733     1FE4                     	;# 
   734     1FE5                     	;# 
   735     1FE6                     	;# 
   736     1FE7                     	;# 
   737     1FE8                     	;# 
   738     1FE8                     	;# 
   739     1FE9                     	;# 
   740     1FEA                     	;# 
   741     1FEB                     	;# 
   742     1FED                     	;# 
   743     1FEE                     	;# 
   744     1FEF                     	;# 
   745     0000                     	;# 
   746     0001                     	;# 
   747     0002                     	;# 
   748     0003                     	;# 
   749     0004                     	;# 
   750     0005                     	;# 
   751     0006                     	;# 
   752     0007                     	;# 
   753     0008                     	;# 
   754     0009                     	;# 
   755     000A                     	;# 
   756     000B                     	;# 
   757     000C                     	;# 
   758     000E                     	;# 
   759     0012                     	;# 
   760     0014                     	;# 
   761     0018                     	;# 
   762     001A                     	;# 
   763     009A                     	;# 
   764     009B                     	;# 
   765     009B                     	;# 
   766     009C                     	;# 
   767     009D                     	;# 
   768     009E                     	;# 
   769     009F                     	;# 
   770     010E                     	;# 
   771     010F                     	;# 
   772     0119                     	;# 
   773     011A                     	;# 
   774     011B                     	;# 
   775     011B                     	;# 
   776     011C                     	;# 
   777     011D                     	;# 
   778     011E                     	;# 
   779     011F                     	;# 
   780     018C                     	;# 
   781     018D                     	;# 
   782     018E                     	;# 
   783     018F                     	;# 
   784     0190                     	;# 
   785     0191                     	;# 
   786     0192                     	;# 
   787     020C                     	;# 
   788     020D                     	;# 
   789     020E                     	;# 
   790     020E                     	;# 
   791     020F                     	;# 
   792     020F                     	;# 
   793     0210                     	;# 
   794     0210                     	;# 
   795     0211                     	;# 
   796     0211                     	;# 
   797     028C                     	;# 
   798     028C                     	;# 
   799     028D                     	;# 
   800     028D                     	;# 
   801     028E                     	;# 
   802     028F                     	;# 
   803     0290                     	;# 
   804     0291                     	;# 
   805     030C                     	;# 
   806     030C                     	;# 
   807     030D                     	;# 
   808     030E                     	;# 
   809     030F                     	;# 
   810     0310                     	;# 
   811     0310                     	;# 
   812     0311                     	;# 
   813     0312                     	;# 
   814     0313                     	;# 
   815     0314                     	;# 
   816     0314                     	;# 
   817     0315                     	;# 
   818     0316                     	;# 
   819     0318                     	;# 
   820     0318                     	;# 
   821     0319                     	;# 
   822     031A                     	;# 
   823     059C                     	;# 
   824     059C                     	;# 
   825     059D                     	;# 
   826     059D                     	;# 
   827     059E                     	;# 
   828     059F                     	;# 
   829     070C                     	;# 
   830     070D                     	;# 
   831     070E                     	;# 
   832     0716                     	;# 
   833     0717                     	;# 
   834     0718                     	;# 
   835     080C                     	;# 
   836     0811                     	;# 
   837     0813                     	;# 
   838     0814                     	;# 
   839     081A                     	;# 
   840     081A                     	;# 
   841     081B                     	;# 
   842     081C                     	;# 
   843     081C                     	;# 
   844     081D                     	;# 
   845     081E                     	;# 
   846     081F                     	;# 
   847     088E                     	;# 
   848     0890                     	;# 
   849     0891                     	;# 
   850     0892                     	;# 
   851     0893                     	;# 
   852     090C                     	;# 
   853     1E8F                     	;# 
   854     1E90                     	;# 
   855     1E91                     	;# 
   856     1E92                     	;# 
   857     1E93                     	;# 
   858     1E9C                     	;# 
   859     1EA1                     	;# 
   860     1EA2                     	;# 
   861     1EC3                     	;# 
   862     1EC5                     	;# 
   863     1EC6                     	;# 
   864     1EC7                     	;# 
   865     1ECB                     	;# 
   866     1ECB                     	;# 
   867     1ECB                     	;# 
   868     1ECC                     	;# 
   869     1ECC                     	;# 
   870     1ECC                     	;# 
   871     1F10                     	;# 
   872     1F11                     	;# 
   873     1F12                     	;# 
   874     1F14                     	;# 
   875     1F15                     	;# 
   876     1F20                     	;# 
   877     1F21                     	;# 
   878     1F22                     	;# 
   879     1F23                     	;# 
   880     1F24                     	;# 
   881     1F25                     	;# 
   882     1F38                     	;# 
   883     1F39                     	;# 
   884     1F3A                     	;# 
   885     1F3B                     	;# 
   886     1F3C                     	;# 
   887     1F3D                     	;# 
   888     1F3E                     	;# 
   889     1F3F                     	;# 
   890     1F4E                     	;# 
   891     1F4F                     	;# 
   892     1F50                     	;# 
   893     1F51                     	;# 
   894     1F52                     	;# 
   895     1F53                     	;# 
   896     1F54                     	;# 
   897     1F55                     	;# 
   898     1FE4                     	;# 
   899     1FE5                     	;# 
   900     1FE6                     	;# 
   901     1FE7                     	;# 
   902     1FE8                     	;# 
   903     1FE8                     	;# 
   904     1FE9                     	;# 
   905     1FEA                     	;# 
   906     1FEB                     	;# 
   907     1FED                     	;# 
   908     1FEE                     	;# 
   909     1FEF                     	;# 
   910     0000                     	;# 
   911     0001                     	;# 
   912     0002                     	;# 
   913     0003                     	;# 
   914     0004                     	;# 
   915     0005                     	;# 
   916     0006                     	;# 
   917     0007                     	;# 
   918     0008                     	;# 
   919     0009                     	;# 
   920     000A                     	;# 
   921     000B                     	;# 
   922     000C                     	;# 
   923     000E                     	;# 
   924     0012                     	;# 
   925     0014                     	;# 
   926     0018                     	;# 
   927     001A                     	;# 
   928     009A                     	;# 
   929     009B                     	;# 
   930     009B                     	;# 
   931     009C                     	;# 
   932     009D                     	;# 
   933     009E                     	;# 
   934     009F                     	;# 
   935     010E                     	;# 
   936     010F                     	;# 
   937     0119                     	;# 
   938     011A                     	;# 
   939     011B                     	;# 
   940     011B                     	;# 
   941     011C                     	;# 
   942     011D                     	;# 
   943     011E                     	;# 
   944     011F                     	;# 
   945     018C                     	;# 
   946     018D                     	;# 
   947     018E                     	;# 
   948     018F                     	;# 
   949     0190                     	;# 
   950     0191                     	;# 
   951     0192                     	;# 
   952     020C                     	;# 
   953     020D                     	;# 
   954     020E                     	;# 
   955     020E                     	;# 
   956     020F                     	;# 
   957     020F                     	;# 
   958     0210                     	;# 
   959     0210                     	;# 
   960     0211                     	;# 
   961     0211                     	;# 
   962     028C                     	;# 
   963     028C                     	;# 
   964     028D                     	;# 
   965     028D                     	;# 
   966     028E                     	;# 
   967     028F                     	;# 
   968     0290                     	;# 
   969     0291                     	;# 
   970     030C                     	;# 
   971     030C                     	;# 
   972     030D                     	;# 
   973     030E                     	;# 
   974     030F                     	;# 
   975     0310                     	;# 
   976     0310                     	;# 
   977     0311                     	;# 
   978     0312                     	;# 
   979     0313                     	;# 
   980     0314                     	;# 
   981     0314                     	;# 
   982     0315                     	;# 
   983     0316                     	;# 
   984     0318                     	;# 
   985     0318                     	;# 
   986     0319                     	;# 
   987     031A                     	;# 
   988     059C                     	;# 
   989     059C                     	;# 
   990     059D                     	;# 
   991     059D                     	;# 
   992     059E                     	;# 
   993     059F                     	;# 
   994     070C                     	;# 
   995     070D                     	;# 
   996     070E                     	;# 
   997     0716                     	;# 
   998     0717                     	;# 
   999     0718                     	;# 
  1000     080C                     	;# 
  1001     0811                     	;# 
  1002     0813                     	;# 
  1003     0814                     	;# 
  1004     081A                     	;# 
  1005     081A                     	;# 
  1006     081B                     	;# 
  1007     081C                     	;# 
  1008     081C                     	;# 
  1009     081D                     	;# 
  1010     081E                     	;# 
  1011     081F                     	;# 
  1012     088E                     	;# 
  1013     0890                     	;# 
  1014     0891                     	;# 
  1015     0892                     	;# 
  1016     0893                     	;# 
  1017     090C                     	;# 
  1018     1E8F                     	;# 
  1019     1E90                     	;# 
  1020     1E91                     	;# 
  1021     1E92                     	;# 
  1022     1E93                     	;# 
  1023     1E9C                     	;# 
  1024     1EA1                     	;# 
  1025     1EA2                     	;# 
  1026     1EC3                     	;# 
  1027     1EC5                     	;# 
  1028     1EC6                     	;# 
  1029     1EC7                     	;# 
  1030     1ECB                     	;# 
  1031     1ECB                     	;# 
  1032     1ECB                     	;# 
  1033     1ECC                     	;# 
  1034     1ECC                     	;# 
  1035     1ECC                     	;# 
  1036     1F10                     	;# 
  1037     1F11                     	;# 
  1038     1F12                     	;# 
  1039     1F14                     	;# 
  1040     1F15                     	;# 
  1041     1F20                     	;# 
  1042     1F21                     	;# 
  1043     1F22                     	;# 
  1044     1F23                     	;# 
  1045     1F24                     	;# 
  1046     1F25                     	;# 
  1047     1F38                     	;# 
  1048     1F39                     	;# 
  1049     1F3A                     	;# 
  1050     1F3B                     	;# 
  1051     1F3C                     	;# 
  1052     1F3D                     	;# 
  1053     1F3E                     	;# 
  1054     1F3F                     	;# 
  1055     1F4E                     	;# 
  1056     1F4F                     	;# 
  1057     1F50                     	;# 
  1058     1F51                     	;# 
  1059     1F52                     	;# 
  1060     1F53                     	;# 
  1061     1F54                     	;# 
  1062     1F55                     	;# 
  1063     1FE4                     	;# 
  1064     1FE5                     	;# 
  1065     1FE6                     	;# 
  1066     1FE7                     	;# 
  1067     1FE8                     	;# 
  1068     1FE8                     	;# 
  1069     1FE9                     	;# 
  1070     1FEA                     	;# 
  1071     1FEB                     	;# 
  1072     1FED                     	;# 
  1073     1FEE                     	;# 
  1074     1FEF                     	;# 
  1075     0000                     	;# 
  1076     0001                     	;# 
  1077     0002                     	;# 
  1078     0003                     	;# 
  1079     0004                     	;# 
  1080     0005                     	;# 
  1081     0006                     	;# 
  1082     0007                     	;# 
  1083     0008                     	;# 
  1084     0009                     	;# 
  1085     000A                     	;# 
  1086     000B                     	;# 
  1087     000C                     	;# 
  1088     000E                     	;# 
  1089     0012                     	;# 
  1090     0014                     	;# 
  1091     0018                     	;# 
  1092     001A                     	;# 
  1093     009A                     	;# 
  1094     009B                     	;# 
  1095     009B                     	;# 
  1096     009C                     	;# 
  1097     009D                     	;# 
  1098     009E                     	;# 
  1099     009F                     	;# 
  1100     010E                     	;# 
  1101     010F                     	;# 
  1102     0119                     	;# 
  1103     011A                     	;# 
  1104     011B                     	;# 
  1105     011B                     	;# 
  1106     011C                     	;# 
  1107     011D                     	;# 
  1108     011E                     	;# 
  1109     011F                     	;# 
  1110     018C                     	;# 
  1111     018D                     	;# 
  1112     018E                     	;# 
  1113     018F                     	;# 
  1114     0190                     	;# 
  1115     0191                     	;# 
  1116     0192                     	;# 
  1117     020C                     	;# 
  1118     020D                     	;# 
  1119     020E                     	;# 
  1120     020E                     	;# 
  1121     020F                     	;# 
  1122     020F                     	;# 
  1123     0210                     	;# 
  1124     0210                     	;# 
  1125     0211                     	;# 
  1126     0211                     	;# 
  1127     028C                     	;# 
  1128     028C                     	;# 
  1129     028D                     	;# 
  1130     028D                     	;# 
  1131     028E                     	;# 
  1132     028F                     	;# 
  1133     0290                     	;# 
  1134     0291                     	;# 
  1135     030C                     	;# 
  1136     030C                     	;# 
  1137     030D                     	;# 
  1138     030E                     	;# 
  1139     030F                     	;# 
  1140     0310                     	;# 
  1141     0310                     	;# 
  1142     0311                     	;# 
  1143     0312                     	;# 
  1144     0313                     	;# 
  1145     0314                     	;# 
  1146     0314                     	;# 
  1147     0315                     	;# 
  1148     0316                     	;# 
  1149     0318                     	;# 
  1150     0318                     	;# 
  1151     0319                     	;# 
  1152     031A                     	;# 
  1153     059C                     	;# 
  1154     059C                     	;# 
  1155     059D                     	;# 
  1156     059D                     	;# 
  1157     059E                     	;# 
  1158     059F                     	;# 
  1159     070C                     	;# 
  1160     070D                     	;# 
  1161     070E                     	;# 
  1162     0716                     	;# 
  1163     0717                     	;# 
  1164     0718                     	;# 
  1165     080C                     	;# 
  1166     0811                     	;# 
  1167     0813                     	;# 
  1168     0814                     	;# 
  1169     081A                     	;# 
  1170     081A                     	;# 
  1171     081B                     	;# 
  1172     081C                     	;# 
  1173     081C                     	;# 
  1174     081D                     	;# 
  1175     081E                     	;# 
  1176     081F                     	;# 
  1177     088E                     	;# 
  1178     0890                     	;# 
  1179     0891                     	;# 
  1180     0892                     	;# 
  1181     0893                     	;# 
  1182     090C                     	;# 
  1183     1E8F                     	;# 
  1184     1E90                     	;# 
  1185     1E91                     	;# 
  1186     1E92                     	;# 
  1187     1E93                     	;# 
  1188     1E9C                     	;# 
  1189     1EA1                     	;# 
  1190     1EA2                     	;# 
  1191     1EC3                     	;# 
  1192     1EC5                     	;# 
  1193     1EC6                     	;# 
  1194     1EC7                     	;# 
  1195     1ECB                     	;# 
  1196     1ECB                     	;# 
  1197     1ECB                     	;# 
  1198     1ECC                     	;# 
  1199     1ECC                     	;# 
  1200     1ECC                     	;# 
  1201     1F10                     	;# 
  1202     1F11                     	;# 
  1203     1F12                     	;# 
  1204     1F14                     	;# 
  1205     1F15                     	;# 
  1206     1F20                     	;# 
  1207     1F21                     	;# 
  1208     1F22                     	;# 
  1209     1F23                     	;# 
  1210     1F24                     	;# 
  1211     1F25                     	;# 
  1212     1F38                     	;# 
  1213     1F39                     	;# 
  1214     1F3A                     	;# 
  1215     1F3B                     	;# 
  1216     1F3C                     	;# 
  1217     1F3D                     	;# 
  1218     1F3E                     	;# 
  1219     1F3F                     	;# 
  1220     1F4E                     	;# 
  1221     1F4F                     	;# 
  1222     1F50                     	;# 
  1223     1F51                     	;# 
  1224     1F52                     	;# 
  1225     1F53                     	;# 
  1226     1F54                     	;# 
  1227     1F55                     	;# 
  1228     1FE4                     	;# 
  1229     1FE5                     	;# 
  1230     1FE6                     	;# 
  1231     1FE7                     	;# 
  1232     1FE8                     	;# 
  1233     1FE8                     	;# 
  1234     1FE9                     	;# 
  1235     1FEA                     	;# 
  1236     1FEB                     	;# 
  1237     1FED                     	;# 
  1238     1FEE                     	;# 
  1239     1FEF                     	;# 
  1240     0000                     	;# 
  1241     0001                     	;# 
  1242     0002                     	;# 
  1243     0003                     	;# 
  1244     0004                     	;# 
  1245     0005                     	;# 
  1246     0006                     	;# 
  1247     0007                     	;# 
  1248     0008                     	;# 
  1249     0009                     	;# 
  1250     000A                     	;# 
  1251     000B                     	;# 
  1252     000C                     	;# 
  1253     000E                     	;# 
  1254     0012                     	;# 
  1255     0014                     	;# 
  1256     0018                     	;# 
  1257     001A                     	;# 
  1258     009A                     	;# 
  1259     009B                     	;# 
  1260     009B                     	;# 
  1261     009C                     	;# 
  1262     009D                     	;# 
  1263     009E                     	;# 
  1264     009F                     	;# 
  1265     010E                     	;# 
  1266     010F                     	;# 
  1267     0119                     	;# 
  1268     011A                     	;# 
  1269     011B                     	;# 
  1270     011B                     	;# 
  1271     011C                     	;# 
  1272     011D                     	;# 
  1273     011E                     	;# 
  1274     011F                     	;# 
  1275     018C                     	;# 
  1276     018D                     	;# 
  1277     018E                     	;# 
  1278     018F                     	;# 
  1279     0190                     	;# 
  1280     0191                     	;# 
  1281     0192                     	;# 
  1282     020C                     	;# 
  1283     020D                     	;# 
  1284     020E                     	;# 
  1285     020E                     	;# 
  1286     020F                     	;# 
  1287     020F                     	;# 
  1288     0210                     	;# 
  1289     0210                     	;# 
  1290     0211                     	;# 
  1291     0211                     	;# 
  1292     028C                     	;# 
  1293     028C                     	;# 
  1294     028D                     	;# 
  1295     028D                     	;# 
  1296     028E                     	;# 
  1297     028F                     	;# 
  1298     0290                     	;# 
  1299     0291                     	;# 
  1300     030C                     	;# 
  1301     030C                     	;# 
  1302     030D                     	;# 
  1303     030E                     	;# 
  1304     030F                     	;# 
  1305     0310                     	;# 
  1306     0310                     	;# 
  1307     0311                     	;# 
  1308     0312                     	;# 
  1309     0313                     	;# 
  1310     0314                     	;# 
  1311     0314                     	;# 
  1312     0315                     	;# 
  1313     0316                     	;# 
  1314     0318                     	;# 
  1315     0318                     	;# 
  1316     0319                     	;# 
  1317     031A                     	;# 
  1318     059C                     	;# 
  1319     059C                     	;# 
  1320     059D                     	;# 
  1321     059D                     	;# 
  1322     059E                     	;# 
  1323     059F                     	;# 
  1324     070C                     	;# 
  1325     070D                     	;# 
  1326     070E                     	;# 
  1327     0716                     	;# 
  1328     0717                     	;# 
  1329     0718                     	;# 
  1330     080C                     	;# 
  1331     0811                     	;# 
  1332     0813                     	;# 
  1333     0814                     	;# 
  1334     081A                     	;# 
  1335     081A                     	;# 
  1336     081B                     	;# 
  1337     081C                     	;# 
  1338     081C                     	;# 
  1339     081D                     	;# 
  1340     081E                     	;# 
  1341     081F                     	;# 
  1342     088E                     	;# 
  1343     0890                     	;# 
  1344     0891                     	;# 
  1345     0892                     	;# 
  1346     0893                     	;# 
  1347     090C                     	;# 
  1348     1E8F                     	;# 
  1349     1E90                     	;# 
  1350     1E91                     	;# 
  1351     1E92                     	;# 
  1352     1E93                     	;# 
  1353     1E9C                     	;# 
  1354     1EA1                     	;# 
  1355     1EA2                     	;# 
  1356     1EC3                     	;# 
  1357     1EC5                     	;# 
  1358     1EC6                     	;# 
  1359     1EC7                     	;# 
  1360     1ECB                     	;# 
  1361     1ECB                     	;# 
  1362     1ECB                     	;# 
  1363     1ECC                     	;# 
  1364     1ECC                     	;# 
  1365     1ECC                     	;# 
  1366     1F10                     	;# 
  1367     1F11                     	;# 
  1368     1F12                     	;# 
  1369     1F14                     	;# 
  1370     1F15                     	;# 
  1371     1F20                     	;# 
  1372     1F21                     	;# 
  1373     1F22                     	;# 
  1374     1F23                     	;# 
  1375     1F24                     	;# 
  1376     1F25                     	;# 
  1377     1F38                     	;# 
  1378     1F39                     	;# 
  1379     1F3A                     	;# 
  1380     1F3B                     	;# 
  1381     1F3C                     	;# 
  1382     1F3D                     	;# 
  1383     1F3E                     	;# 
  1384     1F3F                     	;# 
  1385     1F4E                     	;# 
  1386     1F4F                     	;# 
  1387     1F50                     	;# 
  1388     1F51                     	;# 
  1389     1F52                     	;# 
  1390     1F53                     	;# 
  1391     1F54                     	;# 
  1392     1F55                     	;# 
  1393     1FE4                     	;# 
  1394     1FE5                     	;# 
  1395     1FE6                     	;# 
  1396     1FE7                     	;# 
  1397     1FE8                     	;# 
  1398     1FE8                     	;# 
  1399     1FE9                     	;# 
  1400     1FEA                     	;# 
  1401     1FEB                     	;# 
  1402     1FED                     	;# 
  1403     1FEE                     	;# 
  1404     1FEF                     	;_avr_t
  1405                           
  1406                           	psect	stringtext1
  1407     067D                     __pstringtext1:
  1408     067D                     _display_font:
  1409     067D  343F               	retlw	63
  1410     067E  3406               	retlw	6
  1411     067F  345B               	retlw	91
  1412     0680  344F               	retlw	79
  1413     0681  3466               	retlw	102
  1414     0682  346D               	retlw	109
  1415     0683  347D               	retlw	125
  1416     0684  3407               	retlw	7
  1417     0685  347F               	retlw	127
  1418     0686  346F               	retlw	111
  1419     0687  3477               	retlw	119
  1420     0688  347C               	retlw	124
  1421     0689  3439               	retlw	57
  1422     068A  345E               	retlw	94
  1423     068B  3479               	retlw	121
  1424     068C  3471               	retlw	113
  1425     068D                     __end_of_display_font:
  1426                           
  1427                           	psect	stringtext2
  1428     06FF                     __pstringtext2:
  1429     06FF                     _display_digit_addr:
  1430     06FF  3434               	retlw	52
  1431     0700  3435               	retlw	53
  1432     0701  3436               	retlw	54
  1433     0702  3437               	retlw	55
  1434     0703                     __end_of_display_digit_addr:
  1435     000B                     _INTCONbits	set	11
  1436     001A                     _LATCbits	set	26
  1437     0014                     _TRISCbits	set	20
  1438     0012                     _TRISAbits	set	18
  1439     009B                     _ADRESL	set	155
  1440     009C                     _ADRESH	set	156
  1441     009D                     _ADCON0bits	set	157
  1442     009E                     _ADCON1bits	set	158
  1443     0119                     _RC1REG	set	281
  1444     011A                     _TX1REG	set	282
  1445     011D                     _RC1STAbits	set	285
  1446     011C                     _SP1BRGH	set	284
  1447     011B                     _SP1BRGL	set	283
  1448     011E                     _TX1STAbits	set	286
  1449     011F                     _BAUD1CONbits	set	287
  1450     018D                     _SSP1ADD	set	397
  1451     0190                     _SSP1CON1bits	set	400
  1452     0190                     _SSP1CON1	set	400
  1453     018C                     _SSP1BUF	set	396
  1454     0191                     _SSP1CON2bits	set	401
  1455     018F                     _SSP1STATbits	set	399
  1456     0191                     _SSP1CON2	set	401
  1457     028D                     _T2PR	set	653
  1458     028E                     _T2CONbits	set	654
  1459     0290                     _T2CLKCONbits	set	656
  1460     0314                     _PWM3DC	set	788
  1461     0316                     _PWM3CONbits	set	790
  1462     0316                     _PWM3CON	set	790
  1463     059E                     _T0CON0	set	1438
  1464     059C                     _TMR0L	set	1436
  1465     059D                     _TMR0H	set	1437
  1466     059F                     _T0CON1	set	1439
  1467     0716                     _PIE0bits	set	1814
  1468     070C                     _PIR0bits	set	1804
  1469     070D                     _PIR1bits	set	1805
  1470     090C                     _FVRCONbits	set	2316
  1471     1EC6                     _SSP1DATPPS	set	7878
  1472     1EC5                     _SSP1CLKPPS	set	7877
  1473     1ECB                     _RXPPS	set	7883
  1474     1E8F                     _PPSLOCKbits	set	7823
  1475     1E8F                     _PPSLOCK	set	7823
  1476     1F4F                     _WPUCbits	set	8015
  1477     1F21                     _RC1PPS	set	7969
  1478     1F22                     _RC2PPS	set	7970
  1479     1F24                     _RC4PPS	set	7972
  1480     1F20                     _RC0PPS	set	7968
  1481     1F4E                     _ANSELCbits	set	8014
  1482     1F38                     _ANSELAbits	set	7992
  1483                           
  1484                           	psect	cinit
  1485     0015                     start_initialization:	
  1486                           ; #config settings
  1487                           
  1488     0015                     __initialization:	;BIGRAM
  1489                           
  1490                           ; Clear objects allocated to BIGRAM
  1491     0015  308C               	movlw	low (0+8332)
  1492     0016  0084               	movwf	4
  1493     0017  3020               	movlw	high (0+8332)
  1494     0018  0085               	movwf	5
  1495     0019  3064               	movlw	100
  1496     001A  00FE               	movwf	btemp
  1497     001B  3000               	movlw	0
  1498     001C  00FF               	movwf	btemp+1
  1499     001D  26BA               	fcall	clear_ram0
  1500                           
  1501                           ; Clear objects allocated to BANK0
  1502     001E  0140               	movlb	0	; select bank0
  1503     001F  01E2               	clrf	__pbssBANK0& (0+127)
  1504     0020  01E3               	clrf	(__pbssBANK0+1)& (0+127)
  1505     0021  01E4               	clrf	(__pbssBANK0+2)& (0+127)
  1506     0022  01E5               	clrf	(__pbssBANK0+3)& (0+127)
  1507     0023  01E6               	clrf	(__pbssBANK0+4)& (0+127)
  1508                           
  1509                           ; Clear objects allocated to BANK1
  1510     0024  30B3               	movlw	low __pbssBANK1
  1511     0025  0084               	movwf	4
  1512     0026  3000               	movlw	high __pbssBANK1
  1513     0027  0085               	movwf	5
  1514     0028  300A               	movlw	10
  1515     0029  00FE               	movwf	btemp
  1516     002A  3000               	movlw	0
  1517     002B  00FF               	movwf	btemp+1
  1518     002C  26BA               	fcall	clear_ram0
  1519     002D                     end_of_initialization:	
  1520                           ;End of C runtime variable initialization code
  1521                           
  1522     002D                     __end_of__initialization:
  1523     002D  107E               	bcf	int$flags,0	;clear compiler interrupt flag (level 1)
  1524     002E  0140               	movlb	0
  1525     002F  2830               	ljmp	_main	;jump to C main() function
  1526                           
  1527                           	psect	bssBANK0
  1528     0062                     __pbssBANK0:
  1529     0062                     _i_PID:
  1530     0062                     	ds	4
  1531     0066                     _s_ctrl_reg:
  1532     0066                     	ds	1
  1533                           
  1534                           	psect	bssBANK1
  1535     00B3                     __pbssBANK1:
  1536     00B3                     _temp_avg:
  1537     00B3                     	ds	2
  1538     00B5                     _tick_pid:
  1539     00B5                     	ds	2
  1540     00B7                     _tick_1s:
  1541     00B7                     	ds	2
  1542     00B9                     _ADC_Read_i:
  1543     00B9                     	ds	1
  1544     00BA                     _SW_Dp:
  1545     00BA                     	ds	1
  1546     00BB                     _pid_en:
  1547     00BB                     	ds	1
  1548     00BC                     _tick_1ms:
  1549     00BC                     	ds	1
  1550                           
  1551                           	psect	clrtext
  1552     06BA                     clear_ram0:	
  1553                           ;	Called with FSR0 containing the base address, and
  1554                           ;	btemp/btemp+1 has the size to clear
  1555                           
  1556     06BA  0064               	clrwdt	;clear the watchdog before getting into this loop
  1557     06BB                     clrloop0:
  1558     06BB  0180               	clrf	0	;clear RAM location pointed to by FSR
  1559     06BC  3101               	addfsr 0,1
  1560     06BD  3001               	movlw	1
  1561     06BE  02FE               	subwf	126,f
  1562     06BF  3000               	movlw	0
  1563     06C0  3BFF               	subwfb	127,f
  1564     06C1  087F               	movf	127,w
  1565     06C2  047E               	iorwf	126,w
  1566     06C3  1903               	btfsc	3,2
  1567     06C4  3400               	retlw	0	;all done for this memory range, return
  1568     06C5  2EBB               	goto	clrloop0	;have we reached the end yet?
  1569                           
  1570                           	psect	cstackBANK1
  1571     00A0                     __pcstackBANK1:
  1572     00A0                     main@temp_avg_c:
  1573                           
  1574                           ; 2 bytes @ 0x0
  1575     00A0                     	ds	2
  1576     00A2                     main@sum:
  1577                           
  1578                           ; 4 bytes @ 0x2
  1579     00A2                     	ds	4
  1580     00A6                     main@oldsrt_temp:
  1581                           
  1582                           ; 2 bytes @ 0x6
  1583     00A6                     	ds	2
  1584     00A8                     _main$1602:
  1585                           
  1586                           ; 4 bytes @ 0x8
  1587     00A8                     	ds	4
  1588     00AC                     main@dtt:
  1589                           
  1590                           ; 4 bytes @ 0xC
  1591     00AC                     	ds	4
  1592     00B0                     main@p:
  1593                           
  1594                           ; 1 bytes @ 0x10
  1595     00B0                     	ds	1
  1596     00B1                     main@srt_temp:
  1597                           
  1598                           ; 2 bytes @ 0x11
  1599     00B1                     	ds	2
  1600                           
  1601                           	psect	cstackCOMMON
  1602     0070                     __pcstackCOMMON:
  1603     0070                     ?_ADC_Init:
  1604     0070                     ??_ADC_Init:	
  1605                           ; 1 bytes @ 0x0
  1606                           
  1607     0070                     ?_Timer0_1ms_Init:	
  1608                           ; 1 bytes @ 0x0
  1609                           
  1610     0070                     ??_Timer0_1ms_Init:	
  1611                           ; 1 bytes @ 0x0
  1612                           
  1613     0070                     ?_PWM_Init:	
  1614                           ; 1 bytes @ 0x0
  1615                           
  1616     0070                     ?_I2C1_Init:	
  1617                           ; 1 bytes @ 0x0
  1618                           
  1619     0070                     ??_I2C1_Init:	
  1620                           ; 1 bytes @ 0x0
  1621                           
  1622     0070                     ?_display_init:	
  1623                           ; 1 bytes @ 0x0
  1624                           
  1625     0070                     ?_display_set_brightness:	
  1626                           ; 1 bytes @ 0x0
  1627                           
  1628     0070                     ?_PWM_SetDuty:	
  1629                           ; 1 bytes @ 0x0
  1630                           
  1631     0070                     ?_display_clear_all:	
  1632                           ; 1 bytes @ 0x0
  1633                           
  1634     0070                     ?_pins:	
  1635                           ; 1 bytes @ 0x0
  1636                           
  1637     0070                     ??_pins:	
  1638                           ; 1 bytes @ 0x0
  1639                           
  1640     0070                     ?_main:	
  1641                           ; 1 bytes @ 0x0
  1642                           
  1643     0070                     ?_display_push_ctrl:	
  1644                           ; 1 bytes @ 0x0
  1645                           
  1646     0070                     ?_display_clear_digit:	
  1647                           ; 1 bytes @ 0x0
  1648                           
  1649     0070                     ?_I2C1_WaitIdle:	
  1650                           ; 1 bytes @ 0x0
  1651                           
  1652     0070                     ??_I2C1_WaitIdle:	
  1653                           ; 1 bytes @ 0x0
  1654                           
  1655     0070                     ?_I2C1_Start:	
  1656                           ; 1 bytes @ 0x0
  1657                           
  1658     0070                     ??_I2C1_Start:	
  1659                           ; 1 bytes @ 0x0
  1660                           
  1661     0070                     ?_I2C1_Stop:	
  1662                           ; 1 bytes @ 0x0
  1663                           
  1664     0070                     ??_I2C1_Stop:	
  1665                           ; 1 bytes @ 0x0
  1666                           
  1667     0070                     ?_I2C1_PutByte:	
  1668                           ; 1 bytes @ 0x0
  1669                           
  1670     0070                     ??_I2C1_PutByte:	
  1671                           ; 1 bytes @ 0x0
  1672                           
  1673     0070                     ?_ISR:	
  1674                           ; 1 bytes @ 0x0
  1675                           
  1676     0070                     ??_ISR:	
  1677                           ; 1 bytes @ 0x0
  1678                           
  1679     0070                     ?___lwdiv:	
  1680                           ; 1 bytes @ 0x0
  1681                           
  1682     0070                     ?___lwmod:	
  1683                           ; 2 bytes @ 0x0
  1684                           
  1685     0070                     ?___lmul:	
  1686                           ; 2 bytes @ 0x0
  1687                           
  1688     0070                     ?___aldiv:	
  1689                           ; 4 bytes @ 0x0
  1690                           
  1691     0070                     I2C1_PutByte@b:	
  1692                           ; 4 bytes @ 0x0
  1693                           
  1694     0070                     PWM_SetDuty@permille:	
  1695                           ; 1 bytes @ 0x0
  1696                           
  1697     0070                     ___lwdiv@divisor:	
  1698                           ; 2 bytes @ 0x0
  1699                           
  1700     0070                     ___lwmod@divisor:	
  1701                           ; 2 bytes @ 0x0
  1702                           
  1703     0070                     ___lmul@multiplier:	
  1704                           ; 2 bytes @ 0x0
  1705                           
  1706     0070                     ___aldiv@divisor:	
  1707                           ; 4 bytes @ 0x0
  1708                           
  1709                           
  1710                           ; 4 bytes @ 0x0
  1711     0070                     	ds	1
  1712     0071                     ?_I2C1_Write:
  1713     0071                     I2C1_Write@data:	
  1714                           ; 1 bytes @ 0x1
  1715                           
  1716                           
  1717                           ; 1 bytes @ 0x1
  1718     0071                     	ds	1
  1719     0072                     ??_PWM_SetDuty:
  1720     0072                     I2C1_Write@len:	
  1721                           ; 1 bytes @ 0x2
  1722                           
  1723     0072                     ___lwdiv@dividend:	
  1724                           ; 1 bytes @ 0x2
  1725                           
  1726     0072                     ___lwmod@dividend:	
  1727                           ; 2 bytes @ 0x2
  1728                           
  1729                           
  1730                           ; 2 bytes @ 0x2
  1731     0072                     	ds	1
  1732     0073                     ??_I2C1_Write:
  1733                           
  1734                           ; 1 bytes @ 0x3
  1735     0073                     	ds	1
  1736     0074                     ??_PWM_Init:
  1737     0074                     ??___lwdiv:	
  1738                           ; 1 bytes @ 0x4
  1739                           
  1740     0074                     ??___lwmod:	
  1741                           ; 1 bytes @ 0x4
  1742                           
  1743     0074                     I2C1_Write@addr7:	
  1744                           ; 1 bytes @ 0x4
  1745                           
  1746     0074                     ___lmul@multiplicand:	
  1747                           ; 1 bytes @ 0x4
  1748                           
  1749     0074                     ___aldiv@dividend:	
  1750                           ; 4 bytes @ 0x4
  1751                           
  1752                           
  1753                           ; 4 bytes @ 0x4
  1754     0074                     	ds	1
  1755     0075                     I2C1_Write@i:
  1756     0075                     ___lwmod@counter:	
  1757                           ; 1 bytes @ 0x5
  1758                           
  1759     0075                     ___lwdiv@quotient:	
  1760                           ; 1 bytes @ 0x5
  1761                           
  1762                           
  1763                           ; 2 bytes @ 0x5
  1764     0075                     	ds	1
  1765     0076                     I2C1_Write@ok:
  1766                           
  1767                           ; 1 bytes @ 0x6
  1768     0076                     	ds	1
  1769     0077                     ?_I2C1_WriteByte:
  1770     0077                     I2C1_WriteByte@data:	
  1771                           ; 1 bytes @ 0x7
  1772                           
  1773     0077                     ___lwdiv@counter:	
  1774                           ; 1 bytes @ 0x7
  1775                           
  1776                           
  1777                           ; 1 bytes @ 0x7
  1778     0077                     	ds	1
  1779     0078                     ??_I2C1_WriteByte:
  1780     0078                     ??___lmul:	
  1781                           ; 1 bytes @ 0x8
  1782                           
  1783     0078                     ??___aldiv:	
  1784                           ; 1 bytes @ 0x8
  1785                           
  1786     0078                     I2C1_WriteByte@addr7:	
  1787                           ; 1 bytes @ 0x8
  1788                           
  1789     0078                     ___lmul@product:	
  1790                           ; 1 bytes @ 0x8
  1791                           
  1792                           
  1793                           ; 4 bytes @ 0x8
  1794     0078                     	ds	1
  1795     0079                     ??_display_set_brightness:
  1796     0079                     ??_display_push_ctrl:	
  1797                           ; 1 bytes @ 0x9
  1798                           
  1799     0079                     ?_display_write_digit_raw:	
  1800                           ; 1 bytes @ 0x9
  1801                           
  1802     0079                     display_write_digit_raw@segments:	
  1803                           ; 1 bytes @ 0x9
  1804                           
  1805                           
  1806                           ; 1 bytes @ 0x9
  1807     0079                     	ds	1
  1808     007A                     ??_display_write_digit_raw:
  1809     007A                     display_set_brightness@brightness:	
  1810                           ; 1 bytes @ 0xA
  1811                           
  1812     007A                     display_write_digit_raw@position:	
  1813                           ; 1 bytes @ 0xA
  1814                           
  1815                           
  1816                           ; 1 bytes @ 0xA
  1817     007A                     	ds	1
  1818     007B                     ?_display_write_digit_hex:
  1819     007B                     ??_display_clear_digit:	
  1820                           ; 1 bytes @ 0xB
  1821                           
  1822     007B                     display_write_digit_hex@value:	
  1823                           ; 1 bytes @ 0xB
  1824                           
  1825     007B                     display_clear_digit@position:	
  1826                           ; 1 bytes @ 0xB
  1827                           
  1828                           
  1829                           ; 1 bytes @ 0xB
  1830     007B                     	ds	1
  1831     007C                     ??_display_clear_all:
  1832     007C                     ??___lldiv:	
  1833                           ; 1 bytes @ 0xC
  1834                           
  1835     007C                     display_write_digit_hex@dot:	
  1836                           ; 1 bytes @ 0xC
  1837                           
  1838                           
  1839                           ; 1 bytes @ 0xC
  1840     007C                     	ds	1
  1841     007D                     ??_display_init:
  1842     007D                     ??_ADC_Read:	
  1843                           ; 1 bytes @ 0xD
  1844                           
  1845     007D                     ??_display_write_number:	
  1846                           ; 1 bytes @ 0xD
  1847                           
  1848     007D                     ??_display_write_digit_hex:	
  1849                           ; 1 bytes @ 0xD
  1850                           
  1851                           
  1852                           ; 1 bytes @ 0xD
  1853     007D                     	ds	1
  1854                           
  1855                           	psect	cstackBANK0
  1856     0020                     __pcstackBANK0:
  1857     0020                     ?___lldiv:
  1858     0020                     display_write_digit_hex@position:	
  1859                           ; 4 bytes @ 0x0
  1860                           
  1861     0020                     _display_clear_all$663:	
  1862                           ; 1 bytes @ 0x0
  1863                           
  1864     0020                     ___aldiv@counter:	
  1865                           ; 1 bytes @ 0x0
  1866                           
  1867     0020                     ___lldiv@divisor:	
  1868                           ; 1 bytes @ 0x0
  1869                           
  1870                           
  1871                           ; 4 bytes @ 0x0
  1872     0020                     	ds	1
  1873     0021                     display_write_digit_hex@segs:
  1874     0021                     display_clear_all@ok:	
  1875                           ; 1 bytes @ 0x1
  1876                           
  1877     0021                     ___aldiv@sign:	
  1878                           ; 1 bytes @ 0x1
  1879                           
  1880                           
  1881                           ; 1 bytes @ 0x1
  1882     0021                     	ds	1
  1883     0022                     ?_display_write_number:
  1884     0022                     display_clear_all@i:	
  1885                           ; 1 bytes @ 0x2
  1886                           
  1887     0022                     display_write_number@value:	
  1888                           ; 1 bytes @ 0x2
  1889                           
  1890     0022                     ___aldiv@quotient:	
  1891                           ; 2 bytes @ 0x2
  1892                           
  1893                           
  1894                           ; 4 bytes @ 0x2
  1895     0022                     	ds	2
  1896     0024                     display_write_number@digits:
  1897     0024                     ___lldiv@dividend:	
  1898                           ; 4 bytes @ 0x4
  1899                           
  1900                           
  1901                           ; 4 bytes @ 0x4
  1902     0024                     	ds	4
  1903     0028                     display_write_number@isLast:
  1904     0028                     ___lldiv@quotient:	
  1905                           ; 1 bytes @ 0x8
  1906                           
  1907                           
  1908                           ; 4 bytes @ 0x8
  1909     0028                     	ds	1
  1910     0029                     display_write_number@leading:
  1911                           
  1912                           ; 1 bytes @ 0x9
  1913     0029                     	ds	1
  1914     002A                     _display_write_number$672:
  1915                           
  1916                           ; 1 bytes @ 0xA
  1917     002A                     	ds	1
  1918     002B                     _display_write_number$674:
  1919                           
  1920                           ; 1 bytes @ 0xB
  1921     002B                     	ds	1
  1922     002C                     display_write_number@ok:
  1923     002C                     ___lldiv@counter:	
  1924                           ; 1 bytes @ 0xC
  1925                           
  1926                           
  1927                           ; 1 bytes @ 0xC
  1928     002C                     	ds	1
  1929     002D                     ?_UART_Init:
  1930     002D                     ?_ADC_Read:	
  1931                           ; 1 bytes @ 0xD
  1932                           
  1933     002D                     display_write_number@i:	
  1934                           ; 2 bytes @ 0xD
  1935                           
  1936     002D                     UART_Init@baud:	
  1937                           ; 1 bytes @ 0xD
  1938                           
  1939                           
  1940                           ; 4 bytes @ 0xD
  1941     002D                     	ds	1
  1942     002E                     display_write_number@i_670:
  1943                           
  1944                           ; 1 bytes @ 0xE
  1945     002E                     	ds	1
  1946     002F                     _ADC_Read$482:
  1947                           
  1948                           ; 2 bytes @ 0xF
  1949     002F                     	ds	2
  1950     0031                     ??_UART_Init:
  1951     0031                     ADC_Read@adc:	
  1952                           ; 1 bytes @ 0x11
  1953                           
  1954                           
  1955                           ; 2 bytes @ 0x11
  1956     0031                     	ds	2
  1957     0033                     ADC_Read@channel:
  1958                           
  1959                           ; 1 bytes @ 0x13
  1960     0033                     	ds	1
  1961     0034                     ?_tempSit:
  1962     0034                     tempSit@tempNa:	
  1963                           ; 1 bytes @ 0x14
  1964                           
  1965                           
  1966                           ; 2 bytes @ 0x14
  1967     0034                     	ds	1
  1968     0035                     UART_Init@spbrg:
  1969                           
  1970                           ; 4 bytes @ 0x15
  1971     0035                     	ds	1
  1972     0036                     ??_tempSit:
  1973                           
  1974                           ; 1 bytes @ 0x16
  1975     0036                     	ds	4
  1976     003A                     tempSit@temp_now:
  1977                           
  1978                           ; 4 bytes @ 0x1A
  1979     003A                     	ds	4
  1980     003E                     tempSit@set_now:
  1981                           
  1982                           ; 4 bytes @ 0x1E
  1983     003E                     	ds	4
  1984     0042                     tempSit@iterm_now:
  1985                           
  1986                           ; 4 bytes @ 0x22
  1987     0042                     	ds	4
  1988     0046                     tempSit@iterm:
  1989                           
  1990                           ; 4 bytes @ 0x26
  1991     0046                     	ds	4
  1992     004A                     tempSit@p:
  1993                           
  1994                           ; 4 bytes @ 0x2A
  1995     004A                     	ds	4
  1996     004E                     tempSit@duty_check:
  1997                           
  1998                           ; 4 bytes @ 0x2E
  1999     004E                     	ds	4
  2000     0052                     tempSit@duty:
  2001                           
  2002                           ; 4 bytes @ 0x32
  2003     0052                     	ds	4
  2004     0056                     tempSit@err:
  2005                           
  2006                           ; 4 bytes @ 0x36
  2007     0056                     	ds	4
  2008     005A                     ??_main:
  2009                           
  2010                           ; 1 bytes @ 0x3A
  2011     005A                     	ds	8
  2012                           
  2013                           	psect	maintext
  2014     0030                     __pmaintext:	
  2015 ;;
  2016 ;;Main: autosize = 0, tempsize = 8, incstack = 0, save=0
  2017 ;;
  2018 ;; *************** function _main *****************
  2019 ;; Defined at:
  2020 ;;		line 29 in file "main.c"
  2021 ;; Parameters:    Size  Location     Type
  2022 ;;		None
  2023 ;; Auto vars:     Size  Location     Type
  2024 ;;  p               1   16[BANK1 ] unsigned char 
  2025 ;;  sum             4    2[BANK1 ] unsigned long 
  2026 ;;  temp_avg_c      2    0[BANK1 ] unsigned short 
  2027 ;;  dtt             4   12[BANK1 ] long 
  2028 ;;  srt_temp        2   17[BANK1 ] unsigned short 
  2029 ;;  oldsrt_temp     2    6[BANK1 ] unsigned short 
  2030 ;; Return value:  Size  Location     Type
  2031 ;;                  1    wreg      void 
  2032 ;; Registers used:
  2033 ;;		wreg, fsr0l, fsr0h, fsr1l, fsr1h, status,2, status,0, pclath, cstack
  2034 ;; Tracked objects:
  2035 ;;		On entry : B3F/0
  2036 ;;		On exit  : 0/0
  2037 ;;		Unchanged: 0/0
  2038 ;; Data sizes:     COMMON   BANK0   BANK1   BANK2
  2039 ;;      Params:         0       0       0       0
  2040 ;;      Locals:         0       0      19       0
  2041 ;;      Temps:          0       8       0       0
  2042 ;;      Totals:         0       8      19       0
  2043 ;;Total ram usage:       27 bytes
  2044 ;; Hardware stack levels required when called: 9
  2045 ;; This function calls:
  2046 ;;		_ADC_Init
  2047 ;;		_ADC_Read
  2048 ;;		_I2C1_Init
  2049 ;;		_PWM_Init
  2050 ;;		_Timer0_1ms_Init
  2051 ;;		_UART_Init
  2052 ;;		___lldiv
  2053 ;;		___lmul
  2054 ;;		_display_init
  2055 ;;		_display_set_brightness
  2056 ;;		_display_write_number
  2057 ;;		_pins
  2058 ;;		_tempSit
  2059 ;; This function is called by:
  2060 ;;		Startup code after reset
  2061 ;; This function uses a non-reentrant model
  2062 ;;
  2063                           
  2064     0030                     _main:	
  2065                           ;psect for function _main
  2066                           
  2067                           
  2068                           ;main.c: 33:     pins();
  2069                           
  2070                           ;incstack = 0
  2071                           ; Regs used in _main: [wreg-fsr1h+status,2+status,0+pclath+cstack]
  2072     0030  2505               	fcall	_pins
  2073                           
  2074                           ;main.c: 35:     UART_Init(9600);
  2075     0031  3000               	movlw	0
  2076     0032  0140               	movlb	0	; select bank0
  2077     0033  00B0               	movwf	UART_Init@baud+3
  2078     0034  3000               	movlw	0
  2079     0035  00AF               	movwf	UART_Init@baud+2
  2080     0036  3025               	movlw	37
  2081     0037  00AE               	movwf	UART_Init@baud+1
  2082     0038  3080               	movlw	128
  2083     0039  00AD               	movwf	UART_Init@baud
  2084     003A  24B7               	fcall	_UART_Init
  2085                           
  2086                           ;main.c: 37:     ADC_Init();
  2087     003B  269D               	fcall	_ADC_Init
  2088                           
  2089                           ;main.c: 39:     Timer0_1ms_Init();
  2090     003C  268D               	fcall	_Timer0_1ms_Init
  2091                           
  2092                           ;main.c: 41:     PWM_Init();
  2093     003D  263E               	fcall	_PWM_Init
  2094                           
  2095                           ;main.c: 43:     I2C1_Init();
  2096     003E  26C6               	fcall	_I2C1_Init
  2097                           
  2098                           ;main.c: 45:     display_init();
  2099     003F  26E2               	fcall	_display_init
  2100                           
  2101                           ;main.c: 47:     display_set_brightness(1);
  2102     0040  3001               	movlw	1
  2103     0041  2656               	fcall	_display_set_brightness
  2104                           
  2105                           ;main.c: 52:     uint16_t srt_temp =
  2106     0042  3004               	movlw	4
  2107     0043  2406               	fcall	_ADC_Read
  2108     0044  0140               	movlb	0	; select bank0
  2109     0045  082D               	movf	?_ADC_Read,w
  2110     0046  0141               	movlb	1	; select bank1
  2111     0047  00A8               	movwf	_main$1602^(0+128)
  2112     0048  0140               	movlb	0	; select bank0
  2113     0049  082E               	movf	?_ADC_Read+1,w
  2114     004A  0141               	movlb	1	; select bank1
  2115     004B  00A9               	movwf	(_main$1602^(0+128)+1)
  2116     004C  01AA               	clrf	(_main$1602^(0+128)+2)
  2117     004D  01AB               	clrf	(_main$1602^(0+128)+3)
  2118                           
  2119                           ;main.c: 52:     uint16_t srt_temp =
  2120     004E  3000               	movlw	0
  2121     004F  0140               	movlb	0	; select bank0
  2122     0050  00A3               	movwf	___lldiv@divisor+3
  2123     0051  3000               	movlw	0
  2124     0052  00A2               	movwf	___lldiv@divisor+2
  2125     0053  3002               	movlw	2
  2126     0054  00A1               	movwf	___lldiv@divisor+1
  2127     0055  3029               	movlw	41
  2128     0056  00A0               	movwf	___lldiv@divisor
  2129     0057  0141               	movlb	1	; select bank1
  2130     0058  082B               	movf	(_main$1602+3)^(0+128),w
  2131     0059  00F3               	movwf	___lmul@multiplier+3
  2132     005A  082A               	movf	(_main$1602+2)^(0+128),w
  2133     005B  00F2               	movwf	___lmul@multiplier+2
  2134     005C  0829               	movf	(_main$1602+1)^(0+128),w
  2135     005D  00F1               	movwf	___lmul@multiplier+1
  2136     005E  0828               	movf	_main$1602^(0+128),w
  2137     005F  00F0               	movwf	___lmul@multiplier
  2138     0060  3000               	movlw	0
  2139     0061  00F7               	movwf	___lmul@multiplicand+3
  2140     0062  3000               	movlw	0
  2141     0063  00F6               	movwf	___lmul@multiplicand+2
  2142     0064  3001               	movlw	1
  2143     0065  00F5               	movwf	___lmul@multiplicand+1
  2144     0066  305F               	movlw	95
  2145     0067  00F4               	movwf	___lmul@multiplicand
  2146     0068  2571               	fcall	___lmul
  2147     0069  0873               	movf	?___lmul+3,w
  2148     006A  0140               	movlb	0	; select bank0
  2149     006B  00A7               	movwf	___lldiv@dividend+3
  2150     006C  0872               	movf	?___lmul+2,w
  2151     006D  00A6               	movwf	___lldiv@dividend+2
  2152     006E  0871               	movf	?___lmul+1,w
  2153     006F  00A5               	movwf	___lldiv@dividend+1
  2154     0070  0870               	movf	?___lmul,w
  2155     0071  00A4               	movwf	___lldiv@dividend
  2156     0072  2464               	fcall	___lldiv
  2157     0073  0140               	movlb	0	; select bank0
  2158     0074  0821               	movf	?___lldiv+1,w
  2159     0075  0141               	movlb	1	; select bank1
  2160     0076  00B2               	movwf	(main@srt_temp+1)^(0+128)
  2161     0077  0140               	movlb	0	; select bank0
  2162     0078  0820               	movf	?___lldiv,w
  2163     0079  0141               	movlb	1	; select bank1
  2164     007A  00B1               	movwf	main@srt_temp^(0+128)
  2165                           
  2166                           ;main.c: 55:     uint16_t oldsrt_temp = srt_temp;
  2167     007B  0832               	movf	(main@srt_temp+1)^(0+128),w
  2168     007C  00A7               	movwf	(main@oldsrt_temp+1)^(0+128)
  2169     007D  0831               	movf	main@srt_temp^(0+128),w
  2170     007E  00A6               	movwf	main@oldsrt_temp^(0+128)
  2171     007F                     l2059:
  2172                           
  2173                           ;main.c: 63:     {;main.c: 69:         srt_temp =
  2174     007F  3004               	movlw	4
  2175     0080  2406               	fcall	_ADC_Read
  2176     0081  0140               	movlb	0	; select bank0
  2177     0082  082D               	movf	?_ADC_Read,w
  2178     0083  0141               	movlb	1	; select bank1
  2179     0084  00A8               	movwf	_main$1602^(0+128)
  2180     0085  0140               	movlb	0	; select bank0
  2181     0086  082E               	movf	?_ADC_Read+1,w
  2182     0087  0141               	movlb	1	; select bank1
  2183     0088  00A9               	movwf	(_main$1602^(0+128)+1)
  2184     0089  01AA               	clrf	(_main$1602^(0+128)+2)
  2185     008A  01AB               	clrf	(_main$1602^(0+128)+3)
  2186                           
  2187                           ;main.c: 63:     {;main.c: 69:         srt_temp =
  2188     008B  3000               	movlw	0
  2189     008C  0140               	movlb	0	; select bank0
  2190     008D  00A3               	movwf	___lldiv@divisor+3
  2191     008E  3000               	movlw	0
  2192     008F  00A2               	movwf	___lldiv@divisor+2
  2193     0090  3002               	movlw	2
  2194     0091  00A1               	movwf	___lldiv@divisor+1
  2195     0092  3029               	movlw	41
  2196     0093  00A0               	movwf	___lldiv@divisor
  2197     0094  0141               	movlb	1	; select bank1
  2198     0095  082B               	movf	(_main$1602+3)^(0+128),w
  2199     0096  00F3               	movwf	___lmul@multiplier+3
  2200     0097  082A               	movf	(_main$1602+2)^(0+128),w
  2201     0098  00F2               	movwf	___lmul@multiplier+2
  2202     0099  0829               	movf	(_main$1602+1)^(0+128),w
  2203     009A  00F1               	movwf	___lmul@multiplier+1
  2204     009B  0828               	movf	_main$1602^(0+128),w
  2205     009C  00F0               	movwf	___lmul@multiplier
  2206     009D  3000               	movlw	0
  2207     009E  00F7               	movwf	___lmul@multiplicand+3
  2208     009F  3000               	movlw	0
  2209     00A0  00F6               	movwf	___lmul@multiplicand+2
  2210     00A1  3001               	movlw	1
  2211     00A2  00F5               	movwf	___lmul@multiplicand+1
  2212     00A3  305F               	movlw	95
  2213     00A4  00F4               	movwf	___lmul@multiplicand
  2214     00A5  2571               	fcall	___lmul
  2215     00A6  0873               	movf	?___lmul+3,w
  2216     00A7  0140               	movlb	0	; select bank0
  2217     00A8  00A7               	movwf	___lldiv@dividend+3
  2218     00A9  0872               	movf	?___lmul+2,w
  2219     00AA  00A6               	movwf	___lldiv@dividend+2
  2220     00AB  0871               	movf	?___lmul+1,w
  2221     00AC  00A5               	movwf	___lldiv@dividend+1
  2222     00AD  0870               	movf	?___lmul,w
  2223     00AE  00A4               	movwf	___lldiv@dividend
  2224     00AF  2464               	fcall	___lldiv
  2225     00B0  0140               	movlb	0	; select bank0
  2226     00B1  0821               	movf	?___lldiv+1,w
  2227     00B2  0141               	movlb	1	; select bank1
  2228     00B3  00B2               	movwf	(main@srt_temp+1)^(0+128)
  2229     00B4  0140               	movlb	0	; select bank0
  2230     00B5  0820               	movf	?___lldiv,w
  2231     00B6  0141               	movlb	1	; select bank1
  2232     00B7  00B1               	movwf	main@srt_temp^(0+128)
  2233                           
  2234                           ;main.c: 77:         if (pid_en)
  2235     00B8  083B               	movf	_pid_en^(0+128),w
  2236     00B9  1903               	btfsc	3,2
  2237     00BA  2954               	goto	l2091
  2238                           
  2239                           ;main.c: 78:         {;main.c: 79:             uint32_t sum = 0;
  2240     00BB  3000               	movlw	0
  2241     00BC  00A5               	movwf	(main@sum+3)^(0+128)
  2242     00BD  3000               	movlw	0
  2243     00BE  00A4               	movwf	(main@sum+2)^(0+128)
  2244     00BF  3000               	movlw	0
  2245     00C0  00A3               	movwf	(main@sum+1)^(0+128)
  2246     00C1  3000               	movlw	0
  2247     00C2  00A2               	movwf	main@sum^(0+128)
  2248                           
  2249                           ;main.c: 84:             for (uint8_t p = 0; p < 50; p++)
  2250     00C3  01B0               	clrf	main@p^(0+128)
  2251     00C4                     l2073:
  2252                           
  2253                           ;main.c: 85:             {;main.c: 86:                 sum += avr_t[p];
  2254     00C4  0830               	movf	main@p^(0+128),w
  2255     00C5  0140               	movlb	0	; select bank0
  2256     00C6  00DA               	movwf	??_main
  2257     00C7  01DB               	clrf	??_main+1
  2258     00C8  35DA               	lslf	??_main,f
  2259     00C9  0DDB               	rlf	??_main+1,f
  2260     00CA  308C               	movlw	140
  2261     00CB  00DC               	movwf	??_main+2
  2262     00CC  3020               	movlw	32
  2263     00CD  00DD               	movwf	??_main+3
  2264     00CE  085A               	movf	??_main,w
  2265     00CF  075C               	addwf	??_main+2,w
  2266     00D0  0086               	movwf	6
  2267     00D1  085B               	movf	??_main+1,w
  2268     00D2  3D5D               	addwfc	??_main+3,w
  2269     00D3  0087               	movwf	7
  2270     00D4  3F40               	moviw [0]fsr1
  2271     00D5  00DE               	movwf	??_main+4
  2272     00D6  3F41               	moviw [1]fsr1
  2273     00D7  00DF               	movwf	??_main+5
  2274     00D8  085E               	movf	??_main+4,w
  2275     00D9  0141               	movlb	1	; select bank1
  2276     00DA  07A2               	addwf	main@sum^(0+128),f
  2277     00DB  0140               	movlb	0	; select bank0
  2278     00DC  085F               	movf	??_main+5,w
  2279     00DD  0141               	movlb	1	; select bank1
  2280     00DE  3DA3               	addwfc	(main@sum+1)^(0+128),f
  2281     00DF  3000               	movlw	0
  2282     00E0  3DA4               	addwfc	(main@sum+2)^(0+128),f
  2283     00E1  3DA5               	addwfc	(main@sum+3)^(0+128),f
  2284                           
  2285                           ;main.c: 87:             }
  2286     00E2  3001               	movlw	1
  2287     00E3  0140               	movlb	0	; select bank0
  2288     00E4  00DA               	movwf	??_main
  2289     00E5  085A               	movf	??_main,w
  2290     00E6  0141               	movlb	1	; select bank1
  2291     00E7  07B0               	addwf	main@p^(0+128),f
  2292     00E8  3032               	movlw	50
  2293     00E9  0230               	subwf	main@p^(0+128),w
  2294     00EA  1C03               	skipc
  2295     00EB  28C4               	goto	l2073
  2296                           
  2297                           ;main.c: 92:             temp_avg =
  2298     00EC  3000               	movlw	0
  2299     00ED  0140               	movlb	0	; select bank0
  2300     00EE  00A3               	movwf	___lldiv@divisor+3
  2301     00EF  3000               	movlw	0
  2302     00F0  00A2               	movwf	___lldiv@divisor+2
  2303     00F1  3000               	movlw	0
  2304     00F2  00A1               	movwf	___lldiv@divisor+1
  2305     00F3  3032               	movlw	50
  2306     00F4  00A0               	movwf	___lldiv@divisor
  2307     00F5  0141               	movlb	1	; select bank1
  2308     00F6  0825               	movf	(main@sum+3)^(0+128),w
  2309     00F7  0140               	movlb	0	; select bank0
  2310     00F8  00A7               	movwf	___lldiv@dividend+3
  2311     00F9  0141               	movlb	1	; select bank1
  2312     00FA  0824               	movf	(main@sum+2)^(0+128),w
  2313     00FB  0140               	movlb	0	; select bank0
  2314     00FC  00A6               	movwf	___lldiv@dividend+2
  2315     00FD  0141               	movlb	1	; select bank1
  2316     00FE  0823               	movf	(main@sum+1)^(0+128),w
  2317     00FF  0140               	movlb	0	; select bank0
  2318     0100  00A5               	movwf	___lldiv@dividend+1
  2319     0101  0141               	movlb	1	; select bank1
  2320     0102  0822               	movf	main@sum^(0+128),w
  2321     0103  0140               	movlb	0	; select bank0
  2322     0104  00A4               	movwf	___lldiv@dividend
  2323     0105  2464               	fcall	___lldiv
  2324     0106  0140               	movlb	0	; select bank0
  2325     0107  0821               	movf	?___lldiv+1,w
  2326     0108  0141               	movlb	1	; select bank1
  2327     0109  00B4               	movwf	(_temp_avg+1)^(0+128)
  2328     010A  0140               	movlb	0	; select bank0
  2329     010B  0820               	movf	?___lldiv,w
  2330     010C  0141               	movlb	1	; select bank1
  2331     010D  00B3               	movwf	_temp_avg^(0+128)
  2332                           
  2333                           ;main.c: 98:             tempSit(temp_avg);
  2334     010E  0834               	movf	(_temp_avg+1)^(0+128),w
  2335     010F  0140               	movlb	0	; select bank0
  2336     0110  00B5               	movwf	tempSit@tempNa+1
  2337     0111  0141               	movlb	1	; select bank1
  2338     0112  0833               	movf	_temp_avg^(0+128),w
  2339     0113  0140               	movlb	0	; select bank0
  2340     0114  00B4               	movwf	tempSit@tempNa
  2341     0115  21E9               	fcall	_tempSit
  2342                           
  2343                           ;main.c: 103:             pid_en = 0;
  2344     0116  0141               	movlb	1	; select bank1
  2345     0117  01BB               	clrf	_pid_en^(0+128)
  2346                           
  2347                           ;main.c: 108:             uint16_t temp_avg_c =
  2348     0118  3000               	movlw	0
  2349     0119  0140               	movlb	0	; select bank0
  2350     011A  00A3               	movwf	___lldiv@divisor+3
  2351     011B  3000               	movlw	0
  2352     011C  00A2               	movwf	___lldiv@divisor+2
  2353     011D  3002               	movlw	2
  2354     011E  00A1               	movwf	___lldiv@divisor+1
  2355     011F  3029               	movlw	41
  2356     0120  00A0               	movwf	___lldiv@divisor
  2357     0121  0141               	movlb	1	; select bank1
  2358     0122  0833               	movf	_temp_avg^(0+128),w
  2359     0123  00F0               	movwf	___lmul@multiplier
  2360     0124  0834               	movf	(_temp_avg+1)^(0+128),w
  2361     0125  00F1               	movwf	___lmul@multiplier+1
  2362     0126  01F2               	clrf	___lmul@multiplier+2
  2363     0127  01F3               	clrf	___lmul@multiplier+3
  2364     0128  3000               	movlw	0
  2365     0129  00F7               	movwf	___lmul@multiplicand+3
  2366     012A  3000               	movlw	0
  2367     012B  00F6               	movwf	___lmul@multiplicand+2
  2368     012C  3001               	movlw	1
  2369     012D  00F5               	movwf	___lmul@multiplicand+1
  2370     012E  305F               	movlw	95
  2371     012F  00F4               	movwf	___lmul@multiplicand
  2372     0130  2571               	fcall	___lmul
  2373     0131  0873               	movf	?___lmul+3,w
  2374     0132  0140               	movlb	0	; select bank0
  2375     0133  00A7               	movwf	___lldiv@dividend+3
  2376     0134  0872               	movf	?___lmul+2,w
  2377     0135  00A6               	movwf	___lldiv@dividend+2
  2378     0136  0871               	movf	?___lmul+1,w
  2379     0137  00A5               	movwf	___lldiv@dividend+1
  2380     0138  0870               	movf	?___lmul,w
  2381     0139  00A4               	movwf	___lldiv@dividend
  2382     013A  2464               	fcall	___lldiv
  2383     013B  0140               	movlb	0	; select bank0
  2384     013C  0821               	movf	?___lldiv+1,w
  2385     013D  0141               	movlb	1	; select bank1
  2386     013E  00A1               	movwf	(main@temp_avg_c+1)^(0+128)
  2387     013F  0140               	movlb	0	; select bank0
  2388     0140  0820               	movf	?___lldiv,w
  2389     0141  0141               	movlb	1	; select bank1
  2390     0142  00A0               	movwf	main@temp_avg_c^(0+128)
  2391                           
  2392                           ;main.c: 114:             if (!SW_Dp)
  2393     0143  083A               	movf	_SW_Dp^(0+128),w
  2394     0144  1D03               	btfss	3,2
  2395     0145  294C               	goto	l2089
  2396                           
  2397                           ;main.c: 115:             {;main.c: 118:                 display_write_number(temp_avg_c
      +                          );
  2398     0146  0821               	movf	(main@temp_avg_c+1)^(0+128),w
  2399     0147  0140               	movlb	0	; select bank0
  2400     0148  00A3               	movwf	display_write_number@value+1
  2401     0149  0141               	movlb	1	; select bank1
  2402     014A  0820               	movf	main@temp_avg_c^(0+128),w
  2403     014B  2951               	goto	L1
  2404     014C                     l2089:	
  2405                           ;main.c: 119:             }
  2406                           
  2407                           
  2408                           ;main.c: 121:             {;main.c: 124:                 display_write_number(srt_temp);
  2409     014C  0832               	movf	(main@srt_temp+1)^(0+128),w
  2410     014D  0140               	movlb	0	; select bank0
  2411     014E  00A3               	movwf	display_write_number@value+1
  2412     014F  0141               	movlb	1	; select bank1
  2413     0150  0831               	movf	main@srt_temp^(0+128),w
  2414     0151                     L1:
  2415     0151  0140               	movlb	0	; select bank0
  2416     0152  00A2               	movwf	display_write_number@value
  2417     0153  238A               	fcall	_display_write_number
  2418     0154                     l2091:
  2419                           
  2420                           ;main.c: 133:         if (tick_1ms)
  2421     0154  0141               	movlb	1	; select bank1
  2422     0155  083C               	movf	_tick_1ms^(0+128),w	;volatile
  2423     0156  1903               	btfsc	3,2
  2424     0157  287F               	goto	l2059
  2425                           
  2426                           ;main.c: 134:         {;main.c: 135:             tick_1ms = 0;
  2427     0158  01BC               	clrf	_tick_1ms^(0+128)	;volatile
  2428                           
  2429                           ;main.c: 142:             avr_t[ADC_Read_i] =
  2430     0159  3005               	movlw	5
  2431     015A  2406               	fcall	_ADC_Read
  2432     015B  0141               	movlb	1	; select bank1
  2433     015C  0839               	movf	_ADC_Read_i^(0+128),w
  2434     015D  0140               	movlb	0	; select bank0
  2435     015E  00DA               	movwf	??_main
  2436     015F  01DB               	clrf	??_main+1
  2437     0160  35DA               	lslf	??_main,f
  2438     0161  0DDB               	rlf	??_main+1,f
  2439     0162  308C               	movlw	140
  2440     0163  00DC               	movwf	??_main+2
  2441     0164  3020               	movlw	32
  2442     0165  00DD               	movwf	??_main+3
  2443     0166  085A               	movf	??_main,w
  2444     0167  075C               	addwf	??_main+2,w
  2445     0168  0086               	movwf	6
  2446     0169  085B               	movf	??_main+1,w
  2447     016A  3D5D               	addwfc	??_main+3,w
  2448     016B  0087               	movwf	7
  2449     016C  082D               	movf	?_ADC_Read,w
  2450     016D  3FC0               	movwi [0]fsr1
  2451     016E  082E               	movf	?_ADC_Read+1,w
  2452     016F  3FC1               	movwi [1]fsr1
  2453                           
  2454                           ;main.c: 146:             ADC_Read_i++;
  2455     0170  3001               	movlw	1
  2456     0171  00DA               	movwf	??_main
  2457     0172  085A               	movf	??_main,w
  2458     0173  0141               	movlb	1	; select bank1
  2459     0174  07B9               	addwf	_ADC_Read_i^(0+128),f
  2460                           
  2461                           ;main.c: 151:             if (ADC_Read_i >= 50)
  2462     0175  3032               	movlw	50
  2463     0176  0239               	subwf	_ADC_Read_i^(0+128),w
  2464     0177  1803               	btfsc	3,0
  2465                           
  2466                           ;main.c: 152:             {;main.c: 153:                 ADC_Read_i = 0;
  2467     0178  01B9               	clrf	_ADC_Read_i^(0+128)
  2468                           
  2469                           ;main.c: 161:             tick_pid++;
  2470     0179  3001               	movlw	1
  2471     017A  07B5               	addwf	_tick_pid^(0+128),f
  2472     017B  3000               	movlw	0
  2473     017C  3DB6               	addwfc	(_tick_pid+1)^(0+128),f
  2474                           
  2475                           ;main.c: 164:             if (tick_pid >= 200)
  2476     017D  3000               	movlw	0
  2477     017E  0236               	subwf	(_tick_pid+1)^(0+128),w
  2478     017F  30C8               	movlw	200
  2479     0180  1903               	skipnz
  2480     0181  0235               	subwf	_tick_pid^(0+128),w
  2481     0182  1C03               	skipc
  2482     0183  2988               	goto	l2111
  2483                           
  2484                           ;main.c: 165:             {;main.c: 166:                 tick_pid = 0;
  2485     0184  01B5               	clrf	_tick_pid^(0+128)
  2486     0185  01B6               	clrf	(_tick_pid+1)^(0+128)
  2487                           
  2488                           ;main.c: 168:                 pid_en = 1;
  2489     0186  01BB               	clrf	_pid_en^(0+128)
  2490     0187  0ABB               	incf	_pid_en^(0+128),f
  2491     0188                     l2111:
  2492                           
  2493                           ;main.c: 176:             if (SW_Dp)
  2494     0188  083A               	movf	_SW_Dp^(0+128),w
  2495     0189  1903               	btfsc	3,2
  2496     018A  2999               	goto	l2117
  2497                           
  2498                           ;main.c: 177:             {;main.c: 178:                 tick_1s++;
  2499     018B  3001               	movlw	1
  2500     018C  07B7               	addwf	_tick_1s^(0+128),f
  2501     018D  3000               	movlw	0
  2502     018E  3DB8               	addwfc	(_tick_1s+1)^(0+128),f
  2503                           
  2504                           ;main.c: 181:                 if (tick_1s >= 3000)
  2505     018F  300B               	movlw	11
  2506     0190  0238               	subwf	(_tick_1s+1)^(0+128),w
  2507     0191  30B8               	movlw	184
  2508     0192  1903               	skipnz
  2509     0193  0237               	subwf	_tick_1s^(0+128),w
  2510     0194  1C03               	skipc
  2511     0195  2999               	goto	l2117
  2512                           
  2513                           ;main.c: 182:                 {;main.c: 183:                     tick_1s = 0;
  2514     0196  01B7               	clrf	_tick_1s^(0+128)
  2515     0197  01B8               	clrf	(_tick_1s+1)^(0+128)
  2516                           
  2517                           ;main.c: 185:                     SW_Dp = 0;
  2518     0198  01BA               	clrf	_SW_Dp^(0+128)
  2519     0199                     l2117:
  2520                           
  2521                           ;main.c: 194:             dtt =
  2522     0199  0826               	movf	main@oldsrt_temp^(0+128),w
  2523     019A  0140               	movlb	0	; select bank0
  2524     019B  00DA               	movwf	??_main
  2525     019C  0141               	movlb	1	; select bank1
  2526     019D  0827               	movf	(main@oldsrt_temp+1)^(0+128),w
  2527     019E  0140               	movlb	0	; select bank0
  2528     019F  00DB               	movwf	??_main+1
  2529     01A0  01DC               	clrf	??_main+2
  2530     01A1  01DD               	clrf	??_main+3
  2531     01A2  0141               	movlb	1	; select bank1
  2532     01A3  0831               	movf	main@srt_temp^(0+128),w
  2533     01A4  0140               	movlb	0	; select bank0
  2534     01A5  00DE               	movwf	??_main+4
  2535     01A6  0141               	movlb	1	; select bank1
  2536     01A7  0832               	movf	(main@srt_temp+1)^(0+128),w
  2537     01A8  0140               	movlb	0	; select bank0
  2538     01A9  00DF               	movwf	??_main+5
  2539     01AA  01E0               	clrf	??_main+6
  2540     01AB  01E1               	clrf	??_main+7
  2541     01AC  085A               	movf	??_main,w
  2542     01AD  02DE               	subwf	??_main+4,f
  2543     01AE  085B               	movf	??_main+1,w
  2544     01AF  3BDF               	subwfb	??_main+5,f
  2545     01B0  085C               	movf	??_main+2,w
  2546     01B1  3BE0               	subwfb	??_main+6,f
  2547     01B2  085D               	movf	??_main+3,w
  2548     01B3  3BE1               	subwfb	??_main+7,f
  2549     01B4  0861               	movf	??_main+7,w
  2550     01B5  0141               	movlb	1	; select bank1
  2551     01B6  00AF               	movwf	(main@dtt+3)^(0+128)
  2552     01B7  0140               	movlb	0	; select bank0
  2553     01B8  0860               	movf	??_main+6,w
  2554     01B9  0141               	movlb	1	; select bank1
  2555     01BA  00AE               	movwf	(main@dtt+2)^(0+128)
  2556     01BB  0140               	movlb	0	; select bank0
  2557     01BC  085F               	movf	??_main+5,w
  2558     01BD  0141               	movlb	1	; select bank1
  2559     01BE  00AD               	movwf	(main@dtt+1)^(0+128)
  2560     01BF  0140               	movlb	0	; select bank0
  2561     01C0  085E               	movf	??_main+4,w
  2562     01C1  0141               	movlb	1	; select bank1
  2563     01C2  00AC               	movwf	main@dtt^(0+128)
  2564                           
  2565                           ;main.c: 201:             if (dtt < 0)
  2566     01C3  1FAF               	btfss	(main@dtt+3)^(0+128),7
  2567     01C4  29D0               	goto	l2123
  2568                           
  2569                           ;main.c: 202:             {;main.c: 203:                 dtt = -dtt;
  2570     01C5  09AC               	comf	main@dtt^(0+128),f
  2571     01C6  09AD               	comf	(main@dtt+1)^(0+128),f
  2572     01C7  09AE               	comf	(main@dtt+2)^(0+128),f
  2573     01C8  09AF               	comf	(main@dtt+3)^(0+128),f
  2574     01C9  0AAC               	incf	main@dtt^(0+128),f
  2575     01CA  1903               	skipnz
  2576     01CB  0AAD               	incf	(main@dtt+1)^(0+128),f
  2577     01CC  1903               	skipnz
  2578     01CD  0AAE               	incf	(main@dtt+2)^(0+128),f
  2579     01CE  1903               	skipnz
  2580     01CF  0AAF               	incf	(main@dtt+3)^(0+128),f
  2581     01D0                     l2123:
  2582                           
  2583                           ;main.c: 211:             if (dtt > 20)
  2584     01D0  1BAF               	btfsc	(main@dtt+3)^(0+128),7
  2585     01D1  287F               	goto	l2059
  2586     01D2  082F               	movf	(main@dtt+3)^(0+128),w
  2587     01D3  1D03               	btfss	3,2
  2588     01D4  29DF               	goto	l2125
  2589     01D5  082E               	movf	(main@dtt+2)^(0+128),w
  2590     01D6  1D03               	btfss	3,2
  2591     01D7  29DF               	goto	l2125
  2592     01D8  082D               	movf	(main@dtt+1)^(0+128),w
  2593     01D9  1D03               	btfss	3,2
  2594     01DA  29DF               	goto	l2125
  2595     01DB  3015               	movlw	21
  2596     01DC  022C               	subwf	main@dtt^(0+128),w
  2597     01DD  1C03               	btfss	3,0
  2598     01DE  287F               	goto	l2059
  2599     01DF                     l2125:
  2600                           
  2601                           ;main.c: 212:             {;main.c: 213:                 oldsrt_temp = srt_temp;
  2602     01DF  0141               	movlb	1	; select bank1
  2603     01E0  0832               	movf	(main@srt_temp+1)^(0+128),w
  2604     01E1  00A7               	movwf	(main@oldsrt_temp+1)^(0+128)
  2605     01E2  0831               	movf	main@srt_temp^(0+128),w
  2606     01E3  00A6               	movwf	main@oldsrt_temp^(0+128)
  2607                           
  2608                           ;main.c: 215:                 SW_Dp = 1;
  2609     01E4  01BA               	clrf	_SW_Dp^(0+128)
  2610     01E5  0ABA               	incf	_SW_Dp^(0+128),f
  2611                           
  2612                           ;main.c: 217:                 tick_1s = 0;
  2613     01E6  01B7               	clrf	_tick_1s^(0+128)
  2614     01E7  01B8               	clrf	(_tick_1s+1)^(0+128)
  2615     01E8  287F               	goto	l2059
  2616     01E9                     __end_of_main:
  2617                           
  2618                           	psect	text1
  2619     01E9                     __ptext1:	
  2620 ;; *************** function _tempSit *****************
  2621 ;; Defined at:
  2622 ;;		line 2 in file "pid.c"
  2623 ;; Parameters:    Size  Location     Type
  2624 ;;  tempNa          2   20[BANK0 ] unsigned short 
  2625 ;; Auto vars:     Size  Location     Type
  2626 ;;  err             4   54[BANK0 ] long 
  2627 ;;  duty            4   50[BANK0 ] long 
  2628 ;;  duty_check      4   46[BANK0 ] long 
  2629 ;;  p               4   42[BANK0 ] long 
  2630 ;;  iterm           4   38[BANK0 ] long 
  2631 ;;  iterm_now       4   34[BANK0 ] long 
  2632 ;;  set_now         4   30[BANK0 ] long 
  2633 ;;  temp_now        4   26[BANK0 ] long 
  2634 ;; Return value:  Size  Location     Type
  2635 ;;                  1    wreg      void 
  2636 ;; Registers used:
  2637 ;;		wreg, status,2, status,0, pclath, cstack
  2638 ;; Tracked objects:
  2639 ;;		On entry : 0/0
  2640 ;;		On exit  : 0/0
  2641 ;;		Unchanged: 0/0
  2642 ;; Data sizes:     COMMON   BANK0   BANK1   BANK2
  2643 ;;      Params:         0       2       0       0
  2644 ;;      Locals:         0      32       0       0
  2645 ;;      Temps:          0       4       0       0
  2646 ;;      Totals:         0      38       0       0
  2647 ;;Total ram usage:       38 bytes
  2648 ;; Hardware stack levels used: 1
  2649 ;; Hardware stack levels required when called: 3
  2650 ;; This function calls:
  2651 ;;		_ADC_Read
  2652 ;;		_PWM_SetDuty
  2653 ;;		___aldiv
  2654 ;;		___lmul
  2655 ;; This function is called by:
  2656 ;;		_main
  2657 ;; This function uses a non-reentrant model
  2658 ;;
  2659                           
  2660     01E9                     _tempSit:	
  2661                           ;psect for function _tempSit
  2662                           
  2663                           
  2664                           ;pid.c: 3: int32_t temp_now = (int32_t)tempNa;
  2665                           
  2666                           ;incstack = 0
  2667                           ; Regs used in _tempSit: [wreg+status,2+status,0+pclath+cstack]
  2668     01E9  0140               	movlb	0	; select bank0
  2669     01EA  0834               	movf	tempSit@tempNa,w
  2670     01EB  00BA               	movwf	tempSit@temp_now
  2671     01EC  0835               	movf	tempSit@tempNa+1,w
  2672     01ED  00BB               	movwf	tempSit@temp_now+1
  2673     01EE  01BC               	clrf	tempSit@temp_now+2
  2674     01EF  01BD               	clrf	tempSit@temp_now+3
  2675                           
  2676                           ;pid.c: 4: int32_t set_now = (int32_t)ADC_Read(4);
  2677     01F0  3004               	movlw	4
  2678     01F1  2406               	fcall	_ADC_Read
  2679     01F2  0140               	movlb	0	; select bank0
  2680     01F3  082D               	movf	?_ADC_Read,w
  2681     01F4  00BE               	movwf	tempSit@set_now
  2682     01F5  082E               	movf	?_ADC_Read+1,w
  2683     01F6  00BF               	movwf	tempSit@set_now+1
  2684     01F7  01C0               	clrf	tempSit@set_now+2
  2685     01F8  01C1               	clrf	tempSit@set_now+3
  2686                           
  2687                           ;pid.c: 6: int32_t err = set_now - temp_now;
  2688     01F9  083A               	movf	tempSit@temp_now,w
  2689     01FA  023E               	subwf	tempSit@set_now,w
  2690     01FB  00B6               	movwf	??_tempSit
  2691     01FC  083B               	movf	tempSit@temp_now+1,w
  2692     01FD  3B3F               	subwfb	tempSit@set_now+1,w
  2693     01FE  00B7               	movwf	??_tempSit+1
  2694     01FF  083C               	movf	tempSit@temp_now+2,w
  2695     0200  3B40               	subwfb	tempSit@set_now+2,w
  2696     0201  00B8               	movwf	??_tempSit+2
  2697     0202  083D               	movf	tempSit@temp_now+3,w
  2698     0203  3B41               	subwfb	tempSit@set_now+3,w
  2699     0204  00B9               	movwf	??_tempSit+3
  2700     0205  0839               	movf	??_tempSit+3,w
  2701     0206  00D9               	movwf	tempSit@err+3
  2702     0207  0838               	movf	??_tempSit+2,w
  2703     0208  00D8               	movwf	tempSit@err+2
  2704     0209  0837               	movf	??_tempSit+1,w
  2705     020A  00D7               	movwf	tempSit@err+1
  2706     020B  0836               	movf	??_tempSit,w
  2707     020C  00D6               	movwf	tempSit@err
  2708                           
  2709                           ;pid.c: 8: int32_t p = err * 5;
  2710     020D  0859               	movf	tempSit@err+3,w
  2711     020E  00F3               	movwf	___lmul@multiplier+3
  2712     020F  0858               	movf	tempSit@err+2,w
  2713     0210  00F2               	movwf	___lmul@multiplier+2
  2714     0211  0857               	movf	tempSit@err+1,w
  2715     0212  00F1               	movwf	___lmul@multiplier+1
  2716     0213  0856               	movf	tempSit@err,w
  2717     0214  00F0               	movwf	___lmul@multiplier
  2718     0215  3000               	movlw	0
  2719     0216  00F7               	movwf	___lmul@multiplicand+3
  2720     0217  3000               	movlw	0
  2721     0218  00F6               	movwf	___lmul@multiplicand+2
  2722     0219  3000               	movlw	0
  2723     021A  00F5               	movwf	___lmul@multiplicand+1
  2724     021B  3005               	movlw	5
  2725     021C  00F4               	movwf	___lmul@multiplicand
  2726     021D  2571               	fcall	___lmul
  2727     021E  0873               	movf	?___lmul+3,w
  2728     021F  0140               	movlb	0	; select bank0
  2729     0220  00CD               	movwf	tempSit@p+3
  2730     0221  0872               	movf	?___lmul+2,w
  2731     0222  00CC               	movwf	tempSit@p+2
  2732     0223  0871               	movf	?___lmul+1,w
  2733     0224  00CB               	movwf	tempSit@p+1
  2734     0225  0870               	movf	?___lmul,w
  2735     0226  00CA               	movwf	tempSit@p
  2736                           
  2737                           ;pid.c: 10: int32_t iterm_now = (i_PID * 1) / 20;
  2738     0227  3000               	movlw	0
  2739     0228  00F3               	movwf	___aldiv@divisor+3
  2740     0229  3000               	movlw	0
  2741     022A  00F2               	movwf	___aldiv@divisor+2
  2742     022B  3000               	movlw	0
  2743     022C  00F1               	movwf	___aldiv@divisor+1
  2744     022D  3014               	movlw	20
  2745     022E  00F0               	movwf	___aldiv@divisor
  2746     022F  0865               	movf	_i_PID+3,w
  2747     0230  00F7               	movwf	___aldiv@dividend+3
  2748     0231  0864               	movf	_i_PID+2,w
  2749     0232  00F6               	movwf	___aldiv@dividend+2
  2750     0233  0863               	movf	_i_PID+1,w
  2751     0234  00F5               	movwf	___aldiv@dividend+1
  2752     0235  0862               	movf	_i_PID,w
  2753     0236  00F4               	movwf	___aldiv@dividend
  2754     0237  2308               	fcall	___aldiv
  2755     0238  0873               	movf	?___aldiv+3,w
  2756     0239  0140               	movlb	0	; select bank0
  2757     023A  00C5               	movwf	tempSit@iterm_now+3
  2758     023B  0872               	movf	?___aldiv+2,w
  2759     023C  00C4               	movwf	tempSit@iterm_now+2
  2760     023D  0871               	movf	?___aldiv+1,w
  2761     023E  00C3               	movwf	tempSit@iterm_now+1
  2762     023F  0870               	movf	?___aldiv,w
  2763     0240  00C2               	movwf	tempSit@iterm_now
  2764                           
  2765                           ;pid.c: 11: int32_t duty_check = iterm_now + p;
  2766     0241  0842               	movf	tempSit@iterm_now,w
  2767     0242  074A               	addwf	tempSit@p,w
  2768     0243  00B6               	movwf	??_tempSit
  2769     0244  0843               	movf	tempSit@iterm_now+1,w
  2770     0245  3D4B               	addwfc	tempSit@p+1,w
  2771     0246  00B7               	movwf	??_tempSit+1
  2772     0247  0844               	movf	tempSit@iterm_now+2,w
  2773     0248  3D4C               	addwfc	tempSit@p+2,w
  2774     0249  00B8               	movwf	??_tempSit+2
  2775     024A  0845               	movf	tempSit@iterm_now+3,w
  2776     024B  3D4D               	addwfc	tempSit@p+3,w
  2777     024C  00B9               	movwf	??_tempSit+3
  2778     024D  0839               	movf	??_tempSit+3,w
  2779     024E  00D1               	movwf	tempSit@duty_check+3
  2780     024F  0838               	movf	??_tempSit+2,w
  2781     0250  00D0               	movwf	tempSit@duty_check+2
  2782     0251  0837               	movf	??_tempSit+1,w
  2783     0252  00CF               	movwf	tempSit@duty_check+1
  2784     0253  0836               	movf	??_tempSit,w
  2785     0254  00CE               	movwf	tempSit@duty_check
  2786                           
  2787                           ;pid.c: 13: if (!((duty_check >= 1000 && err > 0) ||
  2788     0255  1BD1               	btfsc	tempSit@duty_check+3,7
  2789     0256  2A73               	goto	l1929
  2790     0257  0851               	movf	tempSit@duty_check+3,w
  2791     0258  1D03               	btfss	3,2
  2792     0259  2A63               	goto	l1927
  2793     025A  0850               	movf	tempSit@duty_check+2,w
  2794     025B  1D03               	btfss	3,2
  2795     025C  2A63               	goto	l1927
  2796     025D  30E8               	movlw	232
  2797     025E  024E               	subwf	tempSit@duty_check,w
  2798     025F  3003               	movlw	3
  2799     0260  3B4F               	subwfb	tempSit@duty_check+1,w
  2800     0261  1C03               	btfss	3,0
  2801     0262  2A73               	goto	l1929
  2802     0263                     l1927:
  2803     0263  0140               	movlb	0	; select bank0
  2804     0264  1BD9               	btfsc	tempSit@err+3,7
  2805     0265  2A73               	goto	l1929
  2806     0266  0859               	movf	tempSit@err+3,w
  2807     0267  1D03               	btfss	3,2
  2808     0268  2AB1               	goto	l1943
  2809     0269  0858               	movf	tempSit@err+2,w
  2810     026A  1D03               	btfss	3,2
  2811     026B  2AB1               	goto	l1943
  2812     026C  0857               	movf	tempSit@err+1,w
  2813     026D  1D03               	btfss	3,2
  2814     026E  2AB1               	goto	l1943
  2815     026F  3001               	movlw	1
  2816     0270  0256               	subwf	tempSit@err,w
  2817     0271  1803               	btfsc	3,0
  2818     0272  2AB1               	goto	l1943
  2819     0273                     l1929:
  2820     0273  0140               	movlb	0	; select bank0
  2821     0274  1BD1               	btfsc	tempSit@duty_check+3,7
  2822     0275  2A83               	goto	l1931
  2823     0276  0851               	movf	tempSit@duty_check+3,w
  2824     0277  1D03               	btfss	3,2
  2825     0278  2A86               	goto	l1933
  2826     0279  0850               	movf	tempSit@duty_check+2,w
  2827     027A  1D03               	btfss	3,2
  2828     027B  2A86               	goto	l1933
  2829     027C  084F               	movf	tempSit@duty_check+1,w
  2830     027D  1D03               	btfss	3,2
  2831     027E  2A86               	goto	l1933
  2832     027F  3001               	movlw	1
  2833     0280  024E               	subwf	tempSit@duty_check,w
  2834     0281  1803               	btfsc	3,0
  2835     0282  2A86               	goto	l1933
  2836     0283                     l1931:
  2837     0283  0140               	movlb	0	; select bank0
  2838     0284  1BD9               	btfsc	tempSit@err+3,7
  2839     0285  2AB1               	goto	l1943
  2840     0286                     l1933:
  2841                           
  2842                           ;pid.c: 15: {;pid.c: 16:     i_PID += err;
  2843     0286  0140               	movlb	0	; select bank0
  2844     0287  0856               	movf	tempSit@err,w
  2845     0288  07E2               	addwf	_i_PID,f
  2846     0289  0857               	movf	tempSit@err+1,w
  2847     028A  3DE3               	addwfc	_i_PID+1,f
  2848     028B  0858               	movf	tempSit@err+2,w
  2849     028C  3DE4               	addwfc	_i_PID+2,f
  2850     028D  0859               	movf	tempSit@err+3,w
  2851     028E  3DE5               	addwfc	_i_PID+3,f
  2852                           
  2853                           ;pid.c: 18:     if (i_PID > (1000L * 20 / 1))
  2854     028F  1BE5               	btfsc	_i_PID+3,7
  2855     0290  2AA6               	goto	l1939
  2856     0291  0865               	movf	_i_PID+3,w
  2857     0292  1D03               	btfss	3,2
  2858     0293  2A9D               	goto	l1937
  2859     0294  0864               	movf	_i_PID+2,w
  2860     0295  1D03               	btfss	3,2
  2861     0296  2A9D               	goto	l1937
  2862     0297  3021               	movlw	33
  2863     0298  0262               	subwf	_i_PID,w
  2864     0299  304E               	movlw	78
  2865     029A  3B63               	subwfb	_i_PID+1,w
  2866     029B  1C03               	btfss	3,0
  2867     029C  2AA6               	goto	l1939
  2868     029D                     l1937:
  2869                           
  2870                           ;pid.c: 19:         i_PID = 1000L * 20 / 1;
  2871     029D  3000               	movlw	0
  2872     029E  0140               	movlb	0	; select bank0
  2873     029F  00E5               	movwf	_i_PID+3
  2874     02A0  3000               	movlw	0
  2875     02A1  00E4               	movwf	_i_PID+2
  2876     02A2  304E               	movlw	78
  2877     02A3  00E3               	movwf	_i_PID+1
  2878     02A4  3020               	movlw	32
  2879     02A5  00E2               	movwf	_i_PID
  2880     02A6                     l1939:
  2881                           
  2882                           ;pid.c: 21:     if (i_PID < 0)
  2883     02A6  0140               	movlb	0	; select bank0
  2884     02A7  1FE5               	btfss	_i_PID+3,7
  2885     02A8  2AB1               	goto	l1943
  2886                           
  2887                           ;pid.c: 22:         i_PID = 0;
  2888     02A9  3000               	movlw	0
  2889     02AA  00E5               	movwf	_i_PID+3
  2890     02AB  3000               	movlw	0
  2891     02AC  00E4               	movwf	_i_PID+2
  2892     02AD  3000               	movlw	0
  2893     02AE  00E3               	movwf	_i_PID+1
  2894     02AF  3000               	movlw	0
  2895     02B0  00E2               	movwf	_i_PID
  2896     02B1                     l1943:
  2897                           
  2898                           ;pid.c: 25: int32_t iterm = (i_PID * 1) / 20;
  2899     02B1  3000               	movlw	0
  2900     02B2  00F3               	movwf	___aldiv@divisor+3
  2901     02B3  3000               	movlw	0
  2902     02B4  00F2               	movwf	___aldiv@divisor+2
  2903     02B5  3000               	movlw	0
  2904     02B6  00F1               	movwf	___aldiv@divisor+1
  2905     02B7  3014               	movlw	20
  2906     02B8  00F0               	movwf	___aldiv@divisor
  2907     02B9  0140               	movlb	0	; select bank0
  2908     02BA  0865               	movf	_i_PID+3,w
  2909     02BB  00F7               	movwf	___aldiv@dividend+3
  2910     02BC  0864               	movf	_i_PID+2,w
  2911     02BD  00F6               	movwf	___aldiv@dividend+2
  2912     02BE  0863               	movf	_i_PID+1,w
  2913     02BF  00F5               	movwf	___aldiv@dividend+1
  2914     02C0  0862               	movf	_i_PID,w
  2915     02C1  00F4               	movwf	___aldiv@dividend
  2916     02C2  2308               	fcall	___aldiv
  2917     02C3  0873               	movf	?___aldiv+3,w
  2918     02C4  0140               	movlb	0	; select bank0
  2919     02C5  00C9               	movwf	tempSit@iterm+3
  2920     02C6  0872               	movf	?___aldiv+2,w
  2921     02C7  00C8               	movwf	tempSit@iterm+2
  2922     02C8  0871               	movf	?___aldiv+1,w
  2923     02C9  00C7               	movwf	tempSit@iterm+1
  2924     02CA  0870               	movf	?___aldiv,w
  2925     02CB  00C6               	movwf	tempSit@iterm
  2926                           
  2927                           ;pid.c: 26: int32_t duty = iterm + p;
  2928     02CC  0846               	movf	tempSit@iterm,w
  2929     02CD  074A               	addwf	tempSit@p,w
  2930     02CE  00B6               	movwf	??_tempSit
  2931     02CF  0847               	movf	tempSit@iterm+1,w
  2932     02D0  3D4B               	addwfc	tempSit@p+1,w
  2933     02D1  00B7               	movwf	??_tempSit+1
  2934     02D2  0848               	movf	tempSit@iterm+2,w
  2935     02D3  3D4C               	addwfc	tempSit@p+2,w
  2936     02D4  00B8               	movwf	??_tempSit+2
  2937     02D5  0849               	movf	tempSit@iterm+3,w
  2938     02D6  3D4D               	addwfc	tempSit@p+3,w
  2939     02D7  00B9               	movwf	??_tempSit+3
  2940     02D8  0839               	movf	??_tempSit+3,w
  2941     02D9  00D5               	movwf	tempSit@duty+3
  2942     02DA  0838               	movf	??_tempSit+2,w
  2943     02DB  00D4               	movwf	tempSit@duty+2
  2944     02DC  0837               	movf	??_tempSit+1,w
  2945     02DD  00D3               	movwf	tempSit@duty+1
  2946     02DE  0836               	movf	??_tempSit,w
  2947     02DF  00D2               	movwf	tempSit@duty
  2948                           
  2949                           ;pid.c: 28: if (duty > 1000)
  2950     02E0  1BD5               	btfsc	tempSit@duty+3,7
  2951     02E1  2AF7               	goto	l1951
  2952     02E2  0855               	movf	tempSit@duty+3,w
  2953     02E3  1D03               	btfss	3,2
  2954     02E4  2AEE               	goto	l1949
  2955     02E5  0854               	movf	tempSit@duty+2,w
  2956     02E6  1D03               	btfss	3,2
  2957     02E7  2AEE               	goto	l1949
  2958     02E8  30E9               	movlw	233
  2959     02E9  0252               	subwf	tempSit@duty,w
  2960     02EA  3003               	movlw	3
  2961     02EB  3B53               	subwfb	tempSit@duty+1,w
  2962     02EC  1C03               	btfss	3,0
  2963     02ED  2AF7               	goto	l1951
  2964     02EE                     l1949:
  2965                           
  2966                           ;pid.c: 29:     duty = 1000;
  2967     02EE  3000               	movlw	0
  2968     02EF  0140               	movlb	0	; select bank0
  2969     02F0  00D5               	movwf	tempSit@duty+3
  2970     02F1  3000               	movlw	0
  2971     02F2  00D4               	movwf	tempSit@duty+2
  2972     02F3  3003               	movlw	3
  2973     02F4  00D3               	movwf	tempSit@duty+1
  2974     02F5  30E8               	movlw	232
  2975     02F6  00D2               	movwf	tempSit@duty
  2976     02F7                     l1951:
  2977                           
  2978                           ;pid.c: 31: if (duty < 0)
  2979     02F7  0140               	movlb	0	; select bank0
  2980     02F8  1FD5               	btfss	tempSit@duty+3,7
  2981     02F9  2B02               	goto	l1955
  2982                           
  2983                           ;pid.c: 32:     duty = 0;
  2984     02FA  3000               	movlw	0
  2985     02FB  00D5               	movwf	tempSit@duty+3
  2986     02FC  3000               	movlw	0
  2987     02FD  00D4               	movwf	tempSit@duty+2
  2988     02FE  3000               	movlw	0
  2989     02FF  00D3               	movwf	tempSit@duty+1
  2990     0300  3000               	movlw	0
  2991     0301  00D2               	movwf	tempSit@duty
  2992     0302                     l1955:
  2993                           
  2994                           ;pid.c: 34: PWM_SetDuty((uint16_t)duty);
  2995     0302  0853               	movf	tempSit@duty+1,w
  2996     0303  00F1               	movwf	PWM_SetDuty@permille+1
  2997     0304  0852               	movf	tempSit@duty,w
  2998     0305  00F0               	movwf	PWM_SetDuty@permille
  2999     0306  260B               	fcall	_PWM_SetDuty
  3000     0307  0008               	return
  3001     0308                     __end_of_tempSit:
  3002                           
  3003                           	psect	text2
  3004     0308                     __ptext2:	
  3005 ;; *************** function ___aldiv *****************
  3006 ;; Defined at:
  3007 ;;		line 5 in file "C:\Program Files\Microchip\xc8\v2.41\pic\sources\c99\common\aldiv.c"
  3008 ;; Parameters:    Size  Location     Type
  3009 ;;  divisor         4    0[COMMON] long 
  3010 ;;  dividend        4    4[COMMON] long 
  3011 ;; Auto vars:     Size  Location     Type
  3012 ;;  quotient        4    2[BANK0 ] long 
  3013 ;;  sign            1    1[BANK0 ] unsigned char 
  3014 ;;  counter         1    0[BANK0 ] unsigned char 
  3015 ;; Return value:  Size  Location     Type
  3016 ;;                  4    0[COMMON] long 
  3017 ;; Registers used:
  3018 ;;		wreg, status,2, status,0
  3019 ;; Tracked objects:
  3020 ;;		On entry : 0/0
  3021 ;;		On exit  : 0/0
  3022 ;;		Unchanged: 0/0
  3023 ;; Data sizes:     COMMON   BANK0   BANK1   BANK2
  3024 ;;      Params:         8       0       0       0
  3025 ;;      Locals:         0       6       0       0
  3026 ;;      Temps:          1       0       0       0
  3027 ;;      Totals:         9       6       0       0
  3028 ;;Total ram usage:       15 bytes
  3029 ;; Hardware stack levels used: 1
  3030 ;; Hardware stack levels required when called: 1
  3031 ;; This function calls:
  3032 ;;		Nothing
  3033 ;; This function is called by:
  3034 ;;		_tempSit
  3035 ;; This function uses a non-reentrant model
  3036 ;;
  3037                           
  3038     0308                     ___aldiv:	
  3039                           ;psect for function ___aldiv
  3040                           
  3041                           
  3042                           ;incstack = 0
  3043                           ; Regs used in ___aldiv: [wreg+status,2+status,0]
  3044     0308  0140               	movlb	0	; select bank0
  3045     0309  01A1               	clrf	___aldiv@sign
  3046     030A  1FF3               	btfss	___aldiv@divisor+3,7
  3047     030B  2B19               	goto	l512
  3048     030C  09F0               	comf	___aldiv@divisor,f
  3049     030D  09F1               	comf	___aldiv@divisor+1,f
  3050     030E  09F2               	comf	___aldiv@divisor+2,f
  3051     030F  09F3               	comf	___aldiv@divisor+3,f
  3052     0310  0AF0               	incf	___aldiv@divisor,f
  3053     0311  1903               	skipnz
  3054     0312  0AF1               	incf	___aldiv@divisor+1,f
  3055     0313  1903               	skipnz
  3056     0314  0AF2               	incf	___aldiv@divisor+2,f
  3057     0315  1903               	skipnz
  3058     0316  0AF3               	incf	___aldiv@divisor+3,f
  3059     0317  01A1               	clrf	___aldiv@sign
  3060     0318  0AA1               	incf	___aldiv@sign,f
  3061     0319                     l512:
  3062     0319  1FF7               	btfss	___aldiv@dividend+3,7
  3063     031A  2B2A               	goto	l1741
  3064     031B  09F4               	comf	___aldiv@dividend,f
  3065     031C  09F5               	comf	___aldiv@dividend+1,f
  3066     031D  09F6               	comf	___aldiv@dividend+2,f
  3067     031E  09F7               	comf	___aldiv@dividend+3,f
  3068     031F  0AF4               	incf	___aldiv@dividend,f
  3069     0320  1903               	skipnz
  3070     0321  0AF5               	incf	___aldiv@dividend+1,f
  3071     0322  1903               	skipnz
  3072     0323  0AF6               	incf	___aldiv@dividend+2,f
  3073     0324  1903               	skipnz
  3074     0325  0AF7               	incf	___aldiv@dividend+3,f
  3075     0326  3001               	movlw	1
  3076     0327  00F8               	movwf	??___aldiv
  3077     0328  0878               	movf	??___aldiv,w
  3078     0329  06A1               	xorwf	___aldiv@sign,f
  3079     032A                     l1741:
  3080     032A  3000               	movlw	0
  3081     032B  00A5               	movwf	___aldiv@quotient+3
  3082     032C  3000               	movlw	0
  3083     032D  00A4               	movwf	___aldiv@quotient+2
  3084     032E  3000               	movlw	0
  3085     032F  00A3               	movwf	___aldiv@quotient+1
  3086     0330  3000               	movlw	0
  3087     0331  00A2               	movwf	___aldiv@quotient
  3088     0332  0873               	movf	___aldiv@divisor+3,w
  3089     0333  0472               	iorwf	___aldiv@divisor+2,w
  3090     0334  0471               	iorwf	___aldiv@divisor+1,w
  3091     0335  0470               	iorwf	___aldiv@divisor,w
  3092     0336  1903               	skipnz
  3093     0337  2B73               	goto	l1763
  3094     0338  01A0               	clrf	___aldiv@counter
  3095     0339  0AA0               	incf	___aldiv@counter,f
  3096     033A                     l1749:
  3097     033A  1BF3               	btfsc	___aldiv@divisor+3,7
  3098     033B  2B48               	goto	l1751
  3099     033C  3001               	movlw	1
  3100     033D                     u1525:
  3101     033D  35F0               	lslf	___aldiv@divisor,f
  3102     033E  0DF1               	rlf	___aldiv@divisor+1,f
  3103     033F  0DF2               	rlf	___aldiv@divisor+2,f
  3104     0340  0DF3               	rlf	___aldiv@divisor+3,f
  3105     0341  0B89               	decfsz	9,f
  3106     0342  2B3D               	goto	u1525
  3107     0343  3001               	movlw	1
  3108     0344  00F8               	movwf	??___aldiv
  3109     0345  0878               	movf	??___aldiv,w
  3110     0346  07A0               	addwf	___aldiv@counter,f
  3111     0347  2B3A               	goto	l1749
  3112     0348                     l1751:
  3113     0348  3001               	movlw	1
  3114     0349                     u1545:
  3115     0349  35A2               	lslf	___aldiv@quotient,f
  3116     034A  0DA3               	rlf	___aldiv@quotient+1,f
  3117     034B  0DA4               	rlf	___aldiv@quotient+2,f
  3118     034C  0DA5               	rlf	___aldiv@quotient+3,f
  3119     034D  0B89               	decfsz	9,f
  3120     034E  2B49               	goto	u1545
  3121     034F  0873               	movf	___aldiv@divisor+3,w
  3122     0350  0277               	subwf	___aldiv@dividend+3,w
  3123     0351  1D03               	skipz
  3124     0352  2B5D               	goto	u1555
  3125     0353  0872               	movf	___aldiv@divisor+2,w
  3126     0354  0276               	subwf	___aldiv@dividend+2,w
  3127     0355  1D03               	skipz
  3128     0356  2B5D               	goto	u1555
  3129     0357  0871               	movf	___aldiv@divisor+1,w
  3130     0358  0275               	subwf	___aldiv@dividend+1,w
  3131     0359  1D03               	skipz
  3132     035A  2B5D               	goto	u1555
  3133     035B  0870               	movf	___aldiv@divisor,w
  3134     035C  0274               	subwf	___aldiv@dividend,w
  3135     035D                     u1555:
  3136     035D  1C03               	skipc
  3137     035E  2B68               	goto	l1759
  3138     035F  0870               	movf	___aldiv@divisor,w
  3139     0360  02F4               	subwf	___aldiv@dividend,f
  3140     0361  0871               	movf	___aldiv@divisor+1,w
  3141     0362  3BF5               	subwfb	___aldiv@dividend+1,f
  3142     0363  0872               	movf	___aldiv@divisor+2,w
  3143     0364  3BF6               	subwfb	___aldiv@dividend+2,f
  3144     0365  0873               	movf	___aldiv@divisor+3,w
  3145     0366  3BF7               	subwfb	___aldiv@dividend+3,f
  3146     0367  1422               	bsf	___aldiv@quotient,0
  3147     0368                     l1759:
  3148     0368  3001               	movlw	1
  3149     0369                     u1565:
  3150     0369  36F3               	lsrf	___aldiv@divisor+3,f
  3151     036A  0CF2               	rrf	___aldiv@divisor+2,f
  3152     036B  0CF1               	rrf	___aldiv@divisor+1,f
  3153     036C  0CF0               	rrf	___aldiv@divisor,f
  3154     036D  0B89               	decfsz	9,f
  3155     036E  2B69               	goto	u1565
  3156     036F  3001               	movlw	1
  3157     0370  02A0               	subwf	___aldiv@counter,f
  3158     0371  1D03               	btfss	3,2
  3159     0372  2B48               	goto	l1751
  3160     0373                     l1763:
  3161     0373  0821               	movf	___aldiv@sign,w
  3162     0374  1903               	btfsc	3,2
  3163     0375  2B81               	goto	l1767
  3164     0376  09A2               	comf	___aldiv@quotient,f
  3165     0377  09A3               	comf	___aldiv@quotient+1,f
  3166     0378  09A4               	comf	___aldiv@quotient+2,f
  3167     0379  09A5               	comf	___aldiv@quotient+3,f
  3168     037A  0AA2               	incf	___aldiv@quotient,f
  3169     037B  1903               	skipnz
  3170     037C  0AA3               	incf	___aldiv@quotient+1,f
  3171     037D  1903               	skipnz
  3172     037E  0AA4               	incf	___aldiv@quotient+2,f
  3173     037F  1903               	skipnz
  3174     0380  0AA5               	incf	___aldiv@quotient+3,f
  3175     0381                     l1767:
  3176     0381  0825               	movf	___aldiv@quotient+3,w
  3177     0382  00F3               	movwf	?___aldiv+3
  3178     0383  0824               	movf	___aldiv@quotient+2,w
  3179     0384  00F2               	movwf	?___aldiv+2
  3180     0385  0823               	movf	___aldiv@quotient+1,w
  3181     0386  00F1               	movwf	?___aldiv+1
  3182     0387  0822               	movf	___aldiv@quotient,w
  3183     0388  00F0               	movwf	?___aldiv
  3184     0389  0008               	return
  3185     038A                     __end_of___aldiv:
  3186                           
  3187                           	psect	text3
  3188     0406                     __ptext3:	
  3189 ;; *************** function _ADC_Read *****************
  3190 ;; Defined at:
  3191 ;;		line 19 in file "adc.c"
  3192 ;; Parameters:    Size  Location     Type
  3193 ;;  channel         1    wreg     unsigned char 
  3194 ;; Auto vars:     Size  Location     Type
  3195 ;;  channel         1   19[BANK0 ] unsigned char 
  3196 ;;  adc             2   17[BANK0 ] unsigned short 
  3197 ;; Return value:  Size  Location     Type
  3198 ;;                  2   13[BANK0 ] unsigned short 
  3199 ;; Registers used:
  3200 ;;		wreg, status,2, status,0, pclath, cstack
  3201 ;; Tracked objects:
  3202 ;;		On entry : 0/0
  3203 ;;		On exit  : 0/0
  3204 ;;		Unchanged: 0/0
  3205 ;; Data sizes:     COMMON   BANK0   BANK1   BANK2
  3206 ;;      Params:         0       2       0       0
  3207 ;;      Locals:         0       5       0       0
  3208 ;;      Temps:          1       0       0       0
  3209 ;;      Totals:         1       7       0       0
  3210 ;;Total ram usage:        8 bytes
  3211 ;; Hardware stack levels used: 1
  3212 ;; Hardware stack levels required when called: 2
  3213 ;; This function calls:
  3214 ;;		___lldiv
  3215 ;;		___lmul
  3216 ;; This function is called by:
  3217 ;;		_main
  3218 ;;		_tempSit
  3219 ;; This function uses a non-reentrant model
  3220 ;;
  3221                           
  3222     0406                     _ADC_Read:	
  3223                           ;psect for function _ADC_Read
  3224                           
  3225                           
  3226                           ;incstack = 0
  3227                           ; Regs used in _ADC_Read: [wreg+status,2+status,0+pclath+cstack]
  3228                           ;ADC_Read@channel stored from wreg
  3229     0406  0140               	movlb	0	; select bank0
  3230     0407  00B3               	movwf	ADC_Read@channel
  3231                           
  3232                           ;adc.c: 19: uint16_t ADC_Read(uint8_t channel);adc.c: 20: {;adc.c: 21:     uint16_t adc;
      +                          ;adc.c: 23:     ADCON1bits.PREF = (channel == 5) ? 0b11 : 0b00;
  3233     0408  3005               	movlw	5
  3234     0409  0633               	xorwf	ADC_Read@channel,w
  3235     040A  1903               	btfsc	3,2
  3236     040B  2C0F               	goto	l1669
  3237     040C  01AF               	clrf	_ADC_Read$482
  3238     040D  01B0               	clrf	_ADC_Read$482+1
  3239     040E  2C13               	goto	l1671
  3240     040F                     l1669:
  3241     040F  3003               	movlw	3
  3242     0410  00AF               	movwf	_ADC_Read$482
  3243     0411  3000               	movlw	0
  3244     0412  00B0               	movwf	_ADC_Read$482+1
  3245     0413                     l1671:
  3246     0413  0141               	movlb	1	; select bank1
  3247     0414  081E               	movf	30,w	;volatile
  3248     0415  0140               	movlb	0	; select bank0
  3249     0416  062F               	xorwf	_ADC_Read$482,w
  3250     0417  39FC               	andlw	-4
  3251     0418  062F               	xorwf	_ADC_Read$482,w
  3252     0419  0141               	movlb	1	; select bank1
  3253     041A  009E               	movwf	30	;volatile
  3254                           
  3255                           ;adc.c: 24:     ADCON0bits.CHS = channel;
  3256     041B  0140               	movlb	0	; select bank0
  3257     041C  0833               	movf	ADC_Read@channel,w
  3258     041D  00FD               	movwf	??_ADC_Read
  3259     041E  0DFD               	rlf	??_ADC_Read,f
  3260     041F  0DFD               	rlf	??_ADC_Read,f
  3261     0420  0141               	movlb	1	; select bank1
  3262     0421  081D               	movf	29,w	;volatile
  3263     0422  067D               	xorwf	??_ADC_Read,w
  3264     0423  3903               	andlw	-253
  3265     0424  067D               	xorwf	??_ADC_Read,w
  3266     0425  009D               	movwf	29	;volatile
  3267                           
  3268                           ;adc.c: 26:     _delay((unsigned long)((5)*(32000000UL/4000000.0)));
  3269     0426  300D               	movlw	13
  3270     0427                     u2337:
  3271     0427  0B89               	decfsz	9,f
  3272     0428  2C27               	goto	u2337
  3273     0429  0000               	nop
  3274                           
  3275                           ;adc.c: 28:     ADCON0bits.GO = 1;
  3276     042A  0141               	movlb	1	; select bank1
  3277     042B  149D               	bsf	29,1	;volatile
  3278     042C                     l173:	
  3279                           ;adc.c: 29:     while (ADCON0bits.GO);
  3280                           
  3281     042C  189D               	btfsc	29,1	;volatile
  3282     042D  2C2C               	goto	l173
  3283                           
  3284                           ;adc.c: 31:     adc = ((uint16_t)ADRESH << 8) | ADRESL;
  3285     042E  081C               	movf	28,w	;volatile
  3286     042F  0140               	movlb	0	; select bank0
  3287     0430  00B2               	movwf	ADC_Read@adc+1
  3288     0431  0141               	movlb	1	; select bank1
  3289     0432  081B               	movf	27,w	;volatile
  3290     0433  0140               	movlb	0	; select bank0
  3291     0434  00B1               	movwf	ADC_Read@adc
  3292                           
  3293                           ;adc.c: 33:     if (channel == 4)
  3294     0435  3004               	movlw	4
  3295     0436  0633               	xorwf	ADC_Read@channel,w
  3296     0437  1D03               	btfss	3,2
  3297     0438  2C5F               	goto	l1683
  3298                           
  3299                           ;adc.c: 34:         adc = (adc * 47UL) / 60UL;
  3300     0439  3000               	movlw	0
  3301     043A  00A3               	movwf	___lldiv@divisor+3
  3302     043B  3000               	movlw	0
  3303     043C  00A2               	movwf	___lldiv@divisor+2
  3304     043D  3000               	movlw	0
  3305     043E  00A1               	movwf	___lldiv@divisor+1
  3306     043F  303C               	movlw	60
  3307     0440  00A0               	movwf	___lldiv@divisor
  3308     0441  0831               	movf	ADC_Read@adc,w
  3309     0442  00F0               	movwf	___lmul@multiplier
  3310     0443  0832               	movf	ADC_Read@adc+1,w
  3311     0444  00F1               	movwf	___lmul@multiplier+1
  3312     0445  01F2               	clrf	___lmul@multiplier+2
  3313     0446  01F3               	clrf	___lmul@multiplier+3
  3314     0447  3000               	movlw	0
  3315     0448  00F7               	movwf	___lmul@multiplicand+3
  3316     0449  3000               	movlw	0
  3317     044A  00F6               	movwf	___lmul@multiplicand+2
  3318     044B  3000               	movlw	0
  3319     044C  00F5               	movwf	___lmul@multiplicand+1
  3320     044D  302F               	movlw	47
  3321     044E  00F4               	movwf	___lmul@multiplicand
  3322     044F  2571               	fcall	___lmul
  3323     0450  0873               	movf	?___lmul+3,w
  3324     0451  0140               	movlb	0	; select bank0
  3325     0452  00A7               	movwf	___lldiv@dividend+3
  3326     0453  0872               	movf	?___lmul+2,w
  3327     0454  00A6               	movwf	___lldiv@dividend+2
  3328     0455  0871               	movf	?___lmul+1,w
  3329     0456  00A5               	movwf	___lldiv@dividend+1
  3330     0457  0870               	movf	?___lmul,w
  3331     0458  00A4               	movwf	___lldiv@dividend
  3332     0459  2464               	fcall	___lldiv
  3333     045A  0140               	movlb	0	; select bank0
  3334     045B  0821               	movf	?___lldiv+1,w
  3335     045C  00B2               	movwf	ADC_Read@adc+1
  3336     045D  0820               	movf	?___lldiv,w
  3337     045E  00B1               	movwf	ADC_Read@adc
  3338     045F                     l1683:
  3339                           
  3340                           ;adc.c: 36:     return adc;
  3341     045F  0832               	movf	ADC_Read@adc+1,w
  3342     0460  00AE               	movwf	?_ADC_Read+1
  3343     0461  0831               	movf	ADC_Read@adc,w
  3344     0462  00AD               	movwf	?_ADC_Read
  3345     0463  0008               	return
  3346     0464                     __end_of_ADC_Read:
  3347                           
  3348                           	psect	text4
  3349     0571                     __ptext4:	
  3350 ;; *************** function ___lmul *****************
  3351 ;; Defined at:
  3352 ;;		line 15 in file "C:\Program Files\Microchip\xc8\v2.41\pic\sources\c99\common\Umul32.c"
  3353 ;; Parameters:    Size  Location     Type
  3354 ;;  multiplier      4    0[COMMON] unsigned long 
  3355 ;;  multiplicand    4    4[COMMON] unsigned long 
  3356 ;; Auto vars:     Size  Location     Type
  3357 ;;  product         4    8[COMMON] unsigned long 
  3358 ;; Return value:  Size  Location     Type
  3359 ;;                  4    0[COMMON] unsigned long 
  3360 ;; Registers used:
  3361 ;;		wreg, status,2, status,0
  3362 ;; Tracked objects:
  3363 ;;		On entry : 0/0
  3364 ;;		On exit  : 0/0
  3365 ;;		Unchanged: 0/0
  3366 ;; Data sizes:     COMMON   BANK0   BANK1   BANK2
  3367 ;;      Params:         8       0       0       0
  3368 ;;      Locals:         4       0       0       0
  3369 ;;      Temps:          0       0       0       0
  3370 ;;      Totals:        12       0       0       0
  3371 ;;Total ram usage:       12 bytes
  3372 ;; Hardware stack levels used: 1
  3373 ;; Hardware stack levels required when called: 1
  3374 ;; This function calls:
  3375 ;;		Nothing
  3376 ;; This function is called by:
  3377 ;;		_main
  3378 ;;		_ADC_Read
  3379 ;;		_tempSit
  3380 ;; This function uses a non-reentrant model
  3381 ;;
  3382                           
  3383     0571                     ___lmul:	
  3384                           ;psect for function ___lmul
  3385                           
  3386                           
  3387                           ;incstack = 0
  3388                           ; Regs used in ___lmul: [wreg+status,2+status,0]
  3389     0571  3000               	movlw	0
  3390     0572  00FB               	movwf	___lmul@product+3
  3391     0573  3000               	movlw	0
  3392     0574  00FA               	movwf	___lmul@product+2
  3393     0575  3000               	movlw	0
  3394     0576  00F9               	movwf	___lmul@product+1
  3395     0577  3000               	movlw	0
  3396     0578  00F8               	movwf	___lmul@product
  3397     0579                     l1629:
  3398     0579  1C70               	btfss	___lmul@multiplier,0
  3399     057A  2D83               	goto	l1633
  3400     057B  0874               	movf	___lmul@multiplicand,w
  3401     057C  07F8               	addwf	___lmul@product,f
  3402     057D  0875               	movf	___lmul@multiplicand+1,w
  3403     057E  3DF9               	addwfc	___lmul@product+1,f
  3404     057F  0876               	movf	___lmul@multiplicand+2,w
  3405     0580  3DFA               	addwfc	___lmul@product+2,f
  3406     0581  0877               	movf	___lmul@multiplicand+3,w
  3407     0582  3DFB               	addwfc	___lmul@product+3,f
  3408     0583                     l1633:
  3409     0583  3001               	movlw	1
  3410     0584                     u1275:
  3411     0584  35F4               	lslf	___lmul@multiplicand,f
  3412     0585  0DF5               	rlf	___lmul@multiplicand+1,f
  3413     0586  0DF6               	rlf	___lmul@multiplicand+2,f
  3414     0587  0DF7               	rlf	___lmul@multiplicand+3,f
  3415     0588  0B89               	decfsz	9,f
  3416     0589  2D84               	goto	u1275
  3417     058A  3001               	movlw	1
  3418     058B                     u1285:
  3419     058B  36F3               	lsrf	___lmul@multiplier+3,f
  3420     058C  0CF2               	rrf	___lmul@multiplier+2,f
  3421     058D  0CF1               	rrf	___lmul@multiplier+1,f
  3422     058E  0CF0               	rrf	___lmul@multiplier,f
  3423     058F  0B89               	decfsz	9,f
  3424     0590  2D8B               	goto	u1285
  3425     0591  0873               	movf	___lmul@multiplier+3,w
  3426     0592  0472               	iorwf	___lmul@multiplier+2,w
  3427     0593  0471               	iorwf	___lmul@multiplier+1,w
  3428     0594  0470               	iorwf	___lmul@multiplier,w
  3429     0595  1D03               	skipz
  3430     0596  2D79               	goto	l1629
  3431     0597  087B               	movf	___lmul@product+3,w
  3432     0598  00F3               	movwf	?___lmul+3
  3433     0599  087A               	movf	___lmul@product+2,w
  3434     059A  00F2               	movwf	?___lmul+2
  3435     059B  0879               	movf	___lmul@product+1,w
  3436     059C  00F1               	movwf	?___lmul+1
  3437     059D  0878               	movf	___lmul@product,w
  3438     059E  00F0               	movwf	?___lmul
  3439     059F  0008               	return
  3440     05A0                     __end_of___lmul:
  3441                           
  3442                           	psect	text5
  3443     0505                     __ptext5:	
  3444 ;; *************** function _pins *****************
  3445 ;; Defined at:
  3446 ;;		line 21 in file "./pin_deffiine.h"
  3447 ;; Parameters:    Size  Location     Type
  3448 ;;		None
  3449 ;; Auto vars:     Size  Location     Type
  3450 ;;		None
  3451 ;; Return value:  Size  Location     Type
  3452 ;;                  1    wreg      void 
  3453 ;; Registers used:
  3454 ;;		wreg
  3455 ;; Tracked objects:
  3456 ;;		On entry : 0/0
  3457 ;;		On exit  : 0/0
  3458 ;;		Unchanged: 0/0
  3459 ;; Data sizes:     COMMON   BANK0   BANK1   BANK2
  3460 ;;      Params:         0       0       0       0
  3461 ;;      Locals:         0       0       0       0
  3462 ;;      Temps:          0       0       0       0
  3463 ;;      Totals:         0       0       0       0
  3464 ;;Total ram usage:        0 bytes
  3465 ;; Hardware stack levels used: 1
  3466 ;; Hardware stack levels required when called: 1
  3467 ;; This function calls:
  3468 ;;		Nothing
  3469 ;; This function is called by:
  3470 ;;		_main
  3471 ;; This function uses a non-reentrant model
  3472 ;;
  3473                           
  3474     0505                     _pins:	
  3475                           ;psect for function _pins
  3476                           
  3477                           
  3478                           ;./pin_deffiine.h: 26:     TRISAbits.TRISA5 = 1;
  3479                           
  3480                           ;incstack = 0
  3481                           ; Regs used in _pins: [wreg]
  3482     0505  0140               	movlb	0	; select bank0
  3483     0506  1692               	bsf	18,5	;volatile
  3484                           
  3485                           ;./pin_deffiine.h: 27:     TRISAbits.TRISA4 = 1;
  3486     0507  1612               	bsf	18,4	;volatile
  3487                           
  3488                           ;./pin_deffiine.h: 29:     TRISCbits.TRISC4 = 0;
  3489     0508  1214               	bcf	20,4	;volatile
  3490                           
  3491                           ;./pin_deffiine.h: 30:     TRISCbits.TRISC5 = 1;
  3492     0509  1694               	bsf	20,5	;volatile
  3493                           
  3494                           ;./pin_deffiine.h: 32:     TRISCbits.TRISC0 = 0;
  3495     050A  1014               	bcf	20,0	;volatile
  3496                           
  3497                           ;./pin_deffiine.h: 33:     TRISAbits.TRISA2 = 1;
  3498     050B  1512               	bsf	18,2	;volatile
  3499                           
  3500                           ;./pin_deffiine.h: 36:     LATCbits.LATC3 = 0;
  3501     050C  119A               	bcf	26,3	;volatile
  3502                           
  3503                           ;./pin_deffiine.h: 37:     TRISCbits.TRISC3 = 0;
  3504     050D  1194               	bcf	20,3	;volatile
  3505                           
  3506                           ;./pin_deffiine.h: 44:     ANSELAbits.ANSA5 = 1;
  3507     050E  017E               	movlb	62	; select bank62
  3508     050F  16B8               	bsf	56,5	;volatile
  3509                           
  3510                           ;./pin_deffiine.h: 45:     ANSELAbits.ANSA4 = 1;
  3511     0510  1638               	bsf	56,4	;volatile
  3512                           
  3513                           ;./pin_deffiine.h: 46:     ANSELAbits.ANSA2 = 0;
  3514     0511  1138               	bcf	56,2	;volatile
  3515                           
  3516                           ;./pin_deffiine.h: 48:     ANSELCbits.ANSC5 = 1;
  3517     0512  16CE               	bsf	78,5	;volatile
  3518                           
  3519                           ;./pin_deffiine.h: 49:     ANSELCbits.ANSC4 = 0;
  3520     0513  124E               	bcf	78,4	;volatile
  3521                           
  3522                           ;./pin_deffiine.h: 50:     ANSELCbits.ANSC3 = 0;
  3523     0514  11CE               	bcf	78,3	;volatile
  3524                           
  3525                           ;./pin_deffiine.h: 51:     ANSELCbits.ANSC0 = 0;
  3526     0515  104E               	bcf	78,0	;volatile
  3527                           
  3528                           ;./pin_deffiine.h: 52:     ANSELCbits.ANSC2 = 0;
  3529     0516  114E               	bcf	78,2	;volatile
  3530                           
  3531                           ;./pin_deffiine.h: 53:     ANSELCbits.ANSC1 = 0;
  3532     0517  10CE               	bcf	78,1	;volatile
  3533                           
  3534                           ;./pin_deffiine.h: 60:     PPSLOCK = 0x55;
  3535     0518  3055               	movlw	85
  3536     0519  017D               	movlb	61	; select bank61
  3537     051A  008F               	movwf	15	;volsfr
  3538                           
  3539                           ;./pin_deffiine.h: 61:     PPSLOCK = 0xAA;
  3540     051B  30AA               	movlw	170
  3541     051C  008F               	movwf	15	;volsfr
  3542                           
  3543                           ;./pin_deffiine.h: 62:     PPSLOCKbits.PPSLOCKED = 0;
  3544     051D  100F               	bcf	15,0	;volsfr
  3545                           
  3546                           ;./pin_deffiine.h: 70:     RC0PPS = 0x05;
  3547     051E  3005               	movlw	5
  3548     051F  017E               	movlb	62	; select bank62
  3549     0520  00A0               	movwf	32	;volatile
  3550                           
  3551                           ;./pin_deffiine.h: 73:     RXPPS = 0x02;
  3552     0521  3002               	movlw	2
  3553     0522  017D               	movlb	61	; select bank61
  3554     0523  00CB               	movwf	75	;volatile
  3555                           
  3556                           ;./pin_deffiine.h: 77: RC4PPS = 0x03;
  3557     0524  3003               	movlw	3
  3558     0525  017E               	movlb	62	; select bank62
  3559     0526  00A4               	movwf	36	;volatile
  3560                           
  3561                           ;./pin_deffiine.h: 84:     TRISCbits.TRISC2 = 1;
  3562     0527  0140               	movlb	0	; select bank0
  3563     0528  1514               	bsf	20,2	;volatile
  3564                           
  3565                           ;./pin_deffiine.h: 85:     TRISCbits.TRISC1 = 1;
  3566     0529  1494               	bsf	20,1	;volatile
  3567                           
  3568                           ;./pin_deffiine.h: 88:     SSP1CLKPPS = 0x12;
  3569     052A  3012               	movlw	18
  3570     052B  017D               	movlb	61	; select bank61
  3571     052C  00C5               	movwf	69	;volatile
  3572                           
  3573                           ;./pin_deffiine.h: 89:     SSP1DATPPS = 0x11;
  3574     052D  3011               	movlw	17
  3575     052E  00C6               	movwf	70	;volatile
  3576                           
  3577                           ;./pin_deffiine.h: 92:     RC2PPS = 0x07;
  3578     052F  3007               	movlw	7
  3579     0530  017E               	movlb	62	; select bank62
  3580     0531  00A2               	movwf	34	;volatile
  3581                           
  3582                           ;./pin_deffiine.h: 93:     RC1PPS = 0x08;
  3583     0532  3008               	movlw	8
  3584     0533  00A1               	movwf	33	;volatile
  3585                           
  3586                           ;./pin_deffiine.h: 97: WPUCbits.WPUC2 = 1;
  3587     0534  154F               	bsf	79,2	;volatile
  3588                           
  3589                           ;./pin_deffiine.h: 98: WPUCbits.WPUC1 = 1;
  3590     0535  14CF               	bsf	79,1	;volatile
  3591                           
  3592                           ;./pin_deffiine.h: 103:     PPSLOCK = 0x55;
  3593     0536  3055               	movlw	85
  3594     0537  017D               	movlb	61	; select bank61
  3595     0538  008F               	movwf	15	;volsfr
  3596                           
  3597                           ;./pin_deffiine.h: 104:     PPSLOCK = 0xAA;
  3598     0539  30AA               	movlw	170
  3599     053A  008F               	movwf	15	;volsfr
  3600                           
  3601                           ;./pin_deffiine.h: 105:     PPSLOCKbits.PPSLOCKED = 1;
  3602     053B  140F               	bsf	15,0	;volsfr
  3603     053C  0008               	return
  3604     053D                     __end_of_pins:
  3605                           
  3606                           	psect	text6
  3607     038A                     __ptext6:	
  3608 ;; *************** function _display_write_number *****************
  3609 ;; Defined at:
  3610 ;;		line 94 in file "display.c"
  3611 ;; Parameters:    Size  Location     Type
  3612 ;;  value           2    2[BANK0 ] unsigned short 
  3613 ;; Auto vars:     Size  Location     Type
  3614 ;;  isLast          1    8[BANK0 ] _Bool 
  3615 ;;  i               1   14[BANK0 ] unsigned char 
  3616 ;;  i               1   13[BANK0 ] char 
  3617 ;;  digits          4    4[BANK0 ] unsigned char [4]
  3618 ;;  ok              1   12[BANK0 ] _Bool 
  3619 ;;  leading         1    9[BANK0 ] _Bool 
  3620 ;; Return value:  Size  Location     Type
  3621 ;;                  1    wreg      _Bool 
  3622 ;; Registers used:
  3623 ;;		wreg, fsr0l, fsr0h, fsr1l, fsr1h, status,2, status,0, pclath, cstack
  3624 ;; Tracked objects:
  3625 ;;		On entry : 0/0
  3626 ;;		On exit  : 0/0
  3627 ;;		Unchanged: 0/0
  3628 ;; Data sizes:     COMMON   BANK0   BANK1   BANK2
  3629 ;;      Params:         0       2       0       0
  3630 ;;      Locals:         0      11       0       0
  3631 ;;      Temps:          1       0       0       0
  3632 ;;      Totals:         1      13       0       0
  3633 ;;Total ram usage:       14 bytes
  3634 ;; Hardware stack levels used: 1
  3635 ;; Hardware stack levels required when called: 7
  3636 ;; This function calls:
  3637 ;;		___lwdiv
  3638 ;;		___lwmod
  3639 ;;		_display_clear_digit
  3640 ;;		_display_write_digit_hex
  3641 ;; This function is called by:
  3642 ;;		_main
  3643 ;; This function uses a non-reentrant model
  3644 ;;
  3645                           
  3646     038A                     _display_write_number:	
  3647                           ;psect for function _display_write_number
  3648                           
  3649                           
  3650                           ;display.c: 94: _Bool display_write_number(uint16_t value);display.c: 95: {;display.c: 9
      +                          6:     if (value > 9999u) return 0;
  3651                           
  3652                           ;incstack = 0
  3653                           ; Regs used in _display_write_number: [wreg-fsr1h+status,2+status,0+pclath+cstack]
  3654     038A  3027               	movlw	39
  3655     038B  0140               	movlb	0	; select bank0
  3656     038C  0223               	subwf	display_write_number@value+1,w
  3657     038D  3010               	movlw	16
  3658     038E  1903               	skipnz
  3659     038F  0222               	subwf	display_write_number@value,w
  3660     0390  1803               	btfsc	3,0
  3661     0391  0008               	return
  3662                           
  3663                           ;display.c: 98:     uint8_t digits[4];;display.c: 99:     for (int8_t i = 4 - 1; i >= 0;
      +                           i--) {
  3664     0392  3003               	movlw	3
  3665     0393  00AD               	movwf	display_write_number@i
  3666     0394                     l1967:
  3667                           
  3668                           ;display.c: 100:         digits[i] = (uint8_t)(value % 10u);
  3669     0394  082D               	movf	display_write_number@i,w
  3670     0395  3E24               	addlw	(low (display_write_number@digits| 0))& (0+255)
  3671     0396  0086               	movwf	6
  3672     0397  0187               	clrf	7
  3673     0398  300A               	movlw	10
  3674     0399  00F0               	movwf	___lwmod@divisor
  3675     039A  3000               	movlw	0
  3676     039B  00F1               	movwf	___lwmod@divisor+1
  3677     039C  0823               	movf	display_write_number@value+1,w
  3678     039D  00F3               	movwf	___lwmod@dividend+1
  3679     039E  0822               	movf	display_write_number@value,w
  3680     039F  00F2               	movwf	___lwmod@dividend
  3681     03A0  25A0               	fcall	___lwmod
  3682     03A1  0870               	movf	?___lwmod,w
  3683     03A2  0081               	movwf	1
  3684                           
  3685                           ;display.c: 101:         value /= 10u;
  3686     03A3  300A               	movlw	10
  3687     03A4  00F0               	movwf	___lwdiv@divisor
  3688     03A5  3000               	movlw	0
  3689     03A6  00F1               	movwf	___lwdiv@divisor+1
  3690     03A7  0140               	movlb	0	; select bank0
  3691     03A8  0823               	movf	display_write_number@value+1,w
  3692     03A9  00F3               	movwf	___lwdiv@dividend+1
  3693     03AA  0822               	movf	display_write_number@value,w
  3694     03AB  00F2               	movwf	___lwdiv@dividend
  3695     03AC  253D               	fcall	___lwdiv
  3696     03AD  0871               	movf	?___lwdiv+1,w
  3697     03AE  0140               	movlb	0	; select bank0
  3698     03AF  00A3               	movwf	display_write_number@value+1
  3699     03B0  0870               	movf	?___lwdiv,w
  3700     03B1  00A2               	movwf	display_write_number@value
  3701                           
  3702                           ;display.c: 102:     }
  3703     03B2  30FF               	movlw	255
  3704     03B3  00FD               	movwf	??_display_write_number
  3705     03B4  087D               	movf	??_display_write_number,w
  3706     03B5  07AD               	addwf	display_write_number@i,f
  3707     03B6  1FAD               	btfss	display_write_number@i,7
  3708     03B7  2B94               	goto	l1967
  3709                           
  3710                           ;display.c: 104:     _Bool ok = 1;
  3711     03B8  01AC               	clrf	display_write_number@ok
  3712     03B9  0AAC               	incf	display_write_number@ok,f
  3713                           
  3714                           ;display.c: 105:     _Bool leading = 1;
  3715     03BA  01A9               	clrf	display_write_number@leading
  3716     03BB  0AA9               	incf	display_write_number@leading,f
  3717                           
  3718                           ;display.c: 106:     for (uint8_t i = 0; i < 4; i++) {
  3719     03BC  01AE               	clrf	display_write_number@i_670
  3720     03BD                     l1981:
  3721                           
  3722                           ;display.c: 107:         _Bool isLast = (i == 4 - 1);
  3723     03BD  3003               	movlw	3
  3724     03BE  062E               	xorwf	display_write_number@i_670,w
  3725     03BF  1D03               	btfss	3,2
  3726     03C0  2BC3               	goto	u1870
  3727     03C1  3001               	movlw	1
  3728     03C2  2BC4               	goto	u1880
  3729     03C3                     u1870:
  3730     03C3  3000               	movlw	0
  3731     03C4                     u1880:
  3732     03C4  00A8               	movwf	display_write_number@isLast
  3733                           
  3734                           ;display.c: 108:         if (leading && digits[i] == 0 && !isLast) {
  3735     03C5  0829               	movf	display_write_number@leading,w
  3736     03C6  1903               	btfsc	3,2
  3737     03C7  2BE1               	goto	l1997
  3738     03C8  082E               	movf	display_write_number@i_670,w
  3739     03C9  3E24               	addlw	(low (display_write_number@digits| 0))& (0+255)
  3740     03CA  0086               	movwf	6
  3741     03CB  0187               	clrf	7
  3742     03CC  0801               	movf	1,w
  3743     03CD  1D03               	btfss	3,2
  3744     03CE  2BE1               	goto	l1997
  3745     03CF  0828               	movf	display_write_number@isLast,w
  3746     03D0  1D03               	btfss	3,2
  3747     03D1  2BE1               	goto	l1997
  3748                           
  3749                           ;display.c: 109:             ok = display_clear_digit(i) && ok;
  3750     03D2  01AA               	clrf	_display_write_number$672
  3751     03D3  082E               	movf	display_write_number@i_670,w
  3752     03D4  26FA               	fcall	_display_clear_digit
  3753     03D5  3A00               	xorlw	0
  3754     03D6  1903               	skipnz
  3755     03D7  2BDE               	goto	l1995
  3756     03D8  0140               	movlb	0	; select bank0
  3757     03D9  082C               	movf	display_write_number@ok,w
  3758     03DA  1903               	btfsc	3,2
  3759     03DB  2BDE               	goto	l1995
  3760     03DC  01AA               	clrf	_display_write_number$672
  3761     03DD  0AAA               	incf	_display_write_number$672,f
  3762     03DE                     l1995:
  3763     03DE  0140               	movlb	0	; select bank0
  3764     03DF  082A               	movf	_display_write_number$672,w
  3765     03E0  2BF7               	goto	L2
  3766     03E1                     l1997:	
  3767                           ;display.c: 110:         } else {
  3768                           
  3769                           
  3770                           ;display.c: 111:             leading = 0;
  3771     03E1  01A9               	clrf	display_write_number@leading
  3772                           
  3773                           ;display.c: 112:             ok = display_write_digit_hex(i, digits[i], 0) && ok;
  3774     03E2  01AB               	clrf	_display_write_number$674
  3775     03E3  082E               	movf	display_write_number@i_670,w
  3776     03E4  3E24               	addlw	(low (display_write_number@digits| 0))& (0+255)
  3777     03E5  0086               	movwf	6
  3778     03E6  0187               	clrf	7
  3779     03E7  0801               	movf	1,w
  3780     03E8  00FB               	movwf	display_write_digit_hex@value
  3781     03E9  01FC               	clrf	display_write_digit_hex@dot
  3782     03EA  082E               	movf	display_write_number@i_670,w
  3783     03EB  2625               	fcall	_display_write_digit_hex
  3784     03EC  3A00               	xorlw	0
  3785     03ED  1903               	skipnz
  3786     03EE  2BF5               	goto	l2005
  3787     03EF  0140               	movlb	0	; select bank0
  3788     03F0  082C               	movf	display_write_number@ok,w
  3789     03F1  1903               	btfsc	3,2
  3790     03F2  2BF5               	goto	l2005
  3791     03F3  01AB               	clrf	_display_write_number$674
  3792     03F4  0AAB               	incf	_display_write_number$674,f
  3793     03F5                     l2005:
  3794     03F5  0140               	movlb	0	; select bank0
  3795     03F6  082B               	movf	_display_write_number$674,w
  3796     03F7                     L2:
  3797     03F7  1903               	btfsc	3,2
  3798     03F8  2BFB               	goto	u1980
  3799     03F9  3001               	movlw	1
  3800     03FA  2BFC               	goto	u1990
  3801     03FB                     u1980:
  3802     03FB  3000               	movlw	0
  3803     03FC                     u1990:
  3804     03FC  00AC               	movwf	display_write_number@ok
  3805                           
  3806                           ;display.c: 114:     }
  3807                           
  3808                           ;display.c: 113:         }
  3809     03FD  3001               	movlw	1
  3810     03FE  00FD               	movwf	??_display_write_number
  3811     03FF  087D               	movf	??_display_write_number,w
  3812     0400  07AE               	addwf	display_write_number@i_670,f
  3813     0401  3004               	movlw	4
  3814     0402  022E               	subwf	display_write_number@i_670,w
  3815     0403  1803               	btfsc	3,0
  3816     0404  0008               	return
  3817     0405  2BBD               	goto	l1981
  3818     0406                     __end_of_display_write_number:
  3819                           
  3820                           	psect	text7
  3821     0625                     __ptext7:	
  3822 ;; *************** function _display_write_digit_hex *****************
  3823 ;; Defined at:
  3824 ;;		line 72 in file "display.c"
  3825 ;; Parameters:    Size  Location     Type
  3826 ;;  position        1    wreg     unsigned char 
  3827 ;;  value           1   11[COMMON] unsigned char 
  3828 ;;  dot             1   12[COMMON] _Bool 
  3829 ;; Auto vars:     Size  Location     Type
  3830 ;;  position        1    0[BANK0 ] unsigned char 
  3831 ;;  segs            1    1[BANK0 ] unsigned char 
  3832 ;; Return value:  Size  Location     Type
  3833 ;;                  1    wreg      _Bool 
  3834 ;; Registers used:
  3835 ;;		wreg, fsr0l, fsr0h, fsr1l, fsr1h, status,2, status,0, pclath, cstack
  3836 ;; Tracked objects:
  3837 ;;		On entry : 0/0
  3838 ;;		On exit  : 0/0
  3839 ;;		Unchanged: 0/0
  3840 ;; Data sizes:     COMMON   BANK0   BANK1   BANK2
  3841 ;;      Params:         2       0       0       0
  3842 ;;      Locals:         0       2       0       0
  3843 ;;      Temps:          0       0       0       0
  3844 ;;      Totals:         2       2       0       0
  3845 ;;Total ram usage:        4 bytes
  3846 ;; Hardware stack levels used: 1
  3847 ;; Hardware stack levels required when called: 6
  3848 ;; This function calls:
  3849 ;;		_display_write_digit_raw
  3850 ;; This function is called by:
  3851 ;;		_display_write_number
  3852 ;; This function uses a non-reentrant model
  3853 ;;
  3854                           
  3855     0625                     _display_write_digit_hex:	
  3856                           ;psect for function _display_write_digit_hex
  3857                           
  3858                           
  3859                           ;incstack = 0
  3860                           ; Regs used in _display_write_digit_hex: [wreg-fsr1h+status,2+status,0+pclath+cstack]
  3861                           ;display_write_digit_hex@position stored from wreg
  3862     0625  0140               	movlb	0	; select bank0
  3863     0626  00A0               	movwf	display_write_digit_hex@position
  3864                           
  3865                           ;display.c: 72: _Bool display_write_digit_hex(uint8_t position, uint8_t value, _Bool dot
      +                          );display.c: 73: {;display.c: 74:     if (value > 15u) return 0;
  3866     0627  3010               	movlw	16
  3867     0628  027B               	subwf	display_write_digit_hex@value,w
  3868     0629  1C03               	skipc
  3869     062A  2E2D               	goto	l1721
  3870     062B  3000               	movlw	0
  3871     062C  0008               	return
  3872     062D                     l1721:
  3873                           
  3874                           ;display.c: 75:     uint8_t segs = display_font[value];
  3875     062D  087B               	movf	display_write_digit_hex@value,w
  3876     062E  3E7D               	addlw	low (_display_font| (0+32768))
  3877     062F  0084               	movwf	4
  3878     0630  3086               	movlw	high (_display_font| (0+32768))
  3879     0631  1803               	skipnc
  3880     0632  3E01               	addlw	1
  3881     0633  0085               	movwf	5
  3882     0634  0800               	movf	0,w	;code access
  3883     0635  00A1               	movwf	display_write_digit_hex@segs
  3884                           
  3885                           ;display.c: 76:     if (dot) segs |= 0x80u;
  3886     0636  087C               	movf	display_write_digit_hex@dot,w
  3887     0637  1D03               	btfss	3,2
  3888     0638  17A1               	bsf	display_write_digit_hex@segs,7
  3889                           
  3890                           ;display.c: 77:     return display_write_digit_raw(position, segs);
  3891     0639  0821               	movf	display_write_digit_hex@segs,w
  3892     063A  00F9               	movwf	display_write_digit_raw@segments
  3893     063B  0820               	movf	display_write_digit_hex@position,w
  3894     063C  266A               	fcall	_display_write_digit_raw
  3895     063D  0008               	return
  3896     063E                     __end_of_display_write_digit_hex:
  3897                           
  3898                           	psect	text8
  3899     05A0                     __ptext8:	
  3900 ;; *************** function ___lwmod *****************
  3901 ;; Defined at:
  3902 ;;		line 5 in file "C:\Program Files\Microchip\xc8\v2.41\pic\sources\c99\common\lwmod.c"
  3903 ;; Parameters:    Size  Location     Type
  3904 ;;  divisor         2    0[COMMON] unsigned int 
  3905 ;;  dividend        2    2[COMMON] unsigned int 
  3906 ;; Auto vars:     Size  Location     Type
  3907 ;;  counter         1    5[COMMON] unsigned char 
  3908 ;; Return value:  Size  Location     Type
  3909 ;;                  2    0[COMMON] unsigned int 
  3910 ;; Registers used:
  3911 ;;		wreg, status,2, status,0
  3912 ;; Tracked objects:
  3913 ;;		On entry : 0/0
  3914 ;;		On exit  : 0/0
  3915 ;;		Unchanged: 0/0
  3916 ;; Data sizes:     COMMON   BANK0   BANK1   BANK2
  3917 ;;      Params:         4       0       0       0
  3918 ;;      Locals:         1       0       0       0
  3919 ;;      Temps:          1       0       0       0
  3920 ;;      Totals:         6       0       0       0
  3921 ;;Total ram usage:        6 bytes
  3922 ;; Hardware stack levels used: 1
  3923 ;; Hardware stack levels required when called: 1
  3924 ;; This function calls:
  3925 ;;		Nothing
  3926 ;; This function is called by:
  3927 ;;		_display_write_number
  3928 ;;		_UART_Write16
  3929 ;; This function uses a non-reentrant model
  3930 ;;
  3931                           
  3932     05A0                     ___lwmod:	
  3933                           ;psect for function ___lwmod
  3934                           
  3935                           
  3936                           ;incstack = 0
  3937                           ; Regs used in ___lwmod: [wreg+status,2+status,0]
  3938     05A0  0870               	movf	___lwmod@divisor,w
  3939     05A1  0471               	iorwf	___lwmod@divisor+1,w
  3940     05A2  1903               	btfsc	3,2
  3941     05A3  2DC7               	goto	l1815
  3942     05A4  01F5               	clrf	___lwmod@counter
  3943     05A5  0AF5               	incf	___lwmod@counter,f
  3944     05A6                     l1805:
  3945     05A6  1BF1               	btfsc	___lwmod@divisor+1,7
  3946     05A7  2DB2               	goto	l1807
  3947     05A8  3001               	movlw	1
  3948     05A9                     u1675:
  3949     05A9  35F0               	lslf	___lwmod@divisor,f
  3950     05AA  0DF1               	rlf	___lwmod@divisor+1,f
  3951     05AB  0B89               	decfsz	9,f
  3952     05AC  2DA9               	goto	u1675
  3953     05AD  3001               	movlw	1
  3954     05AE  00F4               	movwf	??___lwmod
  3955     05AF  0874               	movf	??___lwmod,w
  3956     05B0  07F5               	addwf	___lwmod@counter,f
  3957     05B1  2DA6               	goto	l1805
  3958     05B2                     l1807:
  3959     05B2  0871               	movf	___lwmod@divisor+1,w
  3960     05B3  0273               	subwf	___lwmod@dividend+1,w
  3961     05B4  1D03               	skipz
  3962     05B5  2DB8               	goto	u1695
  3963     05B6  0870               	movf	___lwmod@divisor,w
  3964     05B7  0272               	subwf	___lwmod@dividend,w
  3965     05B8                     u1695:
  3966     05B8  1C03               	skipc
  3967     05B9  2DBE               	goto	l1811
  3968     05BA  0870               	movf	___lwmod@divisor,w
  3969     05BB  02F2               	subwf	___lwmod@dividend,f
  3970     05BC  0871               	movf	___lwmod@divisor+1,w
  3971     05BD  3BF3               	subwfb	___lwmod@dividend+1,f
  3972     05BE                     l1811:
  3973     05BE  3001               	movlw	1
  3974     05BF                     u1705:
  3975     05BF  36F1               	lsrf	___lwmod@divisor+1,f
  3976     05C0  0CF0               	rrf	___lwmod@divisor,f
  3977     05C1  0B89               	decfsz	9,f
  3978     05C2  2DBF               	goto	u1705
  3979     05C3  3001               	movlw	1
  3980     05C4  02F5               	subwf	___lwmod@counter,f
  3981     05C5  1D03               	btfss	3,2
  3982     05C6  2DB2               	goto	l1807
  3983     05C7                     l1815:
  3984     05C7  0873               	movf	___lwmod@dividend+1,w
  3985     05C8  00F1               	movwf	?___lwmod+1
  3986     05C9  0872               	movf	___lwmod@dividend,w
  3987     05CA  00F0               	movwf	?___lwmod
  3988     05CB  0008               	return
  3989     05CC                     __end_of___lwmod:
  3990                           
  3991                           	psect	text9
  3992     053D                     __ptext9:	
  3993 ;; *************** function ___lwdiv *****************
  3994 ;; Defined at:
  3995 ;;		line 5 in file "C:\Program Files\Microchip\xc8\v2.41\pic\sources\c99\common\lwdiv.c"
  3996 ;; Parameters:    Size  Location     Type
  3997 ;;  divisor         2    0[COMMON] unsigned int 
  3998 ;;  dividend        2    2[COMMON] unsigned int 
  3999 ;; Auto vars:     Size  Location     Type
  4000 ;;  quotient        2    5[COMMON] unsigned int 
  4001 ;;  counter         1    7[COMMON] unsigned char 
  4002 ;; Return value:  Size  Location     Type
  4003 ;;                  2    0[COMMON] unsigned int 
  4004 ;; Registers used:
  4005 ;;		wreg, status,2, status,0
  4006 ;; Tracked objects:
  4007 ;;		On entry : 0/0
  4008 ;;		On exit  : 0/0
  4009 ;;		Unchanged: 0/0
  4010 ;; Data sizes:     COMMON   BANK0   BANK1   BANK2
  4011 ;;      Params:         4       0       0       0
  4012 ;;      Locals:         3       0       0       0
  4013 ;;      Temps:          1       0       0       0
  4014 ;;      Totals:         8       0       0       0
  4015 ;;Total ram usage:        8 bytes
  4016 ;; Hardware stack levels used: 1
  4017 ;; Hardware stack levels required when called: 1
  4018 ;; This function calls:
  4019 ;;		Nothing
  4020 ;; This function is called by:
  4021 ;;		_display_write_number
  4022 ;;		_UART_Write16
  4023 ;; This function uses a non-reentrant model
  4024 ;;
  4025                           
  4026     053D                     ___lwdiv:	
  4027                           ;psect for function ___lwdiv
  4028                           
  4029                           
  4030                           ;incstack = 0
  4031                           ; Regs used in ___lwdiv: [wreg+status,2+status,0]
  4032     053D  01F5               	clrf	___lwdiv@quotient
  4033     053E  01F6               	clrf	___lwdiv@quotient+1
  4034     053F  0870               	movf	___lwdiv@divisor,w
  4035     0540  0471               	iorwf	___lwdiv@divisor+1,w
  4036     0541  1903               	btfsc	3,2
  4037     0542  2D6C               	goto	l1793
  4038     0543  01F7               	clrf	___lwdiv@counter
  4039     0544  0AF7               	incf	___lwdiv@counter,f
  4040     0545                     l1781:
  4041     0545  1BF1               	btfsc	___lwdiv@divisor+1,7
  4042     0546  2D51               	goto	l1783
  4043     0547  3001               	movlw	1
  4044     0548                     u1605:
  4045     0548  35F0               	lslf	___lwdiv@divisor,f
  4046     0549  0DF1               	rlf	___lwdiv@divisor+1,f
  4047     054A  0B89               	decfsz	9,f
  4048     054B  2D48               	goto	u1605
  4049     054C  3001               	movlw	1
  4050     054D  00F4               	movwf	??___lwdiv
  4051     054E  0874               	movf	??___lwdiv,w
  4052     054F  07F7               	addwf	___lwdiv@counter,f
  4053     0550  2D45               	goto	l1781
  4054     0551                     l1783:
  4055     0551  3001               	movlw	1
  4056     0552                     u1625:
  4057     0552  35F5               	lslf	___lwdiv@quotient,f
  4058     0553  0DF6               	rlf	___lwdiv@quotient+1,f
  4059     0554  0B89               	decfsz	9,f
  4060     0555  2D52               	goto	u1625
  4061     0556  0871               	movf	___lwdiv@divisor+1,w
  4062     0557  0273               	subwf	___lwdiv@dividend+1,w
  4063     0558  1D03               	skipz
  4064     0559  2D5C               	goto	u1635
  4065     055A  0870               	movf	___lwdiv@divisor,w
  4066     055B  0272               	subwf	___lwdiv@dividend,w
  4067     055C                     u1635:
  4068     055C  1C03               	skipc
  4069     055D  2D63               	goto	l1789
  4070     055E  0870               	movf	___lwdiv@divisor,w
  4071     055F  02F2               	subwf	___lwdiv@dividend,f
  4072     0560  0871               	movf	___lwdiv@divisor+1,w
  4073     0561  3BF3               	subwfb	___lwdiv@dividend+1,f
  4074     0562  1475               	bsf	___lwdiv@quotient,0
  4075     0563                     l1789:
  4076     0563  3001               	movlw	1
  4077     0564                     u1645:
  4078     0564  36F1               	lsrf	___lwdiv@divisor+1,f
  4079     0565  0CF0               	rrf	___lwdiv@divisor,f
  4080     0566  0B89               	decfsz	9,f
  4081     0567  2D64               	goto	u1645
  4082     0568  3001               	movlw	1
  4083     0569  02F7               	subwf	___lwdiv@counter,f
  4084     056A  1D03               	btfss	3,2
  4085     056B  2D51               	goto	l1783
  4086     056C                     l1793:
  4087     056C  0876               	movf	___lwdiv@quotient+1,w
  4088     056D  00F1               	movwf	?___lwdiv+1
  4089     056E  0875               	movf	___lwdiv@quotient,w
  4090     056F  00F0               	movwf	?___lwdiv
  4091     0570  0008               	return
  4092     0571                     __end_of___lwdiv:
  4093                           
  4094                           	psect	text10
  4095     0656                     __ptext10:	
  4096 ;; *************** function _display_set_brightness *****************
  4097 ;; Defined at:
  4098 ;;		line 59 in file "display.c"
  4099 ;; Parameters:    Size  Location     Type
  4100 ;;  brightness      1    wreg     unsigned char 
  4101 ;; Auto vars:     Size  Location     Type
  4102 ;;  brightness      1   10[COMMON] unsigned char 
  4103 ;; Return value:  Size  Location     Type
  4104 ;;                  1    wreg      _Bool 
  4105 ;; Registers used:
  4106 ;;		wreg, fsr1l, fsr1h, status,2, status,0, pclath, cstack
  4107 ;; Tracked objects:
  4108 ;;		On entry : 0/0
  4109 ;;		On exit  : 0/0
  4110 ;;		Unchanged: 0/0
  4111 ;; Data sizes:     COMMON   BANK0   BANK1   BANK2
  4112 ;;      Params:         0       0       0       0
  4113 ;;      Locals:         1       0       0       0
  4114 ;;      Temps:          1       0       0       0
  4115 ;;      Totals:         2       0       0       0
  4116 ;;Total ram usage:        2 bytes
  4117 ;; Hardware stack levels used: 1
  4118 ;; Hardware stack levels required when called: 6
  4119 ;; This function calls:
  4120 ;;		_display_push_ctrl
  4121 ;; This function is called by:
  4122 ;;		_main
  4123 ;; This function uses a non-reentrant model
  4124 ;;
  4125                           
  4126     0656                     _display_set_brightness:	
  4127                           ;psect for function _display_set_brightness
  4128                           
  4129                           
  4130                           ;incstack = 0
  4131                           ; Regs used in _display_set_brightness: [wreg+fsr1l+fsr1h+status,2+status,0+pclath+cstac
      +                          k]
  4132                           ;display_set_brightness@brightness stored from wreg
  4133     0656  00FA               	movwf	display_set_brightness@brightness
  4134                           
  4135                           ;display.c: 59: _Bool display_set_brightness(uint8_t brightness);display.c: 60: {;displa
      +                          y.c: 61:     if (brightness > 7u) brightness = 7u;
  4136     0657  3008               	movlw	8
  4137     0658  027A               	subwf	display_set_brightness@brightness,w
  4138     0659  1C03               	skipc
  4139     065A  2E5D               	goto	l1911
  4140     065B  3007               	movlw	7
  4141     065C  00FA               	movwf	display_set_brightness@brightness
  4142     065D                     l1911:
  4143                           
  4144                           ;display.c: 62:     s_ctrl_reg = (uint8_t)((s_ctrl_reg & 0x8Fu) | (brightness << 4));
  4145     065D  087A               	movf	display_set_brightness@brightness,w
  4146     065E  00F9               	movwf	??_display_set_brightness
  4147     065F  3004               	movlw	4
  4148     0660                     u1765:
  4149     0660  35F9               	lslf	??_display_set_brightness,f
  4150     0661  0B89               	decfsz	9,f
  4151     0662  2E60               	goto	u1765
  4152     0663  0140               	movlb	0	; select bank0
  4153     0664  0866               	movf	_s_ctrl_reg,w
  4154     0665  398F               	andlw	143
  4155     0666  0479               	iorwf	??_display_set_brightness,w
  4156     0667  00E6               	movwf	_s_ctrl_reg
  4157                           
  4158                           ;display.c: 63:     return display_push_ctrl();;	Return value of _display_set_brightness
      +                           is never used
  4159     0668  26E8               	fcall	_display_push_ctrl
  4160     0669  0008               	return
  4161     066A                     __end_of_display_set_brightness:
  4162                           
  4163                           	psect	text11
  4164     06E2                     __ptext11:	
  4165 ;; *************** function _display_init *****************
  4166 ;; Defined at:
  4167 ;;		line 41 in file "display.c"
  4168 ;; Parameters:    Size  Location     Type
  4169 ;;		None
  4170 ;; Auto vars:     Size  Location     Type
  4171 ;;		None
  4172 ;; Return value:  Size  Location     Type
  4173 ;;                  1    wreg      void 
  4174 ;; Registers used:
  4175 ;;		wreg, fsr0l, fsr0h, fsr1l, fsr1h, status,2, status,0, pclath, cstack
  4176 ;; Tracked objects:
  4177 ;;		On entry : 0/0
  4178 ;;		On exit  : 0/0
  4179 ;;		Unchanged: 0/0
  4180 ;; Data sizes:     COMMON   BANK0   BANK1   BANK2
  4181 ;;      Params:         0       0       0       0
  4182 ;;      Locals:         0       0       0       0
  4183 ;;      Temps:          0       0       0       0
  4184 ;;      Totals:         0       0       0       0
  4185 ;;Total ram usage:        0 bytes
  4186 ;; Hardware stack levels used: 1
  4187 ;; Hardware stack levels required when called: 8
  4188 ;; This function calls:
  4189 ;;		_display_clear_all
  4190 ;;		_display_push_ctrl
  4191 ;; This function is called by:
  4192 ;;		_main
  4193 ;; This function uses a non-reentrant model
  4194 ;;
  4195                           
  4196     06E2                     _display_init:	
  4197                           ;psect for function _display_init
  4198                           
  4199                           
  4200                           ;display.c: 44:     s_ctrl_reg = (uint8_t)((4u << 4) | (0u << 3) | 1u);
  4201                           
  4202                           ;incstack = 0
  4203                           ; Regs used in _display_init: [wreg-fsr1h+status,2+status,0+pclath+cstack]
  4204     06E2  3041               	movlw	65
  4205     06E3  0140               	movlb	0	; select bank0
  4206     06E4  00E6               	movwf	_s_ctrl_reg
  4207                           
  4208                           ;display.c: 45:     display_push_ctrl();
  4209     06E5  26E8               	fcall	_display_push_ctrl
  4210                           
  4211                           ;display.c: 46:     display_clear_all();
  4212     06E6  25CC               	fcall	_display_clear_all
  4213     06E7  0008               	return
  4214     06E8                     __end_of_display_init:
  4215                           
  4216                           	psect	text12
  4217     06E8                     __ptext12:	
  4218 ;; *************** function _display_push_ctrl *****************
  4219 ;; Defined at:
  4220 ;;		line 36 in file "display.c"
  4221 ;; Parameters:    Size  Location     Type
  4222 ;;		None
  4223 ;; Auto vars:     Size  Location     Type
  4224 ;;		None
  4225 ;; Return value:  Size  Location     Type
  4226 ;;                  1    wreg      _Bool 
  4227 ;; Registers used:
  4228 ;;		wreg, fsr1l, fsr1h, status,2, status,0, pclath, cstack
  4229 ;; Tracked objects:
  4230 ;;		On entry : 0/0
  4231 ;;		On exit  : 0/0
  4232 ;;		Unchanged: 0/0
  4233 ;; Data sizes:     COMMON   BANK0   BANK1   BANK2
  4234 ;;      Params:         0       0       0       0
  4235 ;;      Locals:         0       0       0       0
  4236 ;;      Temps:          0       0       0       0
  4237 ;;      Totals:         0       0       0       0
  4238 ;;Total ram usage:        0 bytes
  4239 ;; Hardware stack levels used: 1
  4240 ;; Hardware stack levels required when called: 5
  4241 ;; This function calls:
  4242 ;;		_I2C1_WriteByte
  4243 ;; This function is called by:
  4244 ;;		_display_init
  4245 ;;		_display_set_brightness
  4246 ;;		_display_display_on
  4247 ;; This function uses a non-reentrant model
  4248 ;;
  4249                           
  4250     06E8                     _display_push_ctrl:	
  4251                           ;psect for function _display_push_ctrl
  4252                           
  4253                           
  4254                           ;display.c: 38:     return I2C1_WriteByte(0x24u, s_ctrl_reg);
  4255                           
  4256                           ;incstack = 0
  4257                           ; Regs used in _display_push_ctrl: [wreg+fsr1l+fsr1h+status,2+status,0+pclath+cstack]
  4258     06E8  0140               	movlb	0	; select bank0
  4259     06E9  0866               	movf	_s_ctrl_reg,w
  4260     06EA  00F7               	movwf	I2C1_WriteByte@data
  4261     06EB  3024               	movlw	36
  4262     06EC  26D2               	fcall	_I2C1_WriteByte
  4263     06ED  0008               	return
  4264     06EE                     __end_of_display_push_ctrl:
  4265                           
  4266                           	psect	text13
  4267     05CC                     __ptext13:	
  4268 ;; *************** function _display_clear_all *****************
  4269 ;; Defined at:
  4270 ;;		line 85 in file "display.c"
  4271 ;; Parameters:    Size  Location     Type
  4272 ;;		None
  4273 ;; Auto vars:     Size  Location     Type
  4274 ;;  i               1    2[BANK0 ] unsigned char 
  4275 ;;  ok              1    1[BANK0 ] _Bool 
  4276 ;; Return value:  Size  Location     Type
  4277 ;;                  1    wreg      _Bool 
  4278 ;; Registers used:
  4279 ;;		wreg, fsr0l, fsr0h, fsr1l, fsr1h, status,2, status,0, pclath, cstack
  4280 ;; Tracked objects:
  4281 ;;		On entry : 0/0
  4282 ;;		On exit  : 0/0
  4283 ;;		Unchanged: 0/0
  4284 ;; Data sizes:     COMMON   BANK0   BANK1   BANK2
  4285 ;;      Params:         0       0       0       0
  4286 ;;      Locals:         0       3       0       0
  4287 ;;      Temps:          1       0       0       0
  4288 ;;      Totals:         1       3       0       0
  4289 ;;Total ram usage:        4 bytes
  4290 ;; Hardware stack levels used: 1
  4291 ;; Hardware stack levels required when called: 7
  4292 ;; This function calls:
  4293 ;;		_display_clear_digit
  4294 ;; This function is called by:
  4295 ;;		_display_init
  4296 ;; This function uses a non-reentrant model
  4297 ;;
  4298                           
  4299     05CC                     _display_clear_all:	
  4300                           ;psect for function _display_clear_all
  4301                           
  4302                           
  4303                           ;display.c: 87:     _Bool ok = 1;
  4304                           
  4305                           ;incstack = 0
  4306                           ; Regs used in _display_clear_all: [wreg-fsr1h+status,2+status,0+pclath+cstack]
  4307     05CC  0140               	movlb	0	; select bank0
  4308     05CD  01A1               	clrf	display_clear_all@ok
  4309     05CE  0AA1               	incf	display_clear_all@ok,f
  4310                           
  4311                           ;display.c: 88:     for (uint8_t i = 0; i < 4; i++) {
  4312     05CF  01A2               	clrf	display_clear_all@i
  4313     05D0                     l1703:
  4314                           
  4315                           ;display.c: 89:         ok = display_clear_digit(i) && ok;
  4316     05D0  01A0               	clrf	_display_clear_all$663
  4317     05D1  0822               	movf	display_clear_all@i,w
  4318     05D2  26FA               	fcall	_display_clear_digit
  4319     05D3  3A00               	xorlw	0
  4320     05D4  1903               	skipnz
  4321     05D5  2DDC               	goto	l1711
  4322     05D6  0140               	movlb	0	; select bank0
  4323     05D7  0821               	movf	display_clear_all@ok,w
  4324     05D8  1903               	btfsc	3,2
  4325     05D9  2DDC               	goto	l1711
  4326     05DA  01A0               	clrf	_display_clear_all$663
  4327     05DB  0AA0               	incf	_display_clear_all$663,f
  4328     05DC                     l1711:
  4329     05DC  0140               	movlb	0	; select bank0
  4330     05DD  0820               	movf	_display_clear_all$663,w
  4331     05DE  1903               	btfsc	3,2
  4332     05DF  2DE2               	goto	u1440
  4333     05E0  3001               	movlw	1
  4334     05E1  2DE3               	goto	u1450
  4335     05E2                     u1440:
  4336     05E2  3000               	movlw	0
  4337     05E3                     u1450:
  4338     05E3  00A1               	movwf	display_clear_all@ok
  4339                           
  4340                           ;display.c: 90:     }
  4341     05E4  3001               	movlw	1
  4342     05E5  00FC               	movwf	??_display_clear_all
  4343     05E6  087C               	movf	??_display_clear_all,w
  4344     05E7  07A2               	addwf	display_clear_all@i,f
  4345     05E8  3004               	movlw	4
  4346     05E9  0222               	subwf	display_clear_all@i,w
  4347     05EA  1803               	btfsc	3,0
  4348     05EB  0008               	return
  4349     05EC  2DD0               	goto	l1703
  4350     05ED                     __end_of_display_clear_all:
  4351                           
  4352                           	psect	text14
  4353     06FA                     __ptext14:	
  4354 ;; *************** function _display_clear_digit *****************
  4355 ;; Defined at:
  4356 ;;		line 80 in file "display.c"
  4357 ;; Parameters:    Size  Location     Type
  4358 ;;  position        1    wreg     unsigned char 
  4359 ;; Auto vars:     Size  Location     Type
  4360 ;;  position        1   11[COMMON] unsigned char 
  4361 ;; Return value:  Size  Location     Type
  4362 ;;                  1    wreg      _Bool 
  4363 ;; Registers used:
  4364 ;;		wreg, fsr0l, fsr0h, fsr1l, fsr1h, status,2, status,0, pclath, cstack
  4365 ;; Tracked objects:
  4366 ;;		On entry : 0/0
  4367 ;;		On exit  : 0/0
  4368 ;;		Unchanged: 0/0
  4369 ;; Data sizes:     COMMON   BANK0   BANK1   BANK2
  4370 ;;      Params:         0       0       0       0
  4371 ;;      Locals:         1       0       0       0
  4372 ;;      Temps:          0       0       0       0
  4373 ;;      Totals:         1       0       0       0
  4374 ;;Total ram usage:        1 bytes
  4375 ;; Hardware stack levels used: 1
  4376 ;; Hardware stack levels required when called: 6
  4377 ;; This function calls:
  4378 ;;		_display_write_digit_raw
  4379 ;; This function is called by:
  4380 ;;		_display_clear_all
  4381 ;;		_display_write_number
  4382 ;; This function uses a non-reentrant model
  4383 ;;
  4384                           
  4385     06FA                     _display_clear_digit:	
  4386                           ;psect for function _display_clear_digit
  4387                           
  4388                           
  4389                           ;incstack = 0
  4390                           ; Regs used in _display_clear_digit: [wreg-fsr1h+status,2+status,0+pclath+cstack]
  4391                           ;display_clear_digit@position stored from wreg
  4392     06FA  00FB               	movwf	display_clear_digit@position
  4393                           
  4394                           ;display.c: 80: _Bool display_clear_digit(uint8_t position);display.c: 81: {;display.c: 
      +                          82:     return display_write_digit_raw(position, 0x00u);
  4395     06FB  01F9               	clrf	display_write_digit_raw@segments
  4396     06FC  087B               	movf	display_clear_digit@position,w
  4397     06FD  266A               	fcall	_display_write_digit_raw
  4398     06FE  0008               	return
  4399     06FF                     __end_of_display_clear_digit:
  4400                           
  4401                           	psect	text15
  4402     066A                     __ptext15:	
  4403 ;; *************** function _display_write_digit_raw *****************
  4404 ;; Defined at:
  4405 ;;		line 66 in file "display.c"
  4406 ;; Parameters:    Size  Location     Type
  4407 ;;  position        1    wreg     unsigned char 
  4408 ;;  segments        1    9[COMMON] unsigned char 
  4409 ;; Auto vars:     Size  Location     Type
  4410 ;;  position        1   10[COMMON] unsigned char 
  4411 ;; Return value:  Size  Location     Type
  4412 ;;                  1    wreg      _Bool 
  4413 ;; Registers used:
  4414 ;;		wreg, fsr0l, fsr0h, fsr1l, fsr1h, status,2, status,0, pclath, cstack
  4415 ;; Tracked objects:
  4416 ;;		On entry : 0/0
  4417 ;;		On exit  : 0/0
  4418 ;;		Unchanged: 0/0
  4419 ;; Data sizes:     COMMON   BANK0   BANK1   BANK2
  4420 ;;      Params:         1       0       0       0
  4421 ;;      Locals:         1       0       0       0
  4422 ;;      Temps:          0       0       0       0
  4423 ;;      Totals:         2       0       0       0
  4424 ;;Total ram usage:        2 bytes
  4425 ;; Hardware stack levels used: 1
  4426 ;; Hardware stack levels required when called: 5
  4427 ;; This function calls:
  4428 ;;		_I2C1_WriteByte
  4429 ;; This function is called by:
  4430 ;;		_display_write_digit_hex
  4431 ;;		_display_clear_digit
  4432 ;; This function uses a non-reentrant model
  4433 ;;
  4434                           
  4435     066A                     _display_write_digit_raw:	
  4436                           ;psect for function _display_write_digit_raw
  4437                           
  4438                           
  4439                           ;incstack = 0
  4440                           ; Regs used in _display_write_digit_raw: [wreg-fsr1h+status,2+status,0+pclath+cstack]
  4441                           ;display_write_digit_raw@position stored from wreg
  4442     066A  00FA               	movwf	display_write_digit_raw@position
  4443                           
  4444                           ;display.c: 66: _Bool display_write_digit_raw(uint8_t position, uint8_t segments);displa
      +                          y.c: 67: {;display.c: 68:     if (position >= 4) return 0;
  4445     066B  3004               	movlw	4
  4446     066C  027A               	subwf	display_write_digit_raw@position,w
  4447     066D  1C03               	skipc
  4448     066E  2E71               	goto	l1619
  4449     066F  3000               	movlw	0
  4450     0670  0008               	return
  4451     0671                     l1619:
  4452                           
  4453                           ;display.c: 69:     return I2C1_WriteByte(display_digit_addr[position], segments);
  4454     0671  0879               	movf	display_write_digit_raw@segments,w
  4455     0672  00F7               	movwf	I2C1_WriteByte@data
  4456     0673  087A               	movf	display_write_digit_raw@position,w
  4457     0674  3EFF               	addlw	low (_display_digit_addr| (0+32768))
  4458     0675  0084               	movwf	4
  4459     0676  3086               	movlw	high (_display_digit_addr| (0+32768))
  4460     0677  1803               	skipnc
  4461     0678  3E01               	addlw	1
  4462     0679  0085               	movwf	5
  4463     067A  0800               	movf	0,w	;code access
  4464     067B  26D2               	fcall	_I2C1_WriteByte
  4465     067C  0008               	return
  4466     067D                     __end_of_display_write_digit_raw:
  4467                           
  4468                           	psect	text16
  4469     06D2                     __ptext16:	
  4470 ;; *************** function _I2C1_WriteByte *****************
  4471 ;; Defined at:
  4472 ;;		line 120 in file "i2c1.c"
  4473 ;; Parameters:    Size  Location     Type
  4474 ;;  addr7           1    wreg     unsigned char 
  4475 ;;  data            1    7[COMMON] unsigned char 
  4476 ;; Auto vars:     Size  Location     Type
  4477 ;;  addr7           1    8[COMMON] unsigned char 
  4478 ;; Return value:  Size  Location     Type
  4479 ;;                  1    wreg      _Bool 
  4480 ;; Registers used:
  4481 ;;		wreg, fsr1l, fsr1h, status,2, status,0, pclath, cstack
  4482 ;; Tracked objects:
  4483 ;;		On entry : 0/0
  4484 ;;		On exit  : 0/0
  4485 ;;		Unchanged: 0/0
  4486 ;; Data sizes:     COMMON   BANK0   BANK1   BANK2
  4487 ;;      Params:         1       0       0       0
  4488 ;;      Locals:         1       0       0       0
  4489 ;;      Temps:          0       0       0       0
  4490 ;;      Totals:         2       0       0       0
  4491 ;;Total ram usage:        2 bytes
  4492 ;; Hardware stack levels used: 1
  4493 ;; Hardware stack levels required when called: 4
  4494 ;; This function calls:
  4495 ;;		_I2C1_Write
  4496 ;; This function is called by:
  4497 ;;		_display_push_ctrl
  4498 ;;		_display_write_digit_raw
  4499 ;; This function uses a non-reentrant model
  4500 ;;
  4501                           
  4502     06D2                     _I2C1_WriteByte:	
  4503                           ;psect for function _I2C1_WriteByte
  4504                           
  4505                           
  4506                           ;incstack = 0
  4507                           ; Regs used in _I2C1_WriteByte: [wreg+fsr1l+fsr1h+status,2+status,0+pclath+cstack]
  4508                           ;I2C1_WriteByte@addr7 stored from wreg
  4509     06D2  00F8               	movwf	I2C1_WriteByte@addr7
  4510                           
  4511                           ;i2c1.c: 120: _Bool I2C1_WriteByte(uint8_t addr7, uint8_t data);i2c1.c: 121: {;i2c1.c: 1
      +                          22:     return I2C1_Write(addr7, &data, 1);
  4512     06D3  3077               	movlw	(low (I2C1_WriteByte@data| 0))& (0+255)
  4513     06D4  00F1               	movwf	I2C1_Write@data
  4514     06D5  01F2               	clrf	I2C1_Write@len
  4515     06D6  0AF2               	incf	I2C1_Write@len,f
  4516     06D7  0878               	movf	I2C1_WriteByte@addr7,w
  4517     06D8  25ED               	fcall	_I2C1_Write
  4518     06D9  0008               	return
  4519     06DA                     __end_of_I2C1_WriteByte:
  4520                           
  4521                           	psect	text17
  4522     05ED                     __ptext17:	
  4523 ;; *************** function _I2C1_Write *****************
  4524 ;; Defined at:
  4525 ;;		line 105 in file "i2c1.c"
  4526 ;; Parameters:    Size  Location     Type
  4527 ;;  addr7           1    wreg     unsigned char 
  4528 ;;  data            1    1[COMMON] PTR const unsigned char 
  4529 ;;		 -> I2C1_WriteByte@data(1), 
  4530 ;;  len             1    2[COMMON] unsigned char 
  4531 ;; Auto vars:     Size  Location     Type
  4532 ;;  addr7           1    4[COMMON] unsigned char 
  4533 ;;  i               1    5[COMMON] unsigned char 
  4534 ;;  ok              1    6[COMMON] _Bool 
  4535 ;; Return value:  Size  Location     Type
  4536 ;;                  1    wreg      _Bool 
  4537 ;; Registers used:
  4538 ;;		wreg, fsr1l, fsr1h, status,2, status,0, pclath, cstack
  4539 ;; Tracked objects:
  4540 ;;		On entry : 0/0
  4541 ;;		On exit  : 0/0
  4542 ;;		Unchanged: 0/0
  4543 ;; Data sizes:     COMMON   BANK0   BANK1   BANK2
  4544 ;;      Params:         2       0       0       0
  4545 ;;      Locals:         3       0       0       0
  4546 ;;      Temps:          1       0       0       0
  4547 ;;      Totals:         6       0       0       0
  4548 ;;Total ram usage:        6 bytes
  4549 ;; Hardware stack levels used: 1
  4550 ;; Hardware stack levels required when called: 3
  4551 ;; This function calls:
  4552 ;;		_I2C1_PutByte
  4553 ;;		_I2C1_Start
  4554 ;;		_I2C1_Stop
  4555 ;; This function is called by:
  4556 ;;		_I2C1_WriteByte
  4557 ;; This function uses a non-reentrant model
  4558 ;;
  4559                           
  4560     05ED                     _I2C1_Write:	
  4561                           ;psect for function _I2C1_Write
  4562                           
  4563                           
  4564                           ;incstack = 0
  4565                           ; Regs used in _I2C1_Write: [wreg+fsr1l+fsr1h+status,2+status,0+pclath+cstack]
  4566                           ;I2C1_Write@addr7 stored from wreg
  4567     05ED  00F4               	movwf	I2C1_Write@addr7
  4568                           
  4569                           ;i2c1.c: 109:     I2C1_Start();
  4570     05EE  26F4               	fcall	_I2C1_Start
  4571                           
  4572                           ;i2c1.c: 110:     ok = I2C1_PutByte((uint8_t)(addr7 << 1) | 0u);
  4573     05EF  3574               	lslf	I2C1_Write@addr7,w
  4574     05F0  26AD               	fcall	_I2C1_PutByte
  4575     05F1  00F6               	movwf	I2C1_Write@ok
  4576                           
  4577                           ;i2c1.c: 112:     for (uint8_t i = 0; ok && (i < len); i++) {
  4578     05F2  01F5               	clrf	I2C1_Write@i
  4579     05F3  2E05               	goto	l1599
  4580     05F4                     l1601:
  4581     05F4  0872               	movf	I2C1_Write@len,w
  4582     05F5  0275               	subwf	I2C1_Write@i,w
  4583     05F6  1803               	btfsc	3,0
  4584     05F7  2E08               	goto	l1603
  4585                           
  4586                           ;i2c1.c: 113:         ok = I2C1_PutByte(data[i]);
  4587     05F8  0875               	movf	I2C1_Write@i,w
  4588     05F9  0771               	addwf	I2C1_Write@data,w
  4589     05FA  00F3               	movwf	??_I2C1_Write
  4590     05FB  0873               	movf	??_I2C1_Write,w
  4591     05FC  0086               	movwf	6
  4592     05FD  0187               	clrf	7
  4593     05FE  0801               	movf	1,w
  4594     05FF  26AD               	fcall	_I2C1_PutByte
  4595     0600  00F6               	movwf	I2C1_Write@ok
  4596                           
  4597                           ;i2c1.c: 114:     }
  4598     0601  3001               	movlw	1
  4599     0602  00F3               	movwf	??_I2C1_Write
  4600     0603  0873               	movf	??_I2C1_Write,w
  4601     0604  07F5               	addwf	I2C1_Write@i,f
  4602     0605                     l1599:
  4603     0605  0876               	movf	I2C1_Write@ok,w
  4604     0606  1D03               	btfss	3,2
  4605     0607  2DF4               	goto	l1601
  4606     0608                     l1603:
  4607                           
  4608                           ;i2c1.c: 116:     I2C1_Stop();
  4609     0608  26EE               	fcall	_I2C1_Stop
  4610                           
  4611                           ;i2c1.c: 117:     return ok;
  4612     0609  0876               	movf	I2C1_Write@ok,w
  4613     060A  0008               	return
  4614     060B                     __end_of_I2C1_Write:
  4615                           
  4616                           	psect	text18
  4617     06EE                     __ptext18:	
  4618 ;; *************** function _I2C1_Stop *****************
  4619 ;; Defined at:
  4620 ;;		line 44 in file "i2c1.c"
  4621 ;; Parameters:    Size  Location     Type
  4622 ;;		None
  4623 ;; Auto vars:     Size  Location     Type
  4624 ;;		None
  4625 ;; Return value:  Size  Location     Type
  4626 ;;                  1    wreg      void 
  4627 ;; Registers used:
  4628 ;;		wreg, status,2, status,0, pclath, cstack
  4629 ;; Tracked objects:
  4630 ;;		On entry : 0/0
  4631 ;;		On exit  : 0/0
  4632 ;;		Unchanged: 0/0
  4633 ;; Data sizes:     COMMON   BANK0   BANK1   BANK2
  4634 ;;      Params:         0       0       0       0
  4635 ;;      Locals:         0       0       0       0
  4636 ;;      Temps:          0       0       0       0
  4637 ;;      Totals:         0       0       0       0
  4638 ;;Total ram usage:        0 bytes
  4639 ;; Hardware stack levels used: 1
  4640 ;; Hardware stack levels required when called: 2
  4641 ;; This function calls:
  4642 ;;		_I2C1_WaitIdle
  4643 ;; This function is called by:
  4644 ;;		_I2C1_Write
  4645 ;;		_I2C1_Read
  4646 ;; This function uses a non-reentrant model
  4647 ;;
  4648                           
  4649     06EE                     _I2C1_Stop:	
  4650                           ;psect for function _I2C1_Stop
  4651                           
  4652                           
  4653                           ;i2c1.c: 46:     I2C1_WaitIdle();
  4654                           
  4655                           ;incstack = 0
  4656                           ; Regs used in _I2C1_Stop: [wreg+status,2+status,0+pclath+cstack]
  4657     06EE  26DA               	fcall	_I2C1_WaitIdle
  4658                           
  4659                           ;i2c1.c: 47:     SSP1CON2bits.PEN = 1;
  4660     06EF  0143               	movlb	3	; select bank3
  4661     06F0  1511               	bsf	17,2	;volatile
  4662     06F1                     l317:	
  4663                           ;i2c1.c: 48:     while (SSP1CON2bits.PEN) { ; }
  4664                           
  4665     06F1  1D11               	btfss	17,2	;volatile
  4666     06F2  0008               	return
  4667     06F3  2EF1               	goto	l317
  4668     06F4                     __end_of_I2C1_Stop:
  4669                           
  4670                           	psect	text19
  4671     06F4                     __ptext19:	
  4672 ;; *************** function _I2C1_Start *****************
  4673 ;; Defined at:
  4674 ;;		line 30 in file "i2c1.c"
  4675 ;; Parameters:    Size  Location     Type
  4676 ;;		None
  4677 ;; Auto vars:     Size  Location     Type
  4678 ;;		None
  4679 ;; Return value:  Size  Location     Type
  4680 ;;                  1    wreg      void 
  4681 ;; Registers used:
  4682 ;;		wreg, status,2, status,0, pclath, cstack
  4683 ;; Tracked objects:
  4684 ;;		On entry : 0/0
  4685 ;;		On exit  : 0/0
  4686 ;;		Unchanged: 0/0
  4687 ;; Data sizes:     COMMON   BANK0   BANK1   BANK2
  4688 ;;      Params:         0       0       0       0
  4689 ;;      Locals:         0       0       0       0
  4690 ;;      Temps:          0       0       0       0
  4691 ;;      Totals:         0       0       0       0
  4692 ;;Total ram usage:        0 bytes
  4693 ;; Hardware stack levels used: 1
  4694 ;; Hardware stack levels required when called: 2
  4695 ;; This function calls:
  4696 ;;		_I2C1_WaitIdle
  4697 ;; This function is called by:
  4698 ;;		_I2C1_Write
  4699 ;;		_I2C1_Read
  4700 ;; This function uses a non-reentrant model
  4701 ;;
  4702                           
  4703     06F4                     _I2C1_Start:	
  4704                           ;psect for function _I2C1_Start
  4705                           
  4706                           
  4707                           ;i2c1.c: 32:     I2C1_WaitIdle();
  4708                           
  4709                           ;incstack = 0
  4710                           ; Regs used in _I2C1_Start: [wreg+status,2+status,0+pclath+cstack]
  4711     06F4  26DA               	fcall	_I2C1_WaitIdle
  4712                           
  4713                           ;i2c1.c: 33:     SSP1CON2bits.SEN = 1;
  4714     06F5  0143               	movlb	3	; select bank3
  4715     06F6  1411               	bsf	17,0	;volatile
  4716     06F7                     l305:	
  4717                           ;i2c1.c: 34:     while (SSP1CON2bits.SEN) { ; }
  4718                           
  4719     06F7  1C11               	btfss	17,0	;volatile
  4720     06F8  0008               	return
  4721     06F9  2EF7               	goto	l305
  4722     06FA                     __end_of_I2C1_Start:
  4723                           
  4724                           	psect	text20
  4725     06AD                     __ptext20:	
  4726 ;; *************** function _I2C1_PutByte *****************
  4727 ;; Defined at:
  4728 ;;		line 52 in file "i2c1.c"
  4729 ;; Parameters:    Size  Location     Type
  4730 ;;  b               1    wreg     unsigned char 
  4731 ;; Auto vars:     Size  Location     Type
  4732 ;;  b               1    0[COMMON] unsigned char 
  4733 ;; Return value:  Size  Location     Type
  4734 ;;                  1    wreg      _Bool 
  4735 ;; Registers used:
  4736 ;;		wreg, status,2, status,0, pclath, cstack
  4737 ;; Tracked objects:
  4738 ;;		On entry : 0/0
  4739 ;;		On exit  : 0/0
  4740 ;;		Unchanged: 0/0
  4741 ;; Data sizes:     COMMON   BANK0   BANK1   BANK2
  4742 ;;      Params:         0       0       0       0
  4743 ;;      Locals:         1       0       0       0
  4744 ;;      Temps:          0       0       0       0
  4745 ;;      Totals:         1       0       0       0
  4746 ;;Total ram usage:        1 bytes
  4747 ;; Hardware stack levels used: 1
  4748 ;; Hardware stack levels required when called: 2
  4749 ;; This function calls:
  4750 ;;		_I2C1_WaitIdle
  4751 ;; This function is called by:
  4752 ;;		_I2C1_Write
  4753 ;;		_I2C1_Read
  4754 ;; This function uses a non-reentrant model
  4755 ;;
  4756                           
  4757     06AD                     _I2C1_PutByte:	
  4758                           ;psect for function _I2C1_PutByte
  4759                           
  4760                           
  4761                           ;incstack = 0
  4762                           ; Regs used in _I2C1_PutByte: [wreg+status,2+status,0+pclath+cstack]
  4763                           ;I2C1_PutByte@b stored from wreg
  4764     06AD  00F0               	movwf	I2C1_PutByte@b
  4765                           
  4766                           ;i2c1.c: 52: static _Bool I2C1_PutByte(uint8_t b);i2c1.c: 53: {;i2c1.c: 54:     I2C1_Wai
      +                          tIdle();
  4767     06AE  26DA               	fcall	_I2C1_WaitIdle
  4768                           
  4769                           ;i2c1.c: 55:     SSP1BUF = b;
  4770     06AF  0870               	movf	I2C1_PutByte@b,w
  4771     06B0  0143               	movlb	3	; select bank3
  4772     06B1  008C               	movwf	12	;volatile
  4773                           
  4774                           ;i2c1.c: 56:     I2C1_WaitIdle();
  4775     06B2  26DA               	fcall	_I2C1_WaitIdle
  4776                           
  4777                           ;i2c1.c: 57:     return (SSP1CON2bits.ACKSTAT == 0);
  4778     06B3  1003               	clrc
  4779     06B4  0143               	movlb	3	; select bank3
  4780     06B5  1F11               	btfss	17,6	;volatile
  4781     06B6  1403               	setc
  4782     06B7  3000               	movlw	0
  4783     06B8  3D09               	addwfc	9,w
  4784     06B9  0008               	return
  4785     06BA                     __end_of_I2C1_PutByte:
  4786                           
  4787                           	psect	text21
  4788     06DA                     __ptext21:	
  4789 ;; *************** function _I2C1_WaitIdle *****************
  4790 ;; Defined at:
  4791 ;;		line 20 in file "i2c1.c"
  4792 ;; Parameters:    Size  Location     Type
  4793 ;;		None
  4794 ;; Auto vars:     Size  Location     Type
  4795 ;;		None
  4796 ;; Return value:  Size  Location     Type
  4797 ;;                  1    wreg      void 
  4798 ;; Registers used:
  4799 ;;		wreg, status,2
  4800 ;; Tracked objects:
  4801 ;;		On entry : 0/0
  4802 ;;		On exit  : 0/0
  4803 ;;		Unchanged: 0/0
  4804 ;; Data sizes:     COMMON   BANK0   BANK1   BANK2
  4805 ;;      Params:         0       0       0       0
  4806 ;;      Locals:         0       0       0       0
  4807 ;;      Temps:          0       0       0       0
  4808 ;;      Totals:         0       0       0       0
  4809 ;;Total ram usage:        0 bytes
  4810 ;; Hardware stack levels used: 1
  4811 ;; Hardware stack levels required when called: 1
  4812 ;; This function calls:
  4813 ;;		Nothing
  4814 ;; This function is called by:
  4815 ;;		_I2C1_Start
  4816 ;;		_I2C1_Stop
  4817 ;;		_I2C1_PutByte
  4818 ;;		_I2C1_RepeatedStart
  4819 ;;		_I2C1_GetByte
  4820 ;; This function uses a non-reentrant model
  4821 ;;
  4822                           
  4823     06DA                     _I2C1_WaitIdle:	
  4824                           ;psect for function _I2C1_WaitIdle
  4825                           
  4826     06DA                     l1567:	
  4827                           ;i2c1.c: 25:     while ((SSP1CON2 & 0x1Fu) || SSP1STATbits.R_nW) {
  4828                           
  4829                           ;incstack = 0
  4830                           ; Regs used in _I2C1_WaitIdle: [wreg+status,2]
  4831                           
  4832                           
  4833                           ;i2c1.c: 25:     while ((SSP1CON2 & 0x1Fu) || SSP1STATbits.R_nW) {
  4834     06DA  0143               	movlb	3	; select bank3
  4835     06DB  0811               	movf	17,w	;volatile
  4836     06DC  391F               	andlw	31
  4837     06DD  1D03               	btfss	3,2
  4838     06DE  2EDA               	goto	l1567
  4839     06DF  1D0F               	btfss	15,2	;volatile
  4840     06E0  0008               	return
  4841     06E1  2EDA               	goto	l1567
  4842     06E2                     __end_of_I2C1_WaitIdle:
  4843                           
  4844                           	psect	text22
  4845     04B7                     __ptext22:	
  4846 ;; *************** function _UART_Init *****************
  4847 ;; Defined at:
  4848 ;;		line 5 in file "uart.c"
  4849 ;; Parameters:    Size  Location     Type
  4850 ;;  baud            4   13[BANK0 ] unsigned long 
  4851 ;; Auto vars:     Size  Location     Type
  4852 ;;  spbrg           4   21[BANK0 ] unsigned long 
  4853 ;; Return value:  Size  Location     Type
  4854 ;;                  1    wreg      void 
  4855 ;; Registers used:
  4856 ;;		wreg, status,2, status,0, pclath, cstack
  4857 ;; Tracked objects:
  4858 ;;		On entry : 0/0
  4859 ;;		On exit  : 0/0
  4860 ;;		Unchanged: 0/0
  4861 ;; Data sizes:     COMMON   BANK0   BANK1   BANK2
  4862 ;;      Params:         0       4       0       0
  4863 ;;      Locals:         0       4       0       0
  4864 ;;      Temps:          0       4       0       0
  4865 ;;      Totals:         0      12       0       0
  4866 ;;Total ram usage:       12 bytes
  4867 ;; Hardware stack levels used: 1
  4868 ;; Hardware stack levels required when called: 2
  4869 ;; This function calls:
  4870 ;;		___lldiv
  4871 ;; This function is called by:
  4872 ;;		_main
  4873 ;; This function uses a non-reentrant model
  4874 ;;
  4875                           
  4876     04B7                     _UART_Init:	
  4877                           ;psect for function _UART_Init
  4878                           
  4879                           
  4880                           ;uart.c: 5: void UART_Init(uint32_t baud);uart.c: 6: {;uart.c: 7:     BAUD1CONbits.BRG16
      +                           = 1;
  4881                           
  4882                           ;incstack = 0
  4883                           ; Regs used in _UART_Init: [wreg+status,2+status,0+pclath+cstack]
  4884     04B7  0142               	movlb	2	; select bank2
  4885     04B8  159F               	bsf	31,3	;volatile
  4886                           
  4887                           ;uart.c: 8:     TX1STAbits.BRGH = 1;
  4888     04B9  151E               	bsf	30,2	;volatile
  4889                           
  4890                           ;uart.c: 9:     TX1STAbits.SYNC = 0;
  4891     04BA  121E               	bcf	30,4	;volatile
  4892                           
  4893                           ;uart.c: 11:     uint32_t spbrg = (32000000UL / (4UL * baud)) - 1;
  4894     04BB  0140               	movlb	0	; select bank0
  4895     04BC  082D               	movf	UART_Init@baud,w
  4896     04BD  00B1               	movwf	??_UART_Init
  4897     04BE  082E               	movf	UART_Init@baud+1,w
  4898     04BF  00B2               	movwf	??_UART_Init+1
  4899     04C0  082F               	movf	UART_Init@baud+2,w
  4900     04C1  00B3               	movwf	??_UART_Init+2
  4901     04C2  0830               	movf	UART_Init@baud+3,w
  4902     04C3  00B4               	movwf	??_UART_Init+3
  4903     04C4  3002               	movlw	2
  4904     04C5                     u1725:
  4905     04C5  35B1               	lslf	??_UART_Init,f
  4906     04C6  0DB2               	rlf	??_UART_Init+1,f
  4907     04C7  0DB3               	rlf	??_UART_Init+2,f
  4908     04C8  0DB4               	rlf	??_UART_Init+3,f
  4909     04C9  0B89               	decfsz	9,f
  4910     04CA  2CC5               	goto	u1725
  4911     04CB  0834               	movf	??_UART_Init+3,w
  4912     04CC  00A3               	movwf	___lldiv@divisor+3
  4913     04CD  0833               	movf	??_UART_Init+2,w
  4914     04CE  00A2               	movwf	___lldiv@divisor+2
  4915     04CF  0832               	movf	??_UART_Init+1,w
  4916     04D0  00A1               	movwf	___lldiv@divisor+1
  4917     04D1  0831               	movf	??_UART_Init,w
  4918     04D2  00A0               	movwf	___lldiv@divisor
  4919     04D3  3001               	movlw	1
  4920     04D4  00A7               	movwf	___lldiv@dividend+3
  4921     04D5  30E8               	movlw	232
  4922     04D6  00A6               	movwf	___lldiv@dividend+2
  4923     04D7  3048               	movlw	72
  4924     04D8  00A5               	movwf	___lldiv@dividend+1
  4925     04D9  3000               	movlw	0
  4926     04DA  00A4               	movwf	___lldiv@dividend
  4927     04DB  2464               	fcall	___lldiv
  4928     04DC  30FF               	movlw	255
  4929     04DD  0140               	movlb	0	; select bank0
  4930     04DE  0720               	addwf	?___lldiv,w
  4931     04DF  00B5               	movwf	UART_Init@spbrg
  4932     04E0  30FF               	movlw	255
  4933     04E1  3D21               	addwfc	?___lldiv+1,w
  4934     04E2  00B6               	movwf	UART_Init@spbrg+1
  4935     04E3  30FF               	movlw	255
  4936     04E4  3D22               	addwfc	?___lldiv+2,w
  4937     04E5  00B7               	movwf	UART_Init@spbrg+2
  4938     04E6  30FF               	movlw	255
  4939     04E7  3D23               	addwfc	?___lldiv+3,w
  4940     04E8  00B8               	movwf	UART_Init@spbrg+3
  4941                           
  4942                           ;uart.c: 12:     SP1BRGL = (uint8_t)(spbrg & 0xFF);
  4943     04E9  0835               	movf	UART_Init@spbrg,w
  4944     04EA  0142               	movlb	2	; select bank2
  4945     04EB  009B               	movwf	27	;volatile
  4946                           
  4947                           ;uart.c: 13:     SP1BRGH = (uint8_t)(spbrg >> 8);
  4948     04EC  0140               	movlb	0	; select bank0
  4949     04ED  0835               	movf	UART_Init@spbrg,w
  4950     04EE  00B1               	movwf	??_UART_Init
  4951     04EF  0836               	movf	UART_Init@spbrg+1,w
  4952     04F0  00B2               	movwf	??_UART_Init+1
  4953     04F1  0837               	movf	UART_Init@spbrg+2,w
  4954     04F2  00B3               	movwf	??_UART_Init+2
  4955     04F3  0838               	movf	UART_Init@spbrg+3,w
  4956     04F4  00B4               	movwf	??_UART_Init+3
  4957     04F5  3008               	movlw	8
  4958     04F6                     u1735:
  4959     04F6  36B4               	lsrf	??_UART_Init+3,f
  4960     04F7  0CB3               	rrf	??_UART_Init+2,f
  4961     04F8  0CB2               	rrf	??_UART_Init+1,f
  4962     04F9  0CB1               	rrf	??_UART_Init,f
  4963     04FA  0B89               	decfsz	9,f
  4964     04FB  2CF6               	goto	u1735
  4965     04FC  0831               	movf	??_UART_Init,w
  4966     04FD  0142               	movlb	2	; select bank2
  4967     04FE  009C               	movwf	28	;volatile
  4968                           
  4969                           ;uart.c: 15:     TX1STAbits.TX9 = 0;
  4970     04FF  131E               	bcf	30,6	;volatile
  4971                           
  4972                           ;uart.c: 16:     RC1STAbits.RX9 = 0;
  4973     0500  131D               	bcf	29,6	;volatile
  4974                           
  4975                           ;uart.c: 17:     RC1STAbits.CREN = 1;
  4976     0501  161D               	bsf	29,4	;volatile
  4977                           
  4978                           ;uart.c: 18:     TX1STAbits.TXEN = 1;
  4979     0502  169E               	bsf	30,5	;volatile
  4980                           
  4981                           ;uart.c: 19:     RC1STAbits.SPEN = 1;
  4982     0503  179D               	bsf	29,7	;volatile
  4983     0504  0008               	return
  4984     0505                     __end_of_UART_Init:
  4985                           
  4986                           	psect	text23
  4987     0464                     __ptext23:	
  4988 ;; *************** function ___lldiv *****************
  4989 ;; Defined at:
  4990 ;;		line 5 in file "C:\Program Files\Microchip\xc8\v2.41\pic\sources\c99\common\__lldiv.c"
  4991 ;; Parameters:    Size  Location     Type
  4992 ;;  divisor         4    0[BANK0 ] unsigned long 
  4993 ;;  dividend        4    4[BANK0 ] unsigned long 
  4994 ;; Auto vars:     Size  Location     Type
  4995 ;;  quotient        4    8[BANK0 ] unsigned long 
  4996 ;;  counter         1   12[BANK0 ] unsigned char 
  4997 ;; Return value:  Size  Location     Type
  4998 ;;                  4    0[BANK0 ] unsigned long 
  4999 ;; Registers used:
  5000 ;;		wreg, status,2, status,0
  5001 ;; Tracked objects:
  5002 ;;		On entry : 0/0
  5003 ;;		On exit  : 0/0
  5004 ;;		Unchanged: 0/0
  5005 ;; Data sizes:     COMMON   BANK0   BANK1   BANK2
  5006 ;;      Params:         0       8       0       0
  5007 ;;      Locals:         0       5       0       0
  5008 ;;      Temps:          1       0       0       0
  5009 ;;      Totals:         1      13       0       0
  5010 ;;Total ram usage:       14 bytes
  5011 ;; Hardware stack levels used: 1
  5012 ;; Hardware stack levels required when called: 1
  5013 ;; This function calls:
  5014 ;;		Nothing
  5015 ;; This function is called by:
  5016 ;;		_main
  5017 ;;		_UART_Init
  5018 ;;		_ADC_Read
  5019 ;; This function uses a non-reentrant model
  5020 ;;
  5021                           
  5022     0464                     ___lldiv:	
  5023                           ;psect for function ___lldiv
  5024                           
  5025                           
  5026                           ;incstack = 0
  5027                           ; Regs used in ___lldiv: [wreg+status,2+status,0]
  5028     0464  3000               	movlw	0
  5029     0465  0140               	movlb	0	; select bank0
  5030     0466  00AB               	movwf	___lldiv@quotient+3
  5031     0467  3000               	movlw	0
  5032     0468  00AA               	movwf	___lldiv@quotient+2
  5033     0469  3000               	movlw	0
  5034     046A  00A9               	movwf	___lldiv@quotient+1
  5035     046B  3000               	movlw	0
  5036     046C  00A8               	movwf	___lldiv@quotient
  5037     046D  0823               	movf	___lldiv@divisor+3,w
  5038     046E  0422               	iorwf	___lldiv@divisor+2,w
  5039     046F  0421               	iorwf	___lldiv@divisor+1,w
  5040     0470  0420               	iorwf	___lldiv@divisor,w
  5041     0471  1903               	skipnz
  5042     0472  2CAE               	goto	l1661
  5043     0473  01AC               	clrf	___lldiv@counter
  5044     0474  0AAC               	incf	___lldiv@counter,f
  5045     0475                     l1647:
  5046     0475  1BA3               	btfsc	___lldiv@divisor+3,7
  5047     0476  2C83               	goto	l1649
  5048     0477  3001               	movlw	1
  5049     0478                     u1315:
  5050     0478  35A0               	lslf	___lldiv@divisor,f
  5051     0479  0DA1               	rlf	___lldiv@divisor+1,f
  5052     047A  0DA2               	rlf	___lldiv@divisor+2,f
  5053     047B  0DA3               	rlf	___lldiv@divisor+3,f
  5054     047C  0B89               	decfsz	9,f
  5055     047D  2C78               	goto	u1315
  5056     047E  3001               	movlw	1
  5057     047F  00FC               	movwf	??___lldiv
  5058     0480  087C               	movf	??___lldiv,w
  5059     0481  07AC               	addwf	___lldiv@counter,f
  5060     0482  2C75               	goto	l1647
  5061     0483                     l1649:
  5062     0483  3001               	movlw	1
  5063     0484                     u1335:
  5064     0484  35A8               	lslf	___lldiv@quotient,f
  5065     0485  0DA9               	rlf	___lldiv@quotient+1,f
  5066     0486  0DAA               	rlf	___lldiv@quotient+2,f
  5067     0487  0DAB               	rlf	___lldiv@quotient+3,f
  5068     0488  0B89               	decfsz	9,f
  5069     0489  2C84               	goto	u1335
  5070     048A  0823               	movf	___lldiv@divisor+3,w
  5071     048B  0227               	subwf	___lldiv@dividend+3,w
  5072     048C  1D03               	skipz
  5073     048D  2C98               	goto	u1345
  5074     048E  0822               	movf	___lldiv@divisor+2,w
  5075     048F  0226               	subwf	___lldiv@dividend+2,w
  5076     0490  1D03               	skipz
  5077     0491  2C98               	goto	u1345
  5078     0492  0821               	movf	___lldiv@divisor+1,w
  5079     0493  0225               	subwf	___lldiv@dividend+1,w
  5080     0494  1D03               	skipz
  5081     0495  2C98               	goto	u1345
  5082     0496  0820               	movf	___lldiv@divisor,w
  5083     0497  0224               	subwf	___lldiv@dividend,w
  5084     0498                     u1345:
  5085     0498  1C03               	skipc
  5086     0499  2CA3               	goto	l1657
  5087     049A  0820               	movf	___lldiv@divisor,w
  5088     049B  02A4               	subwf	___lldiv@dividend,f
  5089     049C  0821               	movf	___lldiv@divisor+1,w
  5090     049D  3BA5               	subwfb	___lldiv@dividend+1,f
  5091     049E  0822               	movf	___lldiv@divisor+2,w
  5092     049F  3BA6               	subwfb	___lldiv@dividend+2,f
  5093     04A0  0823               	movf	___lldiv@divisor+3,w
  5094     04A1  3BA7               	subwfb	___lldiv@dividend+3,f
  5095     04A2  1428               	bsf	___lldiv@quotient,0
  5096     04A3                     l1657:
  5097     04A3  3001               	movlw	1
  5098     04A4                     u1355:
  5099     04A4  36A3               	lsrf	___lldiv@divisor+3,f
  5100     04A5  0CA2               	rrf	___lldiv@divisor+2,f
  5101     04A6  0CA1               	rrf	___lldiv@divisor+1,f
  5102     04A7  0CA0               	rrf	___lldiv@divisor,f
  5103     04A8  0B89               	decfsz	9,f
  5104     04A9  2CA4               	goto	u1355
  5105     04AA  3001               	movlw	1
  5106     04AB  02AC               	subwf	___lldiv@counter,f
  5107     04AC  1D03               	btfss	3,2
  5108     04AD  2C83               	goto	l1649
  5109     04AE                     l1661:
  5110     04AE  082B               	movf	___lldiv@quotient+3,w
  5111     04AF  00A3               	movwf	?___lldiv+3
  5112     04B0  082A               	movf	___lldiv@quotient+2,w
  5113     04B1  00A2               	movwf	?___lldiv+2
  5114     04B2  0829               	movf	___lldiv@quotient+1,w
  5115     04B3  00A1               	movwf	?___lldiv+1
  5116     04B4  0828               	movf	___lldiv@quotient,w
  5117     04B5  00A0               	movwf	?___lldiv
  5118     04B6  0008               	return
  5119     04B7                     __end_of___lldiv:
  5120                           
  5121                           	psect	text24
  5122     068D                     __ptext24:	
  5123 ;; *************** function _Timer0_1ms_Init *****************
  5124 ;; Defined at:
  5125 ;;		line 12 in file "timer_1ms.c"
  5126 ;; Parameters:    Size  Location     Type
  5127 ;;		None
  5128 ;; Auto vars:     Size  Location     Type
  5129 ;;		None
  5130 ;; Return value:  Size  Location     Type
  5131 ;;                  1    wreg      void 
  5132 ;; Registers used:
  5133 ;;		wreg
  5134 ;; Tracked objects:
  5135 ;;		On entry : 0/0
  5136 ;;		On exit  : 0/0
  5137 ;;		Unchanged: 0/0
  5138 ;; Data sizes:     COMMON   BANK0   BANK1   BANK2
  5139 ;;      Params:         0       0       0       0
  5140 ;;      Locals:         0       0       0       0
  5141 ;;      Temps:          0       0       0       0
  5142 ;;      Totals:         0       0       0       0
  5143 ;;Total ram usage:        0 bytes
  5144 ;; Hardware stack levels used: 1
  5145 ;; Hardware stack levels required when called: 1
  5146 ;; This function calls:
  5147 ;;		Nothing
  5148 ;; This function is called by:
  5149 ;;		_main
  5150 ;; This function uses a non-reentrant model
  5151 ;;
  5152                           
  5153     068D                     _Timer0_1ms_Init:	
  5154                           ;psect for function _Timer0_1ms_Init
  5155                           
  5156                           
  5157                           ;timer_1ms.c: 14:     T0CON1 = 0x43;
  5158                           
  5159                           ;incstack = 0
  5160                           ; Regs used in _Timer0_1ms_Init: [wreg]
  5161     068D  3043               	movlw	67
  5162     068E  014B               	movlb	11	; select bank11
  5163     068F  009F               	movwf	31	;volatile
  5164                           
  5165                           ;timer_1ms.c: 15:     TMR0H = 0xFC;
  5166     0690  30FC               	movlw	252
  5167     0691  009D               	movwf	29	;volatile
  5168                           
  5169                           ;timer_1ms.c: 16:     TMR0L = 0x18;
  5170     0692  3018               	movlw	24
  5171     0693  009C               	movwf	28	;volatile
  5172                           
  5173                           ;timer_1ms.c: 18:     PIR0bits.TMR0IF = 0;
  5174     0694  014E               	movlb	14	; select bank14
  5175     0695  128C               	bcf	12,5	;volatile
  5176                           
  5177                           ;timer_1ms.c: 19:     PIE0bits.TMR0IE = 1;
  5178     0696  1696               	bsf	22,5	;volatile
  5179                           
  5180                           ;timer_1ms.c: 20:     T0CON0 = 0x90;
  5181     0697  3090               	movlw	144
  5182     0698  014B               	movlb	11	; select bank11
  5183     0699  009E               	movwf	30	;volatile
  5184                           
  5185                           ;timer_1ms.c: 22:     INTCONbits.PEIE = 1;
  5186     069A  170B               	bsf	11,6	;volatile
  5187                           
  5188                           ;timer_1ms.c: 23:     INTCONbits.GIE = 1;
  5189     069B  178B               	bsf	11,7	;volatile
  5190     069C  0008               	return
  5191     069D                     __end_of_Timer0_1ms_Init:
  5192                           
  5193                           	psect	text25
  5194     063E                     __ptext25:	
  5195 ;; *************** function _PWM_Init *****************
  5196 ;; Defined at:
  5197 ;;		line 4 in file "pwm.c"
  5198 ;; Parameters:    Size  Location     Type
  5199 ;;		None
  5200 ;; Auto vars:     Size  Location     Type
  5201 ;;		None
  5202 ;; Return value:  Size  Location     Type
  5203 ;;                  1    wreg      void 
  5204 ;; Registers used:
  5205 ;;		wreg, status,2, status,0, pclath, cstack
  5206 ;; Tracked objects:
  5207 ;;		On entry : 0/0
  5208 ;;		On exit  : 0/0
  5209 ;;		Unchanged: 0/0
  5210 ;; Data sizes:     COMMON   BANK0   BANK1   BANK2
  5211 ;;      Params:         0       0       0       0
  5212 ;;      Locals:         0       0       0       0
  5213 ;;      Temps:          0       0       0       0
  5214 ;;      Totals:         0       0       0       0
  5215 ;;Total ram usage:        0 bytes
  5216 ;; Hardware stack levels used: 1
  5217 ;; Hardware stack levels required when called: 2
  5218 ;; This function calls:
  5219 ;;		_PWM_SetDuty
  5220 ;; This function is called by:
  5221 ;;		_main
  5222 ;; This function uses a non-reentrant model
  5223 ;;
  5224                           
  5225     063E                     _PWM_Init:	
  5226                           ;psect for function _PWM_Init
  5227                           
  5228                           
  5229                           ;pwm.c: 7:     PWM3CON = 0;
  5230                           
  5231                           ;incstack = 0
  5232                           ; Regs used in _PWM_Init: [wreg+status,2+status,0+pclath+cstack]
  5233     063E  0146               	movlb	6	; select bank6
  5234     063F  0196               	clrf	22	;volatile
  5235                           
  5236                           ;pwm.c: 8:     T2CLKCONbits.T2CS = 0b001;
  5237     0640  0145               	movlb	5	; select bank5
  5238     0641  0810               	movf	16,w	;volatile
  5239     0642  39F0               	andlw	-16
  5240     0643  3801               	iorlw	1
  5241     0644  0090               	movwf	16	;volatile
  5242                           
  5243                           ;pwm.c: 9:     T2CONbits.CKPS = 0b101;
  5244     0645  080E               	movf	14,w	;volatile
  5245     0646  398F               	andlw	-113
  5246     0647  3850               	iorlw	80
  5247     0648  008E               	movwf	14	;volatile
  5248                           
  5249                           ;pwm.c: 10:     T2CONbits.OUTPS = 0b0000;
  5250     0649  30F0               	movlw	-16
  5251     064A  058E               	andwf	14,f	;volatile
  5252                           
  5253                           ;pwm.c: 11:     T2PR = 249;
  5254     064B  30F9               	movlw	249
  5255     064C  008D               	movwf	13	;volatile
  5256                           
  5257                           ;pwm.c: 12:     T2CONbits.ON = 1;
  5258     064D  178E               	bsf	14,7	;volatile
  5259                           
  5260                           ;pwm.c: 14:     PWM3CONbits.POL = 0;
  5261     064E  0146               	movlb	6	; select bank6
  5262     064F  1216               	bcf	22,4	;volatile
  5263                           
  5264                           ;pwm.c: 15:     PWM3CONbits.EN = 1;
  5265     0650  1796               	bsf	22,7	;volatile
  5266                           
  5267                           ;pwm.c: 17:     PWM_SetDuty(0);
  5268     0651  3000               	movlw	0
  5269     0652  00F0               	movwf	PWM_SetDuty@permille
  5270     0653  00F1               	movwf	PWM_SetDuty@permille+1
  5271     0654  260B               	fcall	_PWM_SetDuty
  5272     0655  0008               	return
  5273     0656                     __end_of_PWM_Init:
  5274                           
  5275                           	psect	text26
  5276     060B                     __ptext26:	
  5277 ;; *************** function _PWM_SetDuty *****************
  5278 ;; Defined at:
  5279 ;;		line 20 in file "pwm.c"
  5280 ;; Parameters:    Size  Location     Type
  5281 ;;  permille        2    0[COMMON] unsigned short 
  5282 ;; Auto vars:     Size  Location     Type
  5283 ;;		None
  5284 ;; Return value:  Size  Location     Type
  5285 ;;                  1    wreg      void 
  5286 ;; Registers used:
  5287 ;;		wreg
  5288 ;; Tracked objects:
  5289 ;;		On entry : 0/0
  5290 ;;		On exit  : 0/0
  5291 ;;		Unchanged: 0/0
  5292 ;; Data sizes:     COMMON   BANK0   BANK1   BANK2
  5293 ;;      Params:         2       0       0       0
  5294 ;;      Locals:         0       0       0       0
  5295 ;;      Temps:          2       0       0       0
  5296 ;;      Totals:         4       0       0       0
  5297 ;;Total ram usage:        4 bytes
  5298 ;; Hardware stack levels used: 1
  5299 ;; Hardware stack levels required when called: 1
  5300 ;; This function calls:
  5301 ;;		Nothing
  5302 ;; This function is called by:
  5303 ;;		_PWM_Init
  5304 ;;		_tempSit
  5305 ;; This function uses a non-reentrant model
  5306 ;;
  5307                           
  5308     060B                     _PWM_SetDuty:	
  5309                           ;psect for function _PWM_SetDuty
  5310                           
  5311                           
  5312                           ;pwm.c: 20: void PWM_SetDuty(uint16_t permille);pwm.c: 21: {;pwm.c: 22:     if (permille
      +                           > 1000) permille = 1000;
  5313                           
  5314                           ;incstack = 0
  5315                           ; Regs used in _PWM_SetDuty: [wreg]
  5316     060B  3003               	movlw	3
  5317     060C  0271               	subwf	PWM_SetDuty@permille+1,w
  5318     060D  30E9               	movlw	233
  5319     060E  1903               	skipnz
  5320     060F  0270               	subwf	PWM_SetDuty@permille,w
  5321     0610  1C03               	skipc
  5322     0611  2E16               	goto	l197
  5323     0612  30E8               	movlw	232
  5324     0613  00F0               	movwf	PWM_SetDuty@permille
  5325     0614  3003               	movlw	3
  5326     0615  00F1               	movwf	PWM_SetDuty@permille+1
  5327     0616                     l197:
  5328                           
  5329                           ;pwm.c: 23:     PWM3DC = permille << 6;
  5330     0616  0871               	movf	PWM_SetDuty@permille+1,w
  5331     0617  00F3               	movwf	??_PWM_SetDuty+1
  5332     0618  0870               	movf	PWM_SetDuty@permille,w
  5333     0619  00F2               	movwf	??_PWM_SetDuty
  5334     061A  3006               	movlw	6
  5335     061B                     u1415:
  5336     061B  35F2               	lslf	??_PWM_SetDuty,f
  5337     061C  0DF3               	rlf	??_PWM_SetDuty+1,f
  5338     061D  0B89               	decfsz	9,f
  5339     061E  2E1B               	goto	u1415
  5340     061F  0872               	movf	??_PWM_SetDuty,w
  5341     0620  0146               	movlb	6	; select bank6
  5342     0621  0094               	movwf	20	;volatile
  5343     0622  0873               	movf	??_PWM_SetDuty+1,w
  5344     0623  0095               	movwf	21	;volatile
  5345     0624  0008               	return
  5346     0625                     __end_of_PWM_SetDuty:
  5347                           
  5348                           	psect	text27
  5349     06C6                     __ptext27:	
  5350 ;; *************** function _I2C1_Init *****************
  5351 ;; Defined at:
  5352 ;;		line 77 in file "i2c1.c"
  5353 ;; Parameters:    Size  Location     Type
  5354 ;;		None
  5355 ;; Auto vars:     Size  Location     Type
  5356 ;;		None
  5357 ;; Return value:  Size  Location     Type
  5358 ;;                  1    wreg      void 
  5359 ;; Registers used:
  5360 ;;		wreg, status,2, status,0
  5361 ;; Tracked objects:
  5362 ;;		On entry : 0/0
  5363 ;;		On exit  : 0/0
  5364 ;;		Unchanged: 0/0
  5365 ;; Data sizes:     COMMON   BANK0   BANK1   BANK2
  5366 ;;      Params:         0       0       0       0
  5367 ;;      Locals:         0       0       0       0
  5368 ;;      Temps:          0       0       0       0
  5369 ;;      Totals:         0       0       0       0
  5370 ;;Total ram usage:        0 bytes
  5371 ;; Hardware stack levels used: 1
  5372 ;; Hardware stack levels required when called: 1
  5373 ;; This function calls:
  5374 ;;		Nothing
  5375 ;; This function is called by:
  5376 ;;		_main
  5377 ;; This function uses a non-reentrant model
  5378 ;;
  5379                           
  5380     06C6                     _I2C1_Init:	
  5381                           ;psect for function _I2C1_Init
  5382                           
  5383                           
  5384                           ;i2c1.c: 94:     SSP1CON1 = 0x00;
  5385                           
  5386                           ;incstack = 0
  5387                           ; Regs used in _I2C1_Init: [wreg+status,2+status,0]
  5388     06C6  0143               	movlb	3	; select bank3
  5389     06C7  0190               	clrf	16	;volatile
  5390                           
  5391                           ;i2c1.c: 95:     SSP1CON1bits.SSPM = 0b1000;
  5392     06C8  0810               	movf	16,w	;volatile
  5393     06C9  39F0               	andlw	-16
  5394     06CA  3808               	iorlw	8
  5395     06CB  0090               	movwf	16	;volatile
  5396                           
  5397                           ;i2c1.c: 96:     SSP1STATbits.SMP = 1;
  5398     06CC  178F               	bsf	15,7	;volatile
  5399                           
  5400                           ;i2c1.c: 97:     SSP1STATbits.CKE = 0;
  5401     06CD  130F               	bcf	15,6	;volatile
  5402                           
  5403                           ;i2c1.c: 100:     SSP1ADD = (uint8_t)(((32000000UL / 4UL) / 100000UL) - 1UL);
  5404     06CE  304F               	movlw	79
  5405     06CF  008D               	movwf	13	;volatile
  5406                           
  5407                           ;i2c1.c: 102:     SSP1CON1bits.SSPEN = 1;
  5408     06D0  1690               	bsf	16,5	;volatile
  5409     06D1  0008               	return
  5410     06D2                     __end_of_I2C1_Init:
  5411                           
  5412                           	psect	text28
  5413     069D                     __ptext28:	
  5414 ;; *************** function _ADC_Init *****************
  5415 ;; Defined at:
  5416 ;;		line 5 in file "adc.c"
  5417 ;; Parameters:    Size  Location     Type
  5418 ;;		None
  5419 ;; Auto vars:     Size  Location     Type
  5420 ;;		None
  5421 ;; Return value:  Size  Location     Type
  5422 ;;                  1    wreg      void 
  5423 ;; Registers used:
  5424 ;;		wreg, status,2, status,0
  5425 ;; Tracked objects:
  5426 ;;		On entry : 0/0
  5427 ;;		On exit  : 0/0
  5428 ;;		Unchanged: 0/0
  5429 ;; Data sizes:     COMMON   BANK0   BANK1   BANK2
  5430 ;;      Params:         0       0       0       0
  5431 ;;      Locals:         0       0       0       0
  5432 ;;      Temps:          0       0       0       0
  5433 ;;      Totals:         0       0       0       0
  5434 ;;Total ram usage:        0 bytes
  5435 ;; Hardware stack levels used: 1
  5436 ;; Hardware stack levels required when called: 1
  5437 ;; This function calls:
  5438 ;;		Nothing
  5439 ;; This function is called by:
  5440 ;;		_main
  5441 ;; This function uses a non-reentrant model
  5442 ;;
  5443                           
  5444     069D                     _ADC_Init:	
  5445                           ;psect for function _ADC_Init
  5446                           
  5447                           
  5448                           ;adc.c: 8:     FVRCONbits.ADFVR = 0b11;
  5449                           
  5450                           ;incstack = 0
  5451                           ; Regs used in _ADC_Init: [wreg+status,2+status,0]
  5452     069D  3003               	movlw	3
  5453     069E  0152               	movlb	18	; select bank18
  5454     069F  048C               	iorwf	12,f	;volatile
  5455                           
  5456                           ;adc.c: 9:     FVRCONbits.FVREN = 1;
  5457     06A0  178C               	bsf	12,7	;volatile
  5458     06A1                     l163:	
  5459                           ;adc.c: 10:     while (!FVRCONbits.FVRRDY);
  5460                           
  5461     06A1  1F0C               	btfss	12,6	;volatile
  5462     06A2  2EA1               	goto	l163
  5463                           
  5464                           ;adc.c: 12:     ADCON1bits.FM = 1;
  5465     06A3  0141               	movlb	1	; select bank1
  5466     06A4  179E               	bsf	30,7	;volatile
  5467                           
  5468                           ;adc.c: 13:     ADCON1bits.CS = 0b010;
  5469     06A5  081E               	movf	30,w	;volatile
  5470     06A6  398F               	andlw	-113
  5471     06A7  3820               	iorlw	32
  5472     06A8  009E               	movwf	30	;volatile
  5473                           
  5474                           ;adc.c: 14:     ADCON1bits.PREF = 0b11;
  5475     06A9  3003               	movlw	3
  5476     06AA  049E               	iorwf	30,f	;volatile
  5477                           
  5478                           ;adc.c: 16:     ADCON0bits.ON = 1;
  5479     06AB  141D               	bsf	29,0	;volatile
  5480     06AC  0008               	return
  5481     06AD                     __end_of_ADC_Init:
  5482                           
  5483                           	psect	intentry
  5484     0004                     __pintentry:	
  5485 ;; *************** function _ISR *****************
  5486 ;; Defined at:
  5487 ;;		line 26 in file "timer_1ms.c"
  5488 ;; Parameters:    Size  Location     Type
  5489 ;;		None
  5490 ;; Auto vars:     Size  Location     Type
  5491 ;;		None
  5492 ;; Return value:  Size  Location     Type
  5493 ;;                  1    wreg      void 
  5494 ;; Registers used:
  5495 ;;		wreg
  5496 ;; Tracked objects:
  5497 ;;		On entry : 0/0
  5498 ;;		On exit  : 0/0
  5499 ;;		Unchanged: 0/0
  5500 ;; Data sizes:     COMMON   BANK0   BANK1   BANK2
  5501 ;;      Params:         0       0       0       0
  5502 ;;      Locals:         0       0       0       0
  5503 ;;      Temps:          0       0       0       0
  5504 ;;      Totals:         0       0       0       0
  5505 ;;Total ram usage:        0 bytes
  5506 ;; Hardware stack levels used: 1
  5507 ;; This function calls:
  5508 ;;		Nothing
  5509 ;; This function is called by:
  5510 ;;		Interrupt level 1
  5511 ;; This function uses a non-reentrant model
  5512 ;;
  5513                           
  5514     0004                     _ISR:
  5515                           
  5516                           ;incstack = 0
  5517     0004  147E               	bsf	126,0	;set compiler interrupt flag (level 1)
  5518                           
  5519                           ; Regs used in _ISR: [wreg]
  5520     0005  3180               	pagesel	$
  5521                           
  5522                           ;timer_1ms.c: 28:     if (PIR0bits.TMR0IF)
  5523     0006  014E               	movlb	14	; select bank14
  5524     0007  1E8C               	btfss	12,5	;volatile
  5525     0008  2812               	goto	i1l379
  5526                           
  5527                           ;timer_1ms.c: 29:     {;timer_1ms.c: 30:         PIR0bits.TMR0IF = 0;
  5528     0009  128C               	bcf	12,5	;volatile
  5529                           
  5530                           ;timer_1ms.c: 31:         TMR0H = 0xFC;
  5531     000A  30FC               	movlw	252
  5532     000B  014B               	movlb	11	; select bank11
  5533     000C  009D               	movwf	29	;volatile
  5534                           
  5535                           ;timer_1ms.c: 32:         TMR0L = 0x18;
  5536     000D  3018               	movlw	24
  5537     000E  009C               	movwf	28	;volatile
  5538                           
  5539                           ;timer_1ms.c: 33:         tick_1ms = 1;
  5540     000F  3001               	movlw	1
  5541     0010  0141               	movlb	1	; select bank1
  5542     0011  00BC               	movwf	_tick_1ms^(0+128)	;volatile
  5543     0012                     i1l379:
  5544     0012  107E               	bcf	126,0	;clear compiler interrupt flag (level 1)
  5545     0013  0009               	retfie
  5546     0014                     __end_of_ISR:
  5547     007E                     btemp	set	126	;btemp
  5548     007E                     int$flags	set	126
  5549     007E                     wtemp0	set	126
  5550     208C                     
  5551                           	psect	idloc
  5552                           
  5553                           ;Config register IDLOC0 @ 0x8000
  5554                           ;	unspecified, using default values
  5555     8000                     	org	32768
  5556     8000  3FFF               	dw	16383
  5557                           
  5558                           ;Config register IDLOC1 @ 0x8001
  5559                           ;	unspecified, using default values
  5560     8001                     	org	32769
  5561     8001  3FFF               	dw	16383
  5562                           
  5563                           ;Config register IDLOC2 @ 0x8002
  5564                           ;	unspecified, using default values
  5565     8002                     	org	32770
  5566     8002  3FFF               	dw	16383
  5567                           
  5568                           ;Config register IDLOC3 @ 0x8003
  5569                           ;	unspecified, using default values
  5570     8003                     	org	32771
  5571     8003  3FFF               	dw	16383
  5572                           
  5573                           	psect	config
  5574                           
  5575                           ;Config register CONFIG1 @ 0x8007
  5576                           ;	External Oscillator Mode Selection bits
  5577                           ;	FEXTOSC = OFF, Oscillator not enabled
  5578                           ;	Power-up Default Value for COSC bits
  5579                           ;	RSTOSC = HFINTOSC_32MHZ, HFINTOSC (32 MHz)
  5580                           ;	Clock Out Enable bit
  5581                           ;	CLKOUTEN = OFF, CLKOUT function is disabled; I/O function on RA4
  5582                           ;	VDD Range Analog Calibration Selection bit
  5583                           ;	VDDAR = HI, Internal analog systems are calibrated for operation between VDD = 2.3V - 
      +                          5.5V
  5584     8007                     	org	32775
  5585     8007  3FCD               	dw	16333
  5586                           
  5587                           ;Config register CONFIG2 @ 0x8008
  5588                           ;	Master Clear Enable bit
  5589                           ;	MCLRE = EXTMCLR, If LVP = 0, MCLR pin is MCLR; If LVP = 1, RA3 pin function is MCLR
  5590                           ;	Power-up Timer Selection bits
  5591                           ;	PWRTS = PWRT_OFF, PWRT is disabled
  5592                           ;	WDT Operating Mode bits
  5593                           ;	WDTE = OFF, WDT disabled; SEN is ignored
  5594                           ;	Brown-out Reset Enable bits
  5595                           ;	BOREN = ON, Brown-out Reset Enabled, SBOREN bit is ignored
  5596                           ;	Brown-out Reset Voltage Selection bit
  5597                           ;	BORV = LO, Brown-out Reset Voltage (VBOR) set to 1.9V
  5598                           ;	PPSLOCKED One-Way Set Enable bit
  5599                           ;	PPS1WAY = ON, The PPSLOCKED bit can be set once after an unlocking sequence is execute
      +                          d; once PPSLOCKED is set, all future changes to PPS registers are prevented
  5600                           ;	Stack Overflow/Underflow Reset Enable bit
  5601                           ;	STVREN = OFF, Stack Overflow or Underflow will not cause a reset
  5602     8008                     	org	32776
  5603     8008  2FE7               	dw	12263
  5604                           
  5605                           ;Config register CONFIG3 @ 0x8009
  5606                           ;	unspecified, using default values
  5607     8009                     	org	32777
  5608     8009  3FFF               	dw	16383
  5609                           
  5610                           ;Config register CONFIG4 @ 0x800A
  5611                           ;	Boot Block Size Selection bits
  5612                           ;	BBSIZE = BB512, 512 words boot block size
  5613                           ;	Boot Block Enable bit
  5614                           ;	BBEN = OFF, Boot Block is disabled
  5615                           ;	SAF Enable bit
  5616                           ;	SAFEN = OFF, SAF is disabled
  5617                           ;	Application Block Write Protection bit
  5618                           ;	WRTAPP = OFF, Application Block is not write-protected
  5619                           ;	Boot Block Write Protection bit
  5620                           ;	WRTB = OFF, Boot Block is not write-protected
  5621                           ;	Configuration Registers Write Protection bit
  5622                           ;	WRTC = OFF, Configuration Registers are not write-protected
  5623                           ;	Storage Area Flash (SAF) Write Protection bit
  5624                           ;	WRTSAF = OFF, SAF is not write-protected
  5625                           ;	Low Voltage Programming Enable bit
  5626                           ;	LVP = ON, Low Voltage programming enabled. MCLR/Vpp pin function is MCLR. MCLRE Config
      +                          uration bit is ignored.
  5627     800A                     	org	32778
  5628     800A  3FFF               	dw	16383
  5629                           
  5630                           ;Config register CONFIG5 @ 0x800B
  5631                           ;	User Program Flash Memory Code Protection bit
  5632                           ;	CP = OFF, User Program Flash Memory code protection is disabled
  5633     800B                     	org	32779
  5634     800B  3FFF               	dw	16383

Data Sizes:
    Strings     0
    Constant    20
    Data        0
    BSS         15
    Persistent  32
    Stack       0

Auto Spaces:
    Space          Size  Autos    Used
    COMMON           14     14      14
    BANK0            80     66      71
    BANK1            60     19      29
    BANK2             0      0       0

Pointer List with Targets:

    I2C1_Write@data	PTR const unsigned char  size(1) Largest target is 1
		 -> I2C1_WriteByte@data(COMMON[1]), 


Critical Paths under _main in COMMON

    _main->_ADC_Read
    _main->_display_write_number
    _tempSit->_ADC_Read
    _ADC_Read->___lldiv
    _display_write_number->_display_write_digit_hex
    _display_write_digit_hex->_display_write_digit_raw
    _display_init->_display_clear_all
    _display_push_ctrl->_I2C1_WriteByte
    _display_clear_all->_display_clear_digit
    _display_clear_digit->_display_write_digit_raw
    _display_write_digit_raw->_I2C1_WriteByte
    _I2C1_WriteByte->_I2C1_Write
    _I2C1_Write->_I2C1_PutByte
    _UART_Init->___lldiv
    ___lldiv->___lmul
    _PWM_Init->_PWM_SetDuty

Critical Paths under _ISR in COMMON

    None.

Critical Paths under _main in BANK0

    _main->_tempSit
    _tempSit->_ADC_Read
    _ADC_Read->___lldiv
    _display_write_number->_display_write_digit_hex
    _display_init->_display_clear_all
    _UART_Init->___lldiv

Critical Paths under _ISR in BANK0

    None.

Critical Paths under _main in BANK1

    None.

Critical Paths under _ISR in BANK1

    None.

Critical Paths under _main in BANK2

    None.

Critical Paths under _ISR in BANK2

    None.

Call Graph Tables:

 ---------------------------------------------------------------------------------
 (Depth) Function   	        Calls       Base Space   Used Autos Params    Refs
 ---------------------------------------------------------------------------------
 (0) _main                                                27    27      0   15268
                                             58 BANK0      8     8      0
                                              0 BANK1     19    19      0
                           _ADC_Init
                           _ADC_Read
                          _I2C1_Init
                           _PWM_Init
                    _Timer0_1ms_Init
                          _UART_Init
                            ___lldiv
                             ___lmul
                       _display_init
             _display_set_brightness
               _display_write_number
                               _pins
                            _tempSit
 ---------------------------------------------------------------------------------
 (1) _tempSit                                             38    36      2    4153
                                             20 BANK0     38    36      2
                           _ADC_Read
                        _PWM_SetDuty
                            ___aldiv
                             ___lmul
 ---------------------------------------------------------------------------------
 (2) ___aldiv                                             15     7      8     604
                                              0 COMMON     9     1      8
                                              0 BANK0      6     6      0
 ---------------------------------------------------------------------------------
 (2) _ADC_Read                                             8     6      2    2062
                                             13 COMMON     1     1      0
                                             13 BANK0      7     5      2
                            ___lldiv
                             ___lmul
 ---------------------------------------------------------------------------------
 (2) ___lmul                                              12     4      8     852
                                              0 COMMON    12     4      8
 ---------------------------------------------------------------------------------
 (1) _pins                                                 0     0      0       0
 ---------------------------------------------------------------------------------
 (1) _display_write_number                                14    12      2    3372
                                             13 COMMON     1     1      0
                                              2 BANK0     13    11      2
                            ___lwdiv
                            ___lwmod
                _display_clear_digit
            _display_write_digit_hex
 ---------------------------------------------------------------------------------
 (2) _display_write_digit_hex                              4     2      2    1012
                                             11 COMMON     2     0      2
                                              0 BANK0      2     2      0
            _display_write_digit_raw
 ---------------------------------------------------------------------------------
 (2) ___lwmod                                              6     2      4     463
                                              0 COMMON     6     2      4
 ---------------------------------------------------------------------------------
 (2) ___lwdiv                                              8     4      4     466
                                              0 COMMON     8     4      4
 ---------------------------------------------------------------------------------
 (1) _display_set_brightness                               2     2      0     575
                                              9 COMMON     2     2      0
                  _display_push_ctrl
 ---------------------------------------------------------------------------------
 (1) _display_init                                         0     0      0    1422
                  _display_clear_all
                  _display_push_ctrl
 ---------------------------------------------------------------------------------
 (2) _display_push_ctrl                                    0     0      0     530
                     _I2C1_WriteByte
 ---------------------------------------------------------------------------------
 (2) _display_clear_all                                    4     4      0     892
                                             12 COMMON     1     1      0
                                              0 BANK0      3     3      0
                _display_clear_digit
 ---------------------------------------------------------------------------------
 (2) _display_clear_digit                                  1     1      0     770
                                             11 COMMON     1     1      0
            _display_write_digit_raw
 ---------------------------------------------------------------------------------
 (3) _display_write_digit_raw                              2     1      1     748
                                              9 COMMON     2     1      1
                     _I2C1_WriteByte
 ---------------------------------------------------------------------------------
 (4) _I2C1_WriteByte                                       2     1      1     530
                                              7 COMMON     2     1      1
                         _I2C1_Write
 ---------------------------------------------------------------------------------
 (5) _I2C1_Write                                           6     4      2     333
                                              1 COMMON     6     4      2
                       _I2C1_PutByte
                         _I2C1_Start
                          _I2C1_Stop
 ---------------------------------------------------------------------------------
 (6) _I2C1_Stop                                            0     0      0       0
                      _I2C1_WaitIdle
 ---------------------------------------------------------------------------------
 (6) _I2C1_Start                                           0     0      0       0
                      _I2C1_WaitIdle
 ---------------------------------------------------------------------------------
 (6) _I2C1_PutByte                                         1     1      0      22
                                              0 COMMON     1     1      0
                      _I2C1_WaitIdle
 ---------------------------------------------------------------------------------
 (7) _I2C1_WaitIdle                                        0     0      0       0
 ---------------------------------------------------------------------------------
 (1) _UART_Init                                           12     8      4    1217
                                             13 BANK0     12     8      4
                            ___lldiv
 ---------------------------------------------------------------------------------
 (3) ___lldiv                                             14     6      8    1074
                                             12 COMMON     1     1      0
                                              0 BANK0     13     5      8
                             ___lmul (ARG)
 ---------------------------------------------------------------------------------
 (1) _Timer0_1ms_Init                                      0     0      0       0
 ---------------------------------------------------------------------------------
 (1) _PWM_Init                                             0     0      0     197
                        _PWM_SetDuty
 ---------------------------------------------------------------------------------
 (2) _PWM_SetDuty                                          4     2      2     197
                                              0 COMMON     4     2      2
 ---------------------------------------------------------------------------------
 (1) _I2C1_Init                                            0     0      0       0
 ---------------------------------------------------------------------------------
 (1) _ADC_Init                                             0     0      0       0
 ---------------------------------------------------------------------------------
 Estimated maximum stack depth 7
 ---------------------------------------------------------------------------------
 (Depth) Function   	        Calls       Base Space   Used Autos Params    Refs
 ---------------------------------------------------------------------------------
 (9) _ISR                                                  0     0      0       0
 ---------------------------------------------------------------------------------
 Estimated maximum stack depth 9
 ---------------------------------------------------------------------------------

 Call Graph Graphs:

 _main (ROOT)
   _ADC_Init
   _ADC_Read
     ___lldiv
       ___lmul (ARG)
     ___lmul
   _I2C1_Init
   _PWM_Init
     _PWM_SetDuty
   _Timer0_1ms_Init
   _UART_Init
     ___lldiv
   ___lldiv
   ___lmul
   _display_init
     _display_clear_all
       _display_clear_digit
         _display_write_digit_raw
           _I2C1_WriteByte
             _I2C1_Write
               _I2C1_PutByte
                 _I2C1_WaitIdle
               _I2C1_Start
                 _I2C1_WaitIdle
               _I2C1_Stop
                 _I2C1_WaitIdle
     _display_push_ctrl
       _I2C1_WriteByte
   _display_set_brightness
     _display_push_ctrl
   _display_write_number
     ___lwdiv
     ___lwmod
     _display_clear_digit
     _display_write_digit_hex
       _display_write_digit_raw
   _pins
   _tempSit
     _ADC_Read
     _PWM_SetDuty
     ___aldiv
     ___lmul

 _ISR (ROOT)

 Address spaces:
Name               Size   Autos  Total    Cost      Usage
BIGRAM              F0      0       0       0        0.0%
NULL                 0      0       0       0        0.0%
CODE                 0      0       0       0        0.0%
BITCOMMON            E      0       0       1        0.0%
BITSFR0              0      0       0       1        0.0%
SFR0                 0      0       0       1        0.0%
COMMON               E      E       E       2      100.0%
BITSFR1              0      0       0       2        0.0%
SFR1                 0      0       0       2        0.0%
BITSFR2              0      0       0       3        0.0%
SFR2                 0      0       0       3        0.0%
STACK                0      0       0       3        0.0%
BITBANK0            50      0       0       4        0.0%
BITSFR3              0      0       0       4        0.0%
SFR3                 0      0       0       4        0.0%
BANK0               50     42      47       5       88.8%
BITSFR4              0      0       0       5        0.0%
SFR4                 0      0       0       5        0.0%
BITBANK1            50      0       0       6        0.0%
BITSFR5              0      0       0       6        0.0%
SFR5                 0      0       0       6        0.0%
BANK1               3C     13      1D       7       48.3%
BITSFR6              0      0       0       7        0.0%
SFR6                 0      0       0       7        0.0%
BITBANK2            50      0       0       8        0.0%
BITSFR7              0      0       0       8        0.0%
SFR7                 0      0       0       8        0.0%
BITSFR8              0      0       0       9        0.0%
SFR8                 0      0       0       9        0.0%
BANK2                0      0       0       9        0.0%
BITSFR9              0      0       0      10        0.0%
SFR9                 0      0       0      10        0.0%
ABS                  0      0      72      10        0.0%
BITSFR10             0      0       0      11        0.0%
SFR10                0      0       0      11        0.0%
DATA                 0      0      72      11        0.0%
BITSFR11             0      0       0      12        0.0%
SFR11                0      0       0      12        0.0%
BITSFR12             0      0       0      13        0.0%
SFR12                0      0       0      13        0.0%
BITSFR13             0      0       0      14        0.0%
SFR13                0      0       0      14        0.0%
BITSFR14             0      0       0      15        0.0%
SFR14                0      0       0      15        0.0%
BITSFR15             0      0       0      16        0.0%
SFR15                0      0       0      16        0.0%
BITSFR16             0      0       0      17        0.0%
SFR16                0      0       0      17        0.0%
BITSFR17             0      0       0      18        0.0%
SFR17                0      0       0      18        0.0%
BITSFR18             0      0       0      19        0.0%
SFR18                0      0       0      19        0.0%
BITSFR19             0      0       0      20        0.0%
SFR19                0      0       0      20        0.0%
BITSFR20             0      0       0      21        0.0%
SFR20                0      0       0      21        0.0%
BITSFR21             0      0       0      22        0.0%
SFR21                0      0       0      22        0.0%
BITSFR22             0      0       0      23        0.0%
SFR22                0      0       0      23        0.0%
BITSFR23             0      0       0      24        0.0%
SFR23                0      0       0      24        0.0%
BITSFR24             0      0       0      25        0.0%
SFR24                0      0       0      25        0.0%
BITSFR25             0      0       0      26        0.0%
SFR25                0      0       0      26        0.0%
BITSFR26             0      0       0      27        0.0%
SFR26                0      0       0      27        0.0%
BITSFR27             0      0       0      28        0.0%
SFR27                0      0       0      28        0.0%
BITSFR28             0      0       0      29        0.0%
SFR28                0      0       0      29        0.0%
BITSFR29             0      0       0      30        0.0%
SFR29                0      0       0      30        0.0%
BITSFR30             0      0       0      31        0.0%
SFR30                0      0       0      31        0.0%
BITSFR31             0      0       0      32        0.0%
SFR31                0      0       0      32        0.0%
BITSFR32             0      0       0      33        0.0%
SFR32                0      0       0      33        0.0%
BITSFR33             0      0       0      34        0.0%
SFR33                0      0       0      34        0.0%
BITSFR34             0      0       0      35        0.0%
SFR34                0      0       0      35        0.0%
BITSFR35             0      0       0      36        0.0%
SFR35                0      0       0      36        0.0%
BITSFR36             0      0       0      37        0.0%
SFR36                0      0       0      37        0.0%
BITSFR37             0      0       0      38        0.0%
SFR37                0      0       0      38        0.0%
BITSFR38             0      0       0      39        0.0%
SFR38                0      0       0      39        0.0%
BITSFR39             0      0       0      40        0.0%
SFR39                0      0       0      40        0.0%
BITSFR40             0      0       0      41        0.0%
SFR40                0      0       0      41        0.0%
BITSFR41             0      0       0      42        0.0%
SFR41                0      0       0      42        0.0%
BITSFR42             0      0       0      43        0.0%
SFR42                0      0       0      43        0.0%
BITSFR43             0      0       0      44        0.0%
SFR43                0      0       0      44        0.0%
BITSFR44             0      0       0      45        0.0%
SFR44                0      0       0      45        0.0%
BITSFR45             0      0       0      46        0.0%
SFR45                0      0       0      46        0.0%
BITSFR46             0      0       0      47        0.0%
SFR46                0      0       0      47        0.0%
BITSFR47             0      0       0      48        0.0%
SFR47                0      0       0      48        0.0%
BITSFR48             0      0       0      49        0.0%
SFR48                0      0       0      49        0.0%
BITSFR49             0      0       0      50        0.0%
SFR49                0      0       0      50        0.0%
BITSFR50             0      0       0      51        0.0%
SFR50                0      0       0      51        0.0%
BITSFR51             0      0       0      52        0.0%
SFR51                0      0       0      52        0.0%
BITSFR52             0      0       0      53        0.0%
SFR52                0      0       0      53        0.0%
BITSFR53             0      0       0      54        0.0%
SFR53                0      0       0      54        0.0%
BITSFR54             0      0       0      55        0.0%
SFR54                0      0       0      55        0.0%
BITSFR55             0      0       0      56        0.0%
SFR55                0      0       0      56        0.0%
BITSFR56             0      0       0      57        0.0%
SFR56                0      0       0      57        0.0%
BITSFR57             0      0       0      58        0.0%
SFR57                0      0       0      58        0.0%
BITSFR58             0      0       0      59        0.0%
SFR58                0      0       0      59        0.0%
BITSFR59             0      0       0      60        0.0%
SFR59                0      0       0      60        0.0%
BITSFR60             0      0       0      61        0.0%
SFR60                0      0       0      61        0.0%
BITSFR61             0      0       0      62        0.0%
SFR61                0      0       0      62        0.0%
BITSFR62             0      0       0      63        0.0%
SFR62                0      0       0      63        0.0%
BITSFR63             0      0       0      64        0.0%
SFR63                0      0       0      64        0.0%


Microchip Technology PIC Macro Assembler V2.41 build 20230208172133 
Symbol Table                                                                                   Fri Sep 18 22:31:59 2026

                    I2C1_Write@ok 0076                     I2C1_Write@len 0072                    I2C1_Write@data 0071  
                 I2C1_Write@addr7 0074                               l305 06F7                               l163 06A1  
                             l317 06F1                               l173 042C                               l512 0319  
                             l197 0616                     ?_display_init 0070                               _ISR 0004  
 display_write_digit_hex@position 0020                       _PWM_SetDuty 060B                               wreg 0009  
                 ??_I2C1_WaitIdle 0070                      _BAUD1CONbits 011F                              ?_ISR 0070  
                            l2005 03F5                              l2111 0188                              l2123 01D0  
                            l2125 01DF                              l2117 0199                              l1601 05F4  
                            l2073 00C4                              l1603 0608                              l2091 0154  
                            l2059 007F                              l1711 05DC                              l1703 05D0  
                            l1721 062D                              l1633 0583                              l2089 014C  
                            l1619 0671                              l1811 05BE                              l1661 04AE  
                            l1805 05A6                              l1629 0579                              l1741 032A  
                            l1647 0475                              l1567 06DA                              l1911 065D  
                            l1807 05B2                              l1815 05C7                              l1671 0413  
                            l1751 0348                              l1657 04A3                              l1649 0483  
                            l1683 045F                              l1763 0373                              l1931 0283  
                            l1781 0545                              l1669 040F                              l1749 033A  
                            l1933 0286                              l1599 0605                              l1783 0551  
                            l1767 0381                              l1759 0368                              l1951 02F7  
                            l1943 02B1                              l1927 0263                              l1793 056C  
                            l1937 029D                              l1929 0273                              l1955 0302  
                            l1939 02A6                              l1789 0563                              l1981 03BD  
                            l1949 02EE                              l1967 0394                              l1995 03DE  
                            l1997 03E1                              u1315 0478                              u1415 061B  
                            u1335 0484                              u1440 05E2                              u1345 0498  
                            u1450 05E3                              u1355 04A4                              u1275 0584  
                            u1605 0548                              u1285 058B                              u1525 033D  
                            u1625 0552                              u1705 05BF                              u2337 0427  
                            u1545 0349                              _T2PR 028D                              u1635 055C  
                            u1555 035D                              u1725 04C5                              u1645 0564  
                            u1565 0369                              u1735 04F6                              u1675 05A9  
                            u1765 0660                              u1870 03C3                              u1695 05B8  
                            u1880 03C4                              u1980 03FB                              u1990 03FC  
         ?_display_set_brightness 0070                 ??_Timer0_1ms_Init 0070                              _main 0030  
                            _pins 0505                              fsr0h 0005                              fsr1h 0007  
                            indf0 0000                              fsr0l 0004                              indf1 0001  
                            fsr1l 0006                              btemp 007E                  __end_of_ADC_Init 06AD  
                __end_of_ADC_Read 0464                              start 0014        __end_of_display_digit_addr 0703  
                           ??_ISR 0070       display_write_digit_hex@segs 0021                 __end_of_I2C1_Init 06D2  
                 __end_of___aldiv 038A                    ??_display_init 007D                             ?_main 0070  
               __end_of_I2C1_Stop 06F4                             ?_pins 0070                   __end_of___lldiv 04B7  
                 __end_of___lwdiv 0571                   __end_of___lwmod 05CC                             i1l379 0012  
                           _TMR0H 059D                             _TMR0L 059C                             _RXPPS 1ECB  
                           _SW_Dp 00BA               ___lmul@multiplicand 0074                             _i_PID 0062  
                           _avr_t 208C                             main@p 00B0    __end_of_display_set_brightness 066A  
                ??_I2C1_WriteByte 0078                  __end_of_PWM_Init 0656                   __end_of_tempSit 0308  
                           status 0003                             wtemp0 007E      __end_of_display_write_number 0406  
                    main@srt_temp 00B1       __end_of_display_clear_digit 06FF                      _ADC_Read$482 002F  
                    ??_I2C1_Start 0070                      ??_I2C1_Write 0073                   __initialization 0015  
                    __end_of_main 01E9                      __end_of_pins 053D                            ??_main 005A  
                          ??_pins 0070                I2C1_WriteByte@data 0077                __end_of_I2C1_Start 06FA  
                          _ADRESH 009C                            _ADRESL 009B                __end_of_I2C1_Write 060B  
                          _T0CON0 059E                            _T0CON1 059F                            _RC1REG 0119  
                          _RC0PPS 1F20                            _RC1PPS 1F21                            _RC2PPS 1F22  
                          _RC4PPS 1F24                            _PWM3DC 0314                            _TX1REG 011A  
               __end_of_UART_Init 0505                            ___lmul 0571                         ??___aldiv 0078  
     display_write_number@leading 0029                         ??___lldiv 007C                         ??___lwdiv 0074  
                       ??___lwmod 0074                   ADC_Read@channel 0033                            _pid_en 00BB  
                       ?_ADC_Init 0070                         ?_ADC_Read 002D                         ??_tempSit 0036  
         __end_of__initialization 002D              __end_of_display_font 068D              __end_of_display_init 06E8  
         _display_write_digit_hex 0625           _display_write_digit_raw 066A                    __pcstackCOMMON 0070  
 display_write_digit_raw@segments 0079   display_write_digit_raw@position 007A                         ?_PWM_Init 0070  
            _display_write_number 038A                      ?_PWM_SetDuty 0070                        ??_ADC_Init 0070  
                      ??_ADC_Read 007D                   _Timer0_1ms_Init 068D             display_write_number@i 002D  
                      __pbssBANK0 0062                        __pbssBANK1 00B3                 tempSit@duty_check 004E  
             I2C1_WriteByte@addr7 0078                      _T2CLKCONbits 0290                        __pmaintext 0030  
                         ?___lmul 0070                        __pintentry 0004                    ___lmul@product 0078  
                  UART_Init@spbrg 0035                display_clear_all@i 0022                        ??_PWM_Init 0074  
           ?_display_write_number 0022                _display_digit_addr 06FF                           _SP1BRGH 011C  
                         _SP1BRGL 011B                         _I2C1_Init 06C6                         _I2C1_Stop 06EE  
                         _PWM3CON 0316                           _SSP1ADD 018D                           _PPSLOCK 1E8F  
                         _SSP1BUF 018C             __end_of_I2C1_WaitIdle 06E2         ??_display_write_digit_hex 007D  
       ??_display_write_digit_raw 007A  display_set_brightness@brightness 007A                           ___aldiv 0308  
                         ___lldiv 0464                           ___lwdiv 053D                           ___lwmod 05A0  
         __end_of_Timer0_1ms_Init 069D                           __ptext1 01E9                           __ptext2 0308  
                         __ptext3 0406                           __ptext4 0571                           __ptext5 0505  
                         __ptext6 038A                           __ptext7 0625                           __ptext8 05A0  
                         __ptext9 053D                    tempSit@set_now 003E                         _T2CONbits 028E  
                     tempSit@duty 0052                  ___aldiv@dividend 0074               PWM_SetDuty@permille 0070  
                         _tick_1s 00B7                        ?_I2C1_Init 0070                        _s_ctrl_reg 0066  
                      ?_I2C1_Stop 0070                           _tempSit 01E9       display_clear_digit@position 007B  
                  main@temp_avg_c 00A0                           main@dtt 00AC                           clrloop0 06BB  
                         main@sum 00A2              end_of_initialization 002D                     ?_I2C1_PutByte 0070  
                 ___lldiv@divisor 0020                   ___lldiv@counter 002C                  ___aldiv@quotient 0022  
                       _UART_Init 04B7            ??_display_write_number 007D   __end_of_display_write_digit_hex 063E  
 __end_of_display_write_digit_raw 067D                      _display_font 067D                      _display_init 06E2  
                       _TRISAbits 0012                         _TRISCbits 0014         display_write_number@i_670 002E  
                     I2C1_Write@i 0075         display_write_number@value 0022                    ??_I2C1_PutByte 0070  
      display_write_digit_hex@dot 007C                    __end_of___lmul 05A0                        ?_UART_Init 002D  
                ?_Timer0_1ms_Init 0070          ??_display_set_brightness 0079               start_initialization 0015  
                     ??_I2C1_Init 0070                       __end_of_ISR 0014                       ??_I2C1_Stop 0070  
      display_write_number@digits 0024        display_write_number@isLast 0028                          ??___lmul 0078  
          display_write_number@ok 002C                       __pbssBIGRAM 208C                         ___latbits 0000  
                   __pcstackBANK0 0020                     __pcstackBANK1 00A0          _display_write_number$672 002A  
        _display_write_number$674 002B                  tempSit@iterm_now 0042                         _main$1602 00A8  
                ___lwdiv@dividend 0072                     UART_Init@baud 002D                          ?___aldiv 0070  
                        ?___lldiv 0020                          ?___lwdiv 0070                          ?___lwmod 0070  
               _display_clear_all 05CC                       ??_UART_Init 0031                ?_display_clear_all 0070  
            __end_of_I2C1_PutByte 06BA                          _ADC_Init 069D                          _ADC_Read 0406  
                        ?_tempSit 0034               display_clear_all@ok 0021                       ADC_Read@adc 0031  
             ??_display_clear_all 007C                  ___lwdiv@quotient 0075               _display_clear_digit 06FA  
                   tempSit@tempNa 0034                        tempSit@err 0056                   ___aldiv@divisor 0070  
                 ___aldiv@counter 0020                          _LATCbits 001A                         clear_ram0 06BA  
                        _PIE0bits 0716                          _PIR0bits 070C                          _PIR1bits 070D  
                      _I2C1_Start 06F4                        _I2C1_Write 05ED                    _I2C1_WriteByte 06D2  
       __end_of_display_clear_all 05ED                          _SSP1CON1 0190                          _SSP1CON2 0191  
            ?_display_clear_digit 0070      display_write_digit_hex@value 007B                        _ADCON0bits 009D  
                      _ADCON1bits 009E                          _PWM_Init 063E                          _WPUCbits 1F4F  
               _display_push_ctrl 06E8                 ___lmul@multiplier 0070                ?_display_push_ctrl 0070  
        ?_display_write_digit_hex 007B          ?_display_write_digit_raw 0079                        _ADC_Read_i 00B9  
             ??_display_push_ctrl 0079            __end_of_I2C1_WriteByte 06DA            _display_set_brightness 0656  
           ??_display_clear_digit 007B             _display_clear_all$663 0020                        _ANSELAbits 1F38  
                      _ANSELCbits 1F4E         __end_of_display_push_ctrl 06EE                     ??_PWM_SetDuty 0072  
                 ___lwdiv@divisor 0070                   ___lwdiv@counter 0077                          __ptext10 0656  
                        __ptext11 06E2                          __ptext20 06AD                          __ptext12 06E8  
                        __ptext21 06DA                          __ptext13 05CC                          __ptext22 04B7  
                        __ptext14 06FA                          __ptext23 0464                          __ptext15 066A  
                        __ptext24 068D                          __ptext16 06D2                          __ptext25 063E  
                        __ptext17 05ED                          __ptext26 060B                          __ptext18 06EE  
                        __ptext27 06C6                          __ptext19 06F4                          __ptext28 069D  
                    _SSP1CON1bits 0190                      _SSP1CON2bits 0191                   tempSit@temp_now 003A  
                 main@oldsrt_temp 00A6                     _I2C1_WaitIdle 06DA                      tempSit@iterm 0046  
                 ?_I2C1_WriteByte 0077                          _tick_1ms 00BC                       ?_I2C1_Start 0070  
                        _tick_pid 00B5                        _RC1STAbits 011D                       ?_I2C1_Write 0071  
                        _temp_avg 00B3                          int$flags 007E                      _SSP1STATbits 018F  
                      _INTCONbits 000B                        _FVRCONbits 090C                       _PWM3CONbits 0316  
                  ?_I2C1_WaitIdle 0070                          intlevel1 0000               __end_of_PWM_SetDuty 0625  
                ___lwmod@dividend 0072                  ___lldiv@dividend 0024                       _PPSLOCKbits 1E8F  
                    _I2C1_PutByte 06AD                          tempSit@p 004A                     __pstringtext1 067D  
                   __pstringtext2 06FF                        _SSP1DATPPS 1EC6                        _SSP1CLKPPS 1EC5  
                ___lldiv@quotient 0028                   ___lwmod@divisor 0070                   ___lwmod@counter 0075  
                    ___aldiv@sign 0021                        _TX1STAbits 011E                     I2C1_PutByte@b 0070  
