

Microchip MPLAB XC8 Assembler V2.41 build 20230208172133 
                                                                                               Fri Sep 11 14:30:09 2026

Microchip MPLAB XC8 C Compiler v2.41 (Free license) build 20230208172133 Og1 
     1                           	processor	16F15223
     2                           	pagewidth 120
     3                           	opt	flic
     4                           	psect	idataBANK0,global,class=CODE,delta=2,noexec
     5                           	psect	cinit,global,class=CODE,merge=1,delta=2
     6                           	psect	bssBANK0,global,class=BANK0,space=1,delta=1,noexec
     7                           	psect	dataBANK0,global,class=BANK0,space=1,delta=1,noexec
     8                           	psect	cstackCOMMON,global,class=COMMON,space=1,delta=1,noexec
     9                           	psect	cstackBANK0,global,class=BANK0,space=1,delta=1,noexec
    10                           	psect	maintext,global,class=CODE,merge=1,split=1,delta=2
    11                           	psect	text1,local,class=CODE,merge=1,delta=2
    12                           	psect	text2,local,class=CODE,merge=1,delta=2
    13                           	psect	text3,local,class=CODE,merge=1,delta=2
    14                           	psect	text4,local,class=CODE,merge=1,delta=2
    15                           	psect	text5,local,class=CODE,merge=1,delta=2
    16                           	psect	text6,local,class=CODE,merge=1,delta=2,group=1
    17                           	psect	text7,local,class=CODE,merge=1,delta=2,group=1
    18                           	psect	text8,local,class=CODE,merge=1,delta=2
    19                           	psect	text9,local,class=CODE,merge=1,delta=2
    20                           	psect	text10,local,class=CODE,merge=1,delta=2,group=1
    21                           	psect	text11,local,class=CODE,merge=1,delta=2
    22                           	psect	text12,local,class=CODE,merge=1,delta=2
    23                           	psect	text13,local,class=CODE,merge=1,delta=2
    24                           	psect	text14,local,class=CODE,merge=1,delta=2
    25                           	psect	idloc,global,abs,ovrld,class=IDLOC,space=5,delta=2,noexec
    26                           	psect	config,global,abs,ovrld,class=CONFIG,space=4,delta=2,noexec
    27                           	dabs	1,0x7E,2
    28     0000                     
    29                           ; Version 2.40
    30                           ; Generated 02/12/2021 GMT
    31                           ; 
    32                           ; Copyright © 2021, Microchip Technology Inc. and its subsidiaries ("Microchip")
    33                           ; All rights reserved.
    34                           ; 
    35                           ; This software is developed by Microchip Technology Inc. and its subsidiaries ("Microch
      +                          ip").
    36                           ; 
    37                           ; Redistribution and use in source and binary forms, with or without modification, are
    38                           ; permitted provided that the following conditions are met:
    39                           ; 
    40                           ;     1. Redistributions of source code must retain the above copyright notice, this lis
      +                          t of
    41                           ;        conditions and the following disclaimer.
    42                           ; 
    43                           ;     2. Redistributions in binary form must reproduce the above copyright notice, this 
      +                          list
    44                           ;        of conditions and the following disclaimer in the documentation and/or other
    45                           ;        materials provided with the distribution. Publication is not required when
    46                           ;        this file is used in an embedded application.
    47                           ; 
    48                           ;     3. Microchip's name may not be used to endorse or promote products derived from th
      +                          is
    49                           ;        software without specific prior written permission.
    50                           ; 
    51                           ; THIS SOFTWARE IS PROVIDED BY MICROCHIP "AS IS" AND ANY EXPRESS OR IMPLIED WARRANTIES,
    52                           ; INCLUDING, BUT NOT LIMITED TO, THE IMPLIED WARRANTIES OF MERCHANTABILITY AND FITNESS F
      +                          OR
    53                           ; PURPOSE ARE DISCLAIMED.  IN NO EVENT SHALL MICROCHIP BE LIABLE FOR ANY DIRECT, INDIREC
      +                          T,
    54                           ; INCIDENTAL, SPECIAL, EXEMPLARY, OR CONSEQUENTIAL DAMAGES (INCLUDING BUT NOT LIMITED TO
    55                           ; PROCUREMENT OF SUBSTITUTE GOODS OR SERVICES; LOSS OF USE, DATA OR PROFITS; OR BUSINESS
    56                           ; INTERRUPTION) HOWSOEVER CAUSED AND ON ANY THEORY OF LIABILITY, WHETHER IN CONTRACT, ST
      +                          RICT
    57                           ; LIABILITY, OR TORT (INCLUDING NEGLIGENCE OR OTHERWISE) ARISING IN ANY WAY OUT OF THE U
      +                          SE OF
    58                           ; THIS SOFTWARE, EVEN IF ADVISED OF THE POSSIBILITY OF SUCH DAMAGE.
    59                           ; 
    60                           ; 
    61                           ; Code-generator required, PIC16F15223 Definitions
    62                           ; 
    63                           ; SFR Addresses
    64     0000                     	;# 
    65     0001                     	;# 
    66     0002                     	;# 
    67     0003                     	;# 
    68     0004                     	;# 
    69     0005                     	;# 
    70     0006                     	;# 
    71     0007                     	;# 
    72     0008                     	;# 
    73     0009                     	;# 
    74     000A                     	;# 
    75     000B                     	;# 
    76     000C                     	;# 
    77     000E                     	;# 
    78     0012                     	;# 
    79     0014                     	;# 
    80     0018                     	;# 
    81     001A                     	;# 
    82     009A                     	;# 
    83     009B                     	;# 
    84     009B                     	;# 
    85     009C                     	;# 
    86     009D                     	;# 
    87     009E                     	;# 
    88     009F                     	;# 
    89     010E                     	;# 
    90     010F                     	;# 
    91     0119                     	;# 
    92     011A                     	;# 
    93     011B                     	;# 
    94     011B                     	;# 
    95     011C                     	;# 
    96     011D                     	;# 
    97     011E                     	;# 
    98     011F                     	;# 
    99     018C                     	;# 
   100     018D                     	;# 
   101     018E                     	;# 
   102     018F                     	;# 
   103     0190                     	;# 
   104     0191                     	;# 
   105     0192                     	;# 
   106     020C                     	;# 
   107     020D                     	;# 
   108     020E                     	;# 
   109     020E                     	;# 
   110     020F                     	;# 
   111     020F                     	;# 
   112     0210                     	;# 
   113     0210                     	;# 
   114     0211                     	;# 
   115     0211                     	;# 
   116     028C                     	;# 
   117     028C                     	;# 
   118     028D                     	;# 
   119     028D                     	;# 
   120     028E                     	;# 
   121     028F                     	;# 
   122     0290                     	;# 
   123     0291                     	;# 
   124     030C                     	;# 
   125     030C                     	;# 
   126     030D                     	;# 
   127     030E                     	;# 
   128     030F                     	;# 
   129     0310                     	;# 
   130     0310                     	;# 
   131     0311                     	;# 
   132     0312                     	;# 
   133     0313                     	;# 
   134     0314                     	;# 
   135     0314                     	;# 
   136     0315                     	;# 
   137     0316                     	;# 
   138     0318                     	;# 
   139     0318                     	;# 
   140     0319                     	;# 
   141     031A                     	;# 
   142     059C                     	;# 
   143     059C                     	;# 
   144     059D                     	;# 
   145     059D                     	;# 
   146     059E                     	;# 
   147     059F                     	;# 
   148     070C                     	;# 
   149     070D                     	;# 
   150     070E                     	;# 
   151     0716                     	;# 
   152     0717                     	;# 
   153     0718                     	;# 
   154     080C                     	;# 
   155     0811                     	;# 
   156     0813                     	;# 
   157     0814                     	;# 
   158     081A                     	;# 
   159     081A                     	;# 
   160     081B                     	;# 
   161     081C                     	;# 
   162     081C                     	;# 
   163     081D                     	;# 
   164     081E                     	;# 
   165     081F                     	;# 
   166     088E                     	;# 
   167     0890                     	;# 
   168     0891                     	;# 
   169     0892                     	;# 
   170     0893                     	;# 
   171     090C                     	;# 
   172     1E8F                     	;# 
   173     1E90                     	;# 
   174     1E91                     	;# 
   175     1E92                     	;# 
   176     1E93                     	;# 
   177     1E9C                     	;# 
   178     1EA1                     	;# 
   179     1EA2                     	;# 
   180     1EC3                     	;# 
   181     1EC5                     	;# 
   182     1EC6                     	;# 
   183     1EC7                     	;# 
   184     1ECB                     	;# 
   185     1ECB                     	;# 
   186     1ECB                     	;# 
   187     1ECC                     	;# 
   188     1ECC                     	;# 
   189     1ECC                     	;# 
   190     1F10                     	;# 
   191     1F11                     	;# 
   192     1F12                     	;# 
   193     1F14                     	;# 
   194     1F15                     	;# 
   195     1F20                     	;# 
   196     1F21                     	;# 
   197     1F22                     	;# 
   198     1F23                     	;# 
   199     1F24                     	;# 
   200     1F25                     	;# 
   201     1F38                     	;# 
   202     1F39                     	;# 
   203     1F3A                     	;# 
   204     1F3B                     	;# 
   205     1F3C                     	;# 
   206     1F3D                     	;# 
   207     1F3E                     	;# 
   208     1F3F                     	;# 
   209     1F4E                     	;# 
   210     1F4F                     	;# 
   211     1F50                     	;# 
   212     1F51                     	;# 
   213     1F52                     	;# 
   214     1F53                     	;# 
   215     1F54                     	;# 
   216     1F55                     	;# 
   217     1FE4                     	;# 
   218     1FE5                     	;# 
   219     1FE6                     	;# 
   220     1FE7                     	;# 
   221     1FE8                     	;# 
   222     1FE8                     	;# 
   223     1FE9                     	;# 
   224     1FEA                     	;# 
   225     1FEB                     	;# 
   226     1FED                     	;# 
   227     1FEE                     	;# 
   228     1FEF                     	;# 
   229     0000                     	;# 
   230     0001                     	;# 
   231     0002                     	;# 
   232     0003                     	;# 
   233     0004                     	;# 
   234     0005                     	;# 
   235     0006                     	;# 
   236     0007                     	;# 
   237     0008                     	;# 
   238     0009                     	;# 
   239     000A                     	;# 
   240     000B                     	;# 
   241     000C                     	;# 
   242     000E                     	;# 
   243     0012                     	;# 
   244     0014                     	;# 
   245     0018                     	;# 
   246     001A                     	;# 
   247     009A                     	;# 
   248     009B                     	;# 
   249     009B                     	;# 
   250     009C                     	;# 
   251     009D                     	;# 
   252     009E                     	;# 
   253     009F                     	;# 
   254     010E                     	;# 
   255     010F                     	;# 
   256     0119                     	;# 
   257     011A                     	;# 
   258     011B                     	;# 
   259     011B                     	;# 
   260     011C                     	;# 
   261     011D                     	;# 
   262     011E                     	;# 
   263     011F                     	;# 
   264     018C                     	;# 
   265     018D                     	;# 
   266     018E                     	;# 
   267     018F                     	;# 
   268     0190                     	;# 
   269     0191                     	;# 
   270     0192                     	;# 
   271     020C                     	;# 
   272     020D                     	;# 
   273     020E                     	;# 
   274     020E                     	;# 
   275     020F                     	;# 
   276     020F                     	;# 
   277     0210                     	;# 
   278     0210                     	;# 
   279     0211                     	;# 
   280     0211                     	;# 
   281     028C                     	;# 
   282     028C                     	;# 
   283     028D                     	;# 
   284     028D                     	;# 
   285     028E                     	;# 
   286     028F                     	;# 
   287     0290                     	;# 
   288     0291                     	;# 
   289     030C                     	;# 
   290     030C                     	;# 
   291     030D                     	;# 
   292     030E                     	;# 
   293     030F                     	;# 
   294     0310                     	;# 
   295     0310                     	;# 
   296     0311                     	;# 
   297     0312                     	;# 
   298     0313                     	;# 
   299     0314                     	;# 
   300     0314                     	;# 
   301     0315                     	;# 
   302     0316                     	;# 
   303     0318                     	;# 
   304     0318                     	;# 
   305     0319                     	;# 
   306     031A                     	;# 
   307     059C                     	;# 
   308     059C                     	;# 
   309     059D                     	;# 
   310     059D                     	;# 
   311     059E                     	;# 
   312     059F                     	;# 
   313     070C                     	;# 
   314     070D                     	;# 
   315     070E                     	;# 
   316     0716                     	;# 
   317     0717                     	;# 
   318     0718                     	;# 
   319     080C                     	;# 
   320     0811                     	;# 
   321     0813                     	;# 
   322     0814                     	;# 
   323     081A                     	;# 
   324     081A                     	;# 
   325     081B                     	;# 
   326     081C                     	;# 
   327     081C                     	;# 
   328     081D                     	;# 
   329     081E                     	;# 
   330     081F                     	;# 
   331     088E                     	;# 
   332     0890                     	;# 
   333     0891                     	;# 
   334     0892                     	;# 
   335     0893                     	;# 
   336     090C                     	;# 
   337     1E8F                     	;# 
   338     1E90                     	;# 
   339     1E91                     	;# 
   340     1E92                     	;# 
   341     1E93                     	;# 
   342     1E9C                     	;# 
   343     1EA1                     	;# 
   344     1EA2                     	;# 
   345     1EC3                     	;# 
   346     1EC5                     	;# 
   347     1EC6                     	;# 
   348     1EC7                     	;# 
   349     1ECB                     	;# 
   350     1ECB                     	;# 
   351     1ECB                     	;# 
   352     1ECC                     	;# 
   353     1ECC                     	;# 
   354     1ECC                     	;# 
   355     1F10                     	;# 
   356     1F11                     	;# 
   357     1F12                     	;# 
   358     1F14                     	;# 
   359     1F15                     	;# 
   360     1F20                     	;# 
   361     1F21                     	;# 
   362     1F22                     	;# 
   363     1F23                     	;# 
   364     1F24                     	;# 
   365     1F25                     	;# 
   366     1F38                     	;# 
   367     1F39                     	;# 
   368     1F3A                     	;# 
   369     1F3B                     	;# 
   370     1F3C                     	;# 
   371     1F3D                     	;# 
   372     1F3E                     	;# 
   373     1F3F                     	;# 
   374     1F4E                     	;# 
   375     1F4F                     	;# 
   376     1F50                     	;# 
   377     1F51                     	;# 
   378     1F52                     	;# 
   379     1F53                     	;# 
   380     1F54                     	;# 
   381     1F55                     	;# 
   382     1FE4                     	;# 
   383     1FE5                     	;# 
   384     1FE6                     	;# 
   385     1FE7                     	;# 
   386     1FE8                     	;# 
   387     1FE8                     	;# 
   388     1FE9                     	;# 
   389     1FEA                     	;# 
   390     1FEB                     	;# 
   391     1FED                     	;# 
   392     1FEE                     	;# 
   393     1FEF                     	;# 
   394     0000                     	;# 
   395     0001                     	;# 
   396     0002                     	;# 
   397     0003                     	;# 
   398     0004                     	;# 
   399     0005                     	;# 
   400     0006                     	;# 
   401     0007                     	;# 
   402     0008                     	;# 
   403     0009                     	;# 
   404     000A                     	;# 
   405     000B                     	;# 
   406     000C                     	;# 
   407     000E                     	;# 
   408     0012                     	;# 
   409     0014                     	;# 
   410     0018                     	;# 
   411     001A                     	;# 
   412     009A                     	;# 
   413     009B                     	;# 
   414     009B                     	;# 
   415     009C                     	;# 
   416     009D                     	;# 
   417     009E                     	;# 
   418     009F                     	;# 
   419     010E                     	;# 
   420     010F                     	;# 
   421     0119                     	;# 
   422     011A                     	;# 
   423     011B                     	;# 
   424     011B                     	;# 
   425     011C                     	;# 
   426     011D                     	;# 
   427     011E                     	;# 
   428     011F                     	;# 
   429     018C                     	;# 
   430     018D                     	;# 
   431     018E                     	;# 
   432     018F                     	;# 
   433     0190                     	;# 
   434     0191                     	;# 
   435     0192                     	;# 
   436     020C                     	;# 
   437     020D                     	;# 
   438     020E                     	;# 
   439     020E                     	;# 
   440     020F                     	;# 
   441     020F                     	;# 
   442     0210                     	;# 
   443     0210                     	;# 
   444     0211                     	;# 
   445     0211                     	;# 
   446     028C                     	;# 
   447     028C                     	;# 
   448     028D                     	;# 
   449     028D                     	;# 
   450     028E                     	;# 
   451     028F                     	;# 
   452     0290                     	;# 
   453     0291                     	;# 
   454     030C                     	;# 
   455     030C                     	;# 
   456     030D                     	;# 
   457     030E                     	;# 
   458     030F                     	;# 
   459     0310                     	;# 
   460     0310                     	;# 
   461     0311                     	;# 
   462     0312                     	;# 
   463     0313                     	;# 
   464     0314                     	;# 
   465     0314                     	;# 
   466     0315                     	;# 
   467     0316                     	;# 
   468     0318                     	;# 
   469     0318                     	;# 
   470     0319                     	;# 
   471     031A                     	;# 
   472     059C                     	;# 
   473     059C                     	;# 
   474     059D                     	;# 
   475     059D                     	;# 
   476     059E                     	;# 
   477     059F                     	;# 
   478     070C                     	;# 
   479     070D                     	;# 
   480     070E                     	;# 
   481     0716                     	;# 
   482     0717                     	;# 
   483     0718                     	;# 
   484     080C                     	;# 
   485     0811                     	;# 
   486     0813                     	;# 
   487     0814                     	;# 
   488     081A                     	;# 
   489     081A                     	;# 
   490     081B                     	;# 
   491     081C                     	;# 
   492     081C                     	;# 
   493     081D                     	;# 
   494     081E                     	;# 
   495     081F                     	;# 
   496     088E                     	;# 
   497     0890                     	;# 
   498     0891                     	;# 
   499     0892                     	;# 
   500     0893                     	;# 
   501     090C                     	;# 
   502     1E8F                     	;# 
   503     1E90                     	;# 
   504     1E91                     	;# 
   505     1E92                     	;# 
   506     1E93                     	;# 
   507     1E9C                     	;# 
   508     1EA1                     	;# 
   509     1EA2                     	;# 
   510     1EC3                     	;# 
   511     1EC5                     	;# 
   512     1EC6                     	;# 
   513     1EC7                     	;# 
   514     1ECB                     	;# 
   515     1ECB                     	;# 
   516     1ECB                     	;# 
   517     1ECC                     	;# 
   518     1ECC                     	;# 
   519     1ECC                     	;# 
   520     1F10                     	;# 
   521     1F11                     	;# 
   522     1F12                     	;# 
   523     1F14                     	;# 
   524     1F15                     	;# 
   525     1F20                     	;# 
   526     1F21                     	;# 
   527     1F22                     	;# 
   528     1F23                     	;# 
   529     1F24                     	;# 
   530     1F25                     	;# 
   531     1F38                     	;# 
   532     1F39                     	;# 
   533     1F3A                     	;# 
   534     1F3B                     	;# 
   535     1F3C                     	;# 
   536     1F3D                     	;# 
   537     1F3E                     	;# 
   538     1F3F                     	;# 
   539     1F4E                     	;# 
   540     1F4F                     	;# 
   541     1F50                     	;# 
   542     1F51                     	;# 
   543     1F52                     	;# 
   544     1F53                     	;# 
   545     1F54                     	;# 
   546     1F55                     	;# 
   547     1FE4                     	;# 
   548     1FE5                     	;# 
   549     1FE6                     	;# 
   550     1FE7                     	;# 
   551     1FE8                     	;# 
   552     1FE8                     	;# 
   553     1FE9                     	;# 
   554     1FEA                     	;# 
   555     1FEB                     	;# 
   556     1FED                     	;# 
   557     1FEE                     	;# 
   558     1FEF                     	;# 
   559     0000                     	;# 
   560     0001                     	;# 
   561     0002                     	;# 
   562     0003                     	;# 
   563     0004                     	;# 
   564     0005                     	;# 
   565     0006                     	;# 
   566     0007                     	;# 
   567     0008                     	;# 
   568     0009                     	;# 
   569     000A                     	;# 
   570     000B                     	;# 
   571     000C                     	;# 
   572     000E                     	;# 
   573     0012                     	;# 
   574     0014                     	;# 
   575     0018                     	;# 
   576     001A                     	;# 
   577     009A                     	;# 
   578     009B                     	;# 
   579     009B                     	;# 
   580     009C                     	;# 
   581     009D                     	;# 
   582     009E                     	;# 
   583     009F                     	;# 
   584     010E                     	;# 
   585     010F                     	;# 
   586     0119                     	;# 
   587     011A                     	;# 
   588     011B                     	;# 
   589     011B                     	;# 
   590     011C                     	;# 
   591     011D                     	;# 
   592     011E                     	;# 
   593     011F                     	;# 
   594     018C                     	;# 
   595     018D                     	;# 
   596     018E                     	;# 
   597     018F                     	;# 
   598     0190                     	;# 
   599     0191                     	;# 
   600     0192                     	;# 
   601     020C                     	;# 
   602     020D                     	;# 
   603     020E                     	;# 
   604     020E                     	;# 
   605     020F                     	;# 
   606     020F                     	;# 
   607     0210                     	;# 
   608     0210                     	;# 
   609     0211                     	;# 
   610     0211                     	;# 
   611     028C                     	;# 
   612     028C                     	;# 
   613     028D                     	;# 
   614     028D                     	;# 
   615     028E                     	;# 
   616     028F                     	;# 
   617     0290                     	;# 
   618     0291                     	;# 
   619     030C                     	;# 
   620     030C                     	;# 
   621     030D                     	;# 
   622     030E                     	;# 
   623     030F                     	;# 
   624     0310                     	;# 
   625     0310                     	;# 
   626     0311                     	;# 
   627     0312                     	;# 
   628     0313                     	;# 
   629     0314                     	;# 
   630     0314                     	;# 
   631     0315                     	;# 
   632     0316                     	;# 
   633     0318                     	;# 
   634     0318                     	;# 
   635     0319                     	;# 
   636     031A                     	;# 
   637     059C                     	;# 
   638     059C                     	;# 
   639     059D                     	;# 
   640     059D                     	;# 
   641     059E                     	;# 
   642     059F                     	;# 
   643     070C                     	;# 
   644     070D                     	;# 
   645     070E                     	;# 
   646     0716                     	;# 
   647     0717                     	;# 
   648     0718                     	;# 
   649     080C                     	;# 
   650     0811                     	;# 
   651     0813                     	;# 
   652     0814                     	;# 
   653     081A                     	;# 
   654     081A                     	;# 
   655     081B                     	;# 
   656     081C                     	;# 
   657     081C                     	;# 
   658     081D                     	;# 
   659     081E                     	;# 
   660     081F                     	;# 
   661     088E                     	;# 
   662     0890                     	;# 
   663     0891                     	;# 
   664     0892                     	;# 
   665     0893                     	;# 
   666     090C                     	;# 
   667     1E8F                     	;# 
   668     1E90                     	;# 
   669     1E91                     	;# 
   670     1E92                     	;# 
   671     1E93                     	;# 
   672     1E9C                     	;# 
   673     1EA1                     	;# 
   674     1EA2                     	;# 
   675     1EC3                     	;# 
   676     1EC5                     	;# 
   677     1EC6                     	;# 
   678     1EC7                     	;# 
   679     1ECB                     	;# 
   680     1ECB                     	;# 
   681     1ECB                     	;# 
   682     1ECC                     	;# 
   683     1ECC                     	;# 
   684     1ECC                     	;# 
   685     1F10                     	;# 
   686     1F11                     	;# 
   687     1F12                     	;# 
   688     1F14                     	;# 
   689     1F15                     	;# 
   690     1F20                     	;# 
   691     1F21                     	;# 
   692     1F22                     	;# 
   693     1F23                     	;# 
   694     1F24                     	;# 
   695     1F25                     	;# 
   696     1F38                     	;# 
   697     1F39                     	;# 
   698     1F3A                     	;# 
   699     1F3B                     	;# 
   700     1F3C                     	;# 
   701     1F3D                     	;# 
   702     1F3E                     	;# 
   703     1F3F                     	;# 
   704     1F4E                     	;# 
   705     1F4F                     	;# 
   706     1F50                     	;# 
   707     1F51                     	;# 
   708     1F52                     	;# 
   709     1F53                     	;# 
   710     1F54                     	;# 
   711     1F55                     	;# 
   712     1FE4                     	;# 
   713     1FE5                     	;# 
   714     1FE6                     	;# 
   715     1FE7                     	;# 
   716     1FE8                     	;# 
   717     1FE8                     	;# 
   718     1FE9                     	;# 
   719     1FEA                     	;# 
   720     1FEB                     	;# 
   721     1FED                     	;# 
   722     1FEE                     	;# 
   723     1FEF                     	;# 
   724     0000                     	;# 
   725     0001                     	;# 
   726     0002                     	;# 
   727     0003                     	;# 
   728     0004                     	;# 
   729     0005                     	;# 
   730     0006                     	;# 
   731     0007                     	;# 
   732     0008                     	;# 
   733     0009                     	;# 
   734     000A                     	;# 
   735     000B                     	;# 
   736     000C                     	;# 
   737     000E                     	;# 
   738     0012                     	;# 
   739     0014                     	;# 
   740     0018                     	;# 
   741     001A                     	;# 
   742     009A                     	;# 
   743     009B                     	;# 
   744     009B                     	;# 
   745     009C                     	;# 
   746     009D                     	;# 
   747     009E                     	;# 
   748     009F                     	;# 
   749     010E                     	;# 
   750     010F                     	;# 
   751     0119                     	;# 
   752     011A                     	;# 
   753     011B                     	;# 
   754     011B                     	;# 
   755     011C                     	;# 
   756     011D                     	;# 
   757     011E                     	;# 
   758     011F                     	;# 
   759     018C                     	;# 
   760     018D                     	;# 
   761     018E                     	;# 
   762     018F                     	;# 
   763     0190                     	;# 
   764     0191                     	;# 
   765     0192                     	;# 
   766     020C                     	;# 
   767     020D                     	;# 
   768     020E                     	;# 
   769     020E                     	;# 
   770     020F                     	;# 
   771     020F                     	;# 
   772     0210                     	;# 
   773     0210                     	;# 
   774     0211                     	;# 
   775     0211                     	;# 
   776     028C                     	;# 
   777     028C                     	;# 
   778     028D                     	;# 
   779     028D                     	;# 
   780     028E                     	;# 
   781     028F                     	;# 
   782     0290                     	;# 
   783     0291                     	;# 
   784     030C                     	;# 
   785     030C                     	;# 
   786     030D                     	;# 
   787     030E                     	;# 
   788     030F                     	;# 
   789     0310                     	;# 
   790     0310                     	;# 
   791     0311                     	;# 
   792     0312                     	;# 
   793     0313                     	;# 
   794     0314                     	;# 
   795     0314                     	;# 
   796     0315                     	;# 
   797     0316                     	;# 
   798     0318                     	;# 
   799     0318                     	;# 
   800     0319                     	;# 
   801     031A                     	;# 
   802     059C                     	;# 
   803     059C                     	;# 
   804     059D                     	;# 
   805     059D                     	;# 
   806     059E                     	;# 
   807     059F                     	;# 
   808     070C                     	;# 
   809     070D                     	;# 
   810     070E                     	;# 
   811     0716                     	;# 
   812     0717                     	;# 
   813     0718                     	;# 
   814     080C                     	;# 
   815     0811                     	;# 
   816     0813                     	;# 
   817     0814                     	;# 
   818     081A                     	;# 
   819     081A                     	;# 
   820     081B                     	;# 
   821     081C                     	;# 
   822     081C                     	;# 
   823     081D                     	;# 
   824     081E                     	;# 
   825     081F                     	;# 
   826     088E                     	;# 
   827     0890                     	;# 
   828     0891                     	;# 
   829     0892                     	;# 
   830     0893                     	;# 
   831     090C                     	;# 
   832     1E8F                     	;# 
   833     1E90                     	;# 
   834     1E91                     	;# 
   835     1E92                     	;# 
   836     1E93                     	;# 
   837     1E9C                     	;# 
   838     1EA1                     	;# 
   839     1EA2                     	;# 
   840     1EC3                     	;# 
   841     1EC5                     	;# 
   842     1EC6                     	;# 
   843     1EC7                     	;# 
   844     1ECB                     	;# 
   845     1ECB                     	;# 
   846     1ECB                     	;# 
   847     1ECC                     	;# 
   848     1ECC                     	;# 
   849     1ECC                     	;# 
   850     1F10                     	;# 
   851     1F11                     	;# 
   852     1F12                     	;# 
   853     1F14                     	;# 
   854     1F15                     	;# 
   855     1F20                     	;# 
   856     1F21                     	;# 
   857     1F22                     	;# 
   858     1F23                     	;# 
   859     1F24                     	;# 
   860     1F25                     	;# 
   861     1F38                     	;# 
   862     1F39                     	;# 
   863     1F3A                     	;# 
   864     1F3B                     	;# 
   865     1F3C                     	;# 
   866     1F3D                     	;# 
   867     1F3E                     	;# 
   868     1F3F                     	;# 
   869     1F4E                     	;# 
   870     1F4F                     	;# 
   871     1F50                     	;# 
   872     1F51                     	;# 
   873     1F52                     	;# 
   874     1F53                     	;# 
   875     1F54                     	;# 
   876     1F55                     	;# 
   877     1FE4                     	;# 
   878     1FE5                     	;# 
   879     1FE6                     	;# 
   880     1FE7                     	;# 
   881     1FE8                     	;# 
   882     1FE8                     	;# 
   883     1FE9                     	;# 
   884     1FEA                     	;# 
   885     1FEB                     	;# 
   886     1FED                     	;# 
   887     1FEE                     	;# 
   888     1FEF                     	;# 
   889     0000                     	;# 
   890     0001                     	;# 
   891     0002                     	;# 
   892     0003                     	;# 
   893     0004                     	;# 
   894     0005                     	;# 
   895     0006                     	;# 
   896     0007                     	;# 
   897     0008                     	;# 
   898     0009                     	;# 
   899     000A                     	;# 
   900     000B                     	;# 
   901     000C                     	;# 
   902     000E                     	;# 
   903     0012                     	;# 
   904     0014                     	;# 
   905     0018                     	;# 
   906     001A                     	;# 
   907     009A                     	;# 
   908     009B                     	;# 
   909     009B                     	;# 
   910     009C                     	;# 
   911     009D                     	;# 
   912     009E                     	;# 
   913     009F                     	;# 
   914     010E                     	;# 
   915     010F                     	;# 
   916     0119                     	;# 
   917     011A                     	;# 
   918     011B                     	;# 
   919     011B                     	;# 
   920     011C                     	;# 
   921     011D                     	;# 
   922     011E                     	;# 
   923     011F                     	;# 
   924     018C                     	;# 
   925     018D                     	;# 
   926     018E                     	;# 
   927     018F                     	;# 
   928     0190                     	;# 
   929     0191                     	;# 
   930     0192                     	;# 
   931     020C                     	;# 
   932     020D                     	;# 
   933     020E                     	;# 
   934     020E                     	;# 
   935     020F                     	;# 
   936     020F                     	;# 
   937     0210                     	;# 
   938     0210                     	;# 
   939     0211                     	;# 
   940     0211                     	;# 
   941     028C                     	;# 
   942     028C                     	;# 
   943     028D                     	;# 
   944     028D                     	;# 
   945     028E                     	;# 
   946     028F                     	;# 
   947     0290                     	;# 
   948     0291                     	;# 
   949     030C                     	;# 
   950     030C                     	;# 
   951     030D                     	;# 
   952     030E                     	;# 
   953     030F                     	;# 
   954     0310                     	;# 
   955     0310                     	;# 
   956     0311                     	;# 
   957     0312                     	;# 
   958     0313                     	;# 
   959     0314                     	;# 
   960     0314                     	;# 
   961     0315                     	;# 
   962     0316                     	;# 
   963     0318                     	;# 
   964     0318                     	;# 
   965     0319                     	;# 
   966     031A                     	;# 
   967     059C                     	;# 
   968     059C                     	;# 
   969     059D                     	;# 
   970     059D                     	;# 
   971     059E                     	;# 
   972     059F                     	;# 
   973     070C                     	;# 
   974     070D                     	;# 
   975     070E                     	;# 
   976     0716                     	;# 
   977     0717                     	;# 
   978     0718                     	;# 
   979     080C                     	;# 
   980     0811                     	;# 
   981     0813                     	;# 
   982     0814                     	;# 
   983     081A                     	;# 
   984     081A                     	;# 
   985     081B                     	;# 
   986     081C                     	;# 
   987     081C                     	;# 
   988     081D                     	;# 
   989     081E                     	;# 
   990     081F                     	;# 
   991     088E                     	;# 
   992     0890                     	;# 
   993     0891                     	;# 
   994     0892                     	;# 
   995     0893                     	;# 
   996     090C                     	;# 
   997     1E8F                     	;# 
   998     1E90                     	;# 
   999     1E91                     	;# 
  1000     1E92                     	;# 
  1001     1E93                     	;# 
  1002     1E9C                     	;# 
  1003     1EA1                     	;# 
  1004     1EA2                     	;# 
  1005     1EC3                     	;# 
  1006     1EC5                     	;# 
  1007     1EC6                     	;# 
  1008     1EC7                     	;# 
  1009     1ECB                     	;# 
  1010     1ECB                     	;# 
  1011     1ECB                     	;# 
  1012     1ECC                     	;# 
  1013     1ECC                     	;# 
  1014     1ECC                     	;# 
  1015     1F10                     	;# 
  1016     1F11                     	;# 
  1017     1F12                     	;# 
  1018     1F14                     	;# 
  1019     1F15                     	;# 
  1020     1F20                     	;# 
  1021     1F21                     	;# 
  1022     1F22                     	;# 
  1023     1F23                     	;# 
  1024     1F24                     	;# 
  1025     1F25                     	;# 
  1026     1F38                     	;# 
  1027     1F39                     	;# 
  1028     1F3A                     	;# 
  1029     1F3B                     	;# 
  1030     1F3C                     	;# 
  1031     1F3D                     	;# 
  1032     1F3E                     	;# 
  1033     1F3F                     	;# 
  1034     1F4E                     	;# 
  1035     1F4F                     	;# 
  1036     1F50                     	;# 
  1037     1F51                     	;# 
  1038     1F52                     	;# 
  1039     1F53                     	;# 
  1040     1F54                     	;# 
  1041     1F55                     	;# 
  1042     1FE4                     	;# 
  1043     1FE5                     	;# 
  1044     1FE6                     	;# 
  1045     1FE7                     	;# 
  1046     1FE8                     	;# 
  1047     1FE8                     	;# 
  1048     1FE9                     	;# 
  1049     1FEA                     	;# 
  1050     1FEB                     	;# 
  1051     1FED                     	;# 
  1052     1FEE                     	;# 
  1053     1FEF                     	;# 
  1054                           
  1055                           	psect	idataBANK0
  1056     0492                     __pidataBANK0:
  1057                           
  1058                           ;initializer for _v
  1059     0492  3405               	retlw	5
  1060     001A                     _LATCbits	set	26
  1061     0014                     _TRISCbits	set	20
  1062     0012                     _TRISAbits	set	18
  1063     009B                     _ADRESL	set	155
  1064     009C                     _ADRESH	set	156
  1065     009D                     _ADCON0bits	set	157
  1066     009E                     _ADCON1bits	set	158
  1067     0119                     _RC1REG	set	281
  1068     011A                     _TX1REG	set	282
  1069     011D                     _RC1STAbits	set	285
  1070     011C                     _SP1BRGH	set	284
  1071     011B                     _SP1BRGL	set	283
  1072     011E                     _TX1STAbits	set	286
  1073     011F                     _BAUD1CONbits	set	287
  1074     028D                     _T2PR	set	653
  1075     028E                     _T2CONbits	set	654
  1076     0290                     _T2CLKCONbits	set	656
  1077     0314                     _PWM3DC	set	788
  1078     0316                     _PWM3CONbits	set	790
  1079     0316                     _PWM3CON	set	790
  1080     070D                     _PIR1bits	set	1805
  1081     090C                     _FVRCONbits	set	2316
  1082     1ECB                     _RXPPS	set	7883
  1083     1E8F                     _PPSLOCKbits	set	7823
  1084     1E8F                     _PPSLOCK	set	7823
  1085     1F25                     _RC5PPS	set	7973
  1086     1F22                     _RC2PPS	set	7970
  1087     1F38                     _ANSELAbits	set	7992
  1088     1F4E                     _ANSELCbits	set	8014
  1089                           
  1090                           	psect	cinit
  1091     07F1                     start_initialization:	
  1092                           ; #config settings
  1093                           
  1094     07F1                     __initialization:
  1095                           
  1096                           ; Initialize objects allocated to BANK0
  1097     07F1  3184  2492  3187   	fcall	__pidataBANK0	;fetch initializer
  1098     07F4  00C2               	movwf	__pdataBANK0& (0+127)
  1099                           
  1100                           ; Clear objects allocated to BANK0
  1101     07F5  01B9               	clrf	__pbssBANK0& (0+127)
  1102     07F6  01BA               	clrf	(__pbssBANK0+1)& (0+127)
  1103     07F7  01BB               	clrf	(__pbssBANK0+2)& (0+127)
  1104     07F8  01BC               	clrf	(__pbssBANK0+3)& (0+127)
  1105     07F9  01BD               	clrf	(__pbssBANK0+4)& (0+127)
  1106     07FA  01BE               	clrf	(__pbssBANK0+5)& (0+127)
  1107     07FB  01BF               	clrf	(__pbssBANK0+6)& (0+127)
  1108     07FC  01C0               	clrf	(__pbssBANK0+7)& (0+127)
  1109     07FD  01C1               	clrf	(__pbssBANK0+8)& (0+127)
  1110     07FE                     end_of_initialization:	
  1111                           ;End of C runtime variable initialization code
  1112                           
  1113     07FE                     __end_of__initialization:
  1114     07FE  0140               	movlb	0
  1115     07FF  2F53               	ljmp	_main	;jump to C main() function
  1116                           
  1117                           	psect	bssBANK0
  1118     0039                     __pbssBANK0:
  1119     0039                     _i_PID:
  1120     0039                     	ds	4
  1121     003D                     display@F3215:
  1122     003D                     	ds	3
  1123     0040                     _x:
  1124     0040                     	ds	2
  1125                           
  1126                           	psect	dataBANK0
  1127     0042                     __pdataBANK0:
  1128     0042                     _v:
  1129     0042                     	ds	1
  1130                           
  1131                           	psect	cstackCOMMON
  1132     0070                     __pcstackCOMMON:
  1133     0070                     ?_ADC_Init:
  1134     0070                     ??_ADC_Init:	
  1135                           ; 1 bytes @ 0x0
  1136                           
  1137     0070                     ?_PWM_Init:	
  1138                           ; 1 bytes @ 0x0
  1139                           
  1140     0070                     ?_PWM_SetDuty:	
  1141                           ; 1 bytes @ 0x0
  1142                           
  1143     0070                     ?_UART_Write:	
  1144                           ; 1 bytes @ 0x0
  1145                           
  1146     0070                     ??_UART_Write:	
  1147                           ; 1 bytes @ 0x0
  1148                           
  1149     0070                     ?_pins:	
  1150                           ; 1 bytes @ 0x0
  1151                           
  1152     0070                     ??_pins:	
  1153                           ; 1 bytes @ 0x0
  1154                           
  1155     0070                     ?_main:	
  1156                           ; 1 bytes @ 0x0
  1157                           
  1158     0070                     ?_shift_plus:	
  1159                           ; 1 bytes @ 0x0
  1160                           
  1161     0070                     ??_shift_plus:	
  1162                           ; 1 bytes @ 0x0
  1163                           
  1164     0070                     ?_latch_and_enable:	
  1165                           ; 1 bytes @ 0x0
  1166                           
  1167     0070                     ??_latch_and_enable:	
  1168                           ; 1 bytes @ 0x0
  1169                           
  1170     0070                     ?_digi:	
  1171                           ; 1 bytes @ 0x0
  1172                           
  1173     0070                     ?_ADC_Read:	
  1174                           ; 1 bytes @ 0x0
  1175                           
  1176     0070                     ?___lwdiv:	
  1177                           ; 2 bytes @ 0x0
  1178                           
  1179     0070                     ?___lwmod:	
  1180                           ; 2 bytes @ 0x0
  1181                           
  1182     0070                     UART_Write@data:	
  1183                           ; 2 bytes @ 0x0
  1184                           
  1185     0070                     digi@dig:	
  1186                           ; 1 bytes @ 0x0
  1187                           
  1188     0070                     PWM_SetDuty@permille:	
  1189                           ; 1 bytes @ 0x0
  1190                           
  1191     0070                     ___lwdiv@divisor:	
  1192                           ; 2 bytes @ 0x0
  1193                           
  1194     0070                     ___lwmod@divisor:	
  1195                           ; 2 bytes @ 0x0
  1196                           
  1197                           
  1198                           ; 2 bytes @ 0x0
  1199     0070                     	ds	1
  1200     0071                     ??_digi:
  1201                           
  1202                           ; 1 bytes @ 0x1
  1203     0071                     	ds	1
  1204     0072                     ??_PWM_SetDuty:
  1205     0072                     ??_ADC_Read:	
  1206                           ; 1 bytes @ 0x2
  1207                           
  1208     0072                     ___lwdiv@dividend:	
  1209                           ; 1 bytes @ 0x2
  1210                           
  1211     0072                     ___lwmod@dividend:	
  1212                           ; 2 bytes @ 0x2
  1213                           
  1214                           
  1215                           ; 2 bytes @ 0x2
  1216     0072                     	ds	1
  1217     0073                     ADC_Read@channel:
  1218     0073                     digi@num:	
  1219                           ; 1 bytes @ 0x3
  1220                           
  1221                           
  1222                           ; 1 bytes @ 0x3
  1223     0073                     	ds	1
  1224     0074                     ??_PWM_Init:
  1225     0074                     ??___lwdiv:	
  1226                           ; 1 bytes @ 0x4
  1227                           
  1228     0074                     ??___lwmod:	
  1229                           ; 1 bytes @ 0x4
  1230                           
  1231     0074                     ?___lldiv:	
  1232                           ; 1 bytes @ 0x4
  1233                           
  1234     0074                     digi@i:	
  1235                           ; 4 bytes @ 0x4
  1236                           
  1237     0074                     ___lldiv@divisor:	
  1238                           ; 1 bytes @ 0x4
  1239                           
  1240                           
  1241                           ; 4 bytes @ 0x4
  1242     0074                     	ds	1
  1243     0075                     digi@i_569:
  1244     0075                     ___lwmod@counter:	
  1245                           ; 1 bytes @ 0x5
  1246                           
  1247     0075                     ___lwdiv@quotient:	
  1248                           ; 1 bytes @ 0x5
  1249                           
  1250                           
  1251                           ; 2 bytes @ 0x5
  1252     0075                     	ds	1
  1253     0076                     digi@i_570:
  1254                           
  1255                           ; 1 bytes @ 0x6
  1256     0076                     	ds	1
  1257     0077                     digi@number:
  1258     0077                     ___lwdiv@counter:	
  1259                           ; 1 bytes @ 0x7
  1260                           
  1261                           
  1262                           ; 1 bytes @ 0x7
  1263     0077                     	ds	1
  1264     0078                     ?_display:
  1265     0078                     display@num:	
  1266                           ; 1 bytes @ 0x8
  1267                           
  1268     0078                     ___lldiv@dividend:	
  1269                           ; 2 bytes @ 0x8
  1270                           
  1271                           
  1272                           ; 4 bytes @ 0x8
  1273     0078                     	ds	2
  1274     007A                     ??_display:
  1275                           
  1276                           ; 1 bytes @ 0xA
  1277     007A                     	ds	2
  1278     007C                     ??___lldiv:
  1279                           
  1280                           ; 1 bytes @ 0xC
  1281     007C                     	ds	1
  1282                           
  1283                           	psect	cstackBANK0
  1284     0020                     __pcstackBANK0:
  1285     0020                     display@d:
  1286     0020                     ___lldiv@quotient:	
  1287                           ; 3 bytes @ 0x0
  1288                           
  1289                           
  1290                           ; 4 bytes @ 0x0
  1291     0020                     	ds	3
  1292     0023                     display@z:
  1293                           
  1294                           ; 1 bytes @ 0x3
  1295     0023                     	ds	1
  1296     0024                     display@z_577:
  1297     0024                     ___lldiv@counter:	
  1298                           ; 1 bytes @ 0x4
  1299                           
  1300                           
  1301                           ; 1 bytes @ 0x4
  1302     0024                     	ds	1
  1303     0025                     ?_UART_Init:
  1304     0025                     UART_Init@baud:	
  1305                           ; 1 bytes @ 0x5
  1306                           
  1307                           
  1308                           ; 4 bytes @ 0x5
  1309     0025                     	ds	4
  1310     0029                     ??_UART_Init:
  1311                           
  1312                           ; 1 bytes @ 0x9
  1313     0029                     	ds	4
  1314     002D                     UART_Init@spbrg:
  1315                           
  1316                           ; 4 bytes @ 0xD
  1317     002D                     	ds	4
  1318     0031                     ??_main:
  1319                           
  1320                           ; 1 bytes @ 0x11
  1321     0031                     	ds	4
  1322     0035                     _main$1039:
  1323                           
  1324                           ; 4 bytes @ 0x15
  1325     0035                     	ds	4
  1326                           
  1327                           	psect	maintext
  1328     0753                     __pmaintext:	
  1329 ;;
  1330 ;;Main: autosize = 0, tempsize = 4, incstack = 0, save=0
  1331 ;;
  1332 ;; *************** function _main *****************
  1333 ;; Defined at:
  1334 ;;		line 9 in file "main.c"
  1335 ;; Parameters:    Size  Location     Type
  1336 ;;		None
  1337 ;; Auto vars:     Size  Location     Type
  1338 ;;  raw_current     2    0        unsigned short 
  1339 ;;  raw_setpt       2    0        unsigned short 
  1340 ;;  raw_temp        2    0        unsigned short 
  1341 ;; Return value:  Size  Location     Type
  1342 ;;                  1    wreg      void 
  1343 ;; Registers used:
  1344 ;;		wreg, fsr0l, fsr0h, fsr1l, fsr1h, status,2, status,0, pclath, cstack
  1345 ;; Tracked objects:
  1346 ;;		On entry : B3F/0
  1347 ;;		On exit  : 0/0
  1348 ;;		Unchanged: 0/0
  1349 ;; Data sizes:     COMMON   BANK0   BANK1   BANK2
  1350 ;;      Params:         0       0       0       0
  1351 ;;      Locals:         0       4       0       0
  1352 ;;      Temps:          0       4       0       0
  1353 ;;      Totals:         0       8       0       0
  1354 ;;Total ram usage:        8 bytes
  1355 ;; Hardware stack levels required when called: 3
  1356 ;; This function calls:
  1357 ;;		_ADC_Init
  1358 ;;		_ADC_Read
  1359 ;;		_PWM_Init
  1360 ;;		_PWM_SetDuty
  1361 ;;		_UART_Init
  1362 ;;		_UART_Write
  1363 ;;		___lldiv
  1364 ;;		_display
  1365 ;;		_pins
  1366 ;; This function is called by:
  1367 ;;		Startup code after reset
  1368 ;; This function uses a non-reentrant model
  1369 ;;
  1370                           
  1371     0753                     _main:	
  1372                           ;psect for function _main
  1373                           
  1374     0753                     l1358:	
  1375                           ;incstack = 0
  1376                           ; Regs used in _main: [wreg-fsr1h+status,2+status,0+pclath+cstack]
  1377                           
  1378                           
  1379                           ;main.c: 11:     pins();
  1380     0753  3185  252E  3187   	fcall	_pins
  1381                           
  1382                           ;main.c: 12:   UART_Init(9600);
  1383     0756  3000               	movlw	0
  1384     0757  0140               	movlb	0	; select bank0
  1385     0758  00A8               	movwf	UART_Init@baud+3
  1386     0759  3000               	movlw	0
  1387     075A  00A7               	movwf	UART_Init@baud+2
  1388     075B  3025               	movlw	37
  1389     075C  00A6               	movwf	UART_Init@baud+1
  1390     075D  3080               	movlw	128
  1391     075E  00A5               	movwf	UART_Init@baud
  1392     075F  3185  25C3  3187   	fcall	_UART_Init
  1393                           
  1394                           ;main.c: 13:   ADC_Init();
  1395     0762  3184  24AD  3187   	fcall	_ADC_Init
  1396                           
  1397                           ;main.c: 14: PWM_Init();
  1398     0765  3184  24D9  3187   	fcall	_PWM_Init
  1399                           
  1400                           ;main.c: 15: PWM_SetDuty(350);
  1401     0768  305E               	movlw	94
  1402     0769  00F0               	movwf	PWM_SetDuty@permille
  1403     076A  3001               	movlw	1
  1404     076B  00F1               	movwf	PWM_SetDuty@permille+1
  1405     076C  3184  24F3  3187   	fcall	_PWM_SetDuty
  1406     076F  3005               	movlw	5
  1407     0770  3184  24BF  3187   	fcall	_ADC_Read
  1408     0773  3004               	movlw	4
  1409     0774  3184  24BF  3187   	fcall	_ADC_Read
  1410     0777  3013               	movlw	19
  1411     0778  3184  24BF  3187   	fcall	_ADC_Read
  1412     077B                     l48:	
  1413                           ;main.c: 21:     while (1)
  1414                           
  1415                           
  1416                           ;main.c: 22:     {;main.c: 25:         v=(uint8_t)(((((uint32_t)ADC_Read(5)*4096UL) / 10
      +                          23UL)/100));
  1417     077B  3000               	movlw	0
  1418     077C  00F7               	movwf	___lldiv@divisor+3
  1419     077D  3000               	movlw	0
  1420     077E  00F6               	movwf	___lldiv@divisor+2
  1421     077F  3003               	movlw	3
  1422     0780  00F5               	movwf	___lldiv@divisor+1
  1423     0781  30FF               	movlw	255
  1424     0782  00F4               	movwf	___lldiv@divisor
  1425     0783  3005               	movlw	5
  1426     0784  3184  24BF  3187   	fcall	_ADC_Read
  1427     0787  0870               	movf	?_ADC_Read,w
  1428     0788  0140               	movlb	0	; select bank0
  1429     0789  00B1               	movwf	??_main
  1430     078A  0871               	movf	?_ADC_Read+1,w
  1431     078B  00B2               	movwf	??_main+1
  1432     078C  01B3               	clrf	??_main+2
  1433     078D  01B4               	clrf	??_main+3
  1434     078E  300C               	movlw	12
  1435     078F                     u805:
  1436     078F  35B1               	lslf	??_main,f
  1437     0790  0DB2               	rlf	??_main+1,f
  1438     0791  0DB3               	rlf	??_main+2,f
  1439     0792  0DB4               	rlf	??_main+3,f
  1440     0793                     u800:
  1441     0793  0B89               	decfsz	9,f
  1442     0794  2F8F               	goto	u805
  1443     0795  0834               	movf	??_main+3,w
  1444     0796  00FB               	movwf	___lldiv@dividend+3
  1445     0797  0833               	movf	??_main+2,w
  1446     0798  00FA               	movwf	___lldiv@dividend+2
  1447     0799  0832               	movf	??_main+1,w
  1448     079A  00F9               	movwf	___lldiv@dividend+1
  1449     079B  0831               	movf	??_main,w
  1450     079C  00F8               	movwf	___lldiv@dividend
  1451     079D  3186  2666  3187   	fcall	___lldiv
  1452     07A0  0877               	movf	?___lldiv+3,w
  1453     07A1  0140               	movlb	0	; select bank0
  1454     07A2  00B8               	movwf	_main$1039+3
  1455     07A3  0876               	movf	?___lldiv+2,w
  1456     07A4  00B7               	movwf	_main$1039+2
  1457     07A5  0875               	movf	?___lldiv+1,w
  1458     07A6  00B6               	movwf	_main$1039+1
  1459     07A7  0874               	movf	?___lldiv,w
  1460     07A8  00B5               	movwf	_main$1039
  1461                           
  1462                           ;main.c: 22:     {;main.c: 25:         v=(uint8_t)(((((uint32_t)ADC_Read(5)*4096UL) / 10
      +                          23UL)/100));
  1463     07A9  3000               	movlw	0
  1464     07AA  00F7               	movwf	___lldiv@divisor+3
  1465     07AB  3000               	movlw	0
  1466     07AC  00F6               	movwf	___lldiv@divisor+2
  1467     07AD  3000               	movlw	0
  1468     07AE  00F5               	movwf	___lldiv@divisor+1
  1469     07AF  3064               	movlw	100
  1470     07B0  00F4               	movwf	___lldiv@divisor
  1471     07B1  0838               	movf	_main$1039+3,w
  1472     07B2  00FB               	movwf	___lldiv@dividend+3
  1473     07B3  0837               	movf	_main$1039+2,w
  1474     07B4  00FA               	movwf	___lldiv@dividend+2
  1475     07B5  0836               	movf	_main$1039+1,w
  1476     07B6  00F9               	movwf	___lldiv@dividend+1
  1477     07B7  0835               	movf	_main$1039,w
  1478     07B8  00F8               	movwf	___lldiv@dividend
  1479     07B9  3186  2666  3187   	fcall	___lldiv
  1480     07BC  0874               	movf	?___lldiv,w
  1481     07BD  0140               	movlb	0	; select bank0
  1482     07BE  00C2               	movwf	_v
  1483                           
  1484                           ;main.c: 26:         UART_Write(v);
  1485     07BF  0842               	movf	_v,w
  1486     07C0  3184  2493  3187   	fcall	_UART_Write
  1487                           
  1488                           ;main.c: 27:         PWM_SetDuty(x);
  1489     07C3  0140               	movlb	0	; select bank0
  1490     07C4  0841               	movf	_x+1,w
  1491     07C5  00F1               	movwf	PWM_SetDuty@permille+1
  1492     07C6  0840               	movf	_x,w
  1493     07C7  00F0               	movwf	PWM_SetDuty@permille
  1494     07C8  3184  24F3  3187   	fcall	_PWM_SetDuty
  1495     07CB                     l1360:
  1496                           
  1497                           ;main.c: 28:         display(x);
  1498     07CB  0140               	movlb	0	; select bank0
  1499     07CC  0841               	movf	_x+1,w
  1500     07CD  00F9               	movwf	display@num+1
  1501     07CE  0840               	movf	_x,w
  1502     07CF  00F8               	movwf	display@num
  1503     07D0  3186  2613  3187   	fcall	_display
  1504     07D3                     l1362:
  1505                           
  1506                           ;main.c: 29:         _delay((unsigned long)((1000)*(32000000UL/4000.0)));
  1507     07D3  3029               	movlw	41
  1508     07D4  0140               	movlb	0	; select bank0
  1509     07D5  00B2               	movwf	??_main+1
  1510     07D6  3096               	movlw	150
  1511     07D7  00B1               	movwf	??_main
  1512     07D8  307F               	movlw	127
  1513     07D9                     u1017:
  1514     07D9  0B89               	decfsz	9,f
  1515     07DA  2FD9               	goto	u1017
  1516     07DB  0BB1               	decfsz	??_main,f
  1517     07DC  2FD9               	goto	u1017
  1518     07DD  0BB2               	decfsz	??_main+1,f
  1519     07DE  2FD9               	goto	u1017
  1520     07DF                     l1364:
  1521                           
  1522                           ;main.c: 30:         x++;
  1523     07DF  3001               	movlw	1
  1524     07E0  0140               	movlb	0	; select bank0
  1525     07E1  07C0               	addwf	_x,f
  1526     07E2  3000               	movlw	0
  1527     07E3  3DC1               	addwfc	_x+1,f
  1528     07E4                     l1366:
  1529                           
  1530                           ;main.c: 31:         if(x==999)
  1531     07E4  30E7               	movlw	231
  1532     07E5  0640               	xorwf	_x,w
  1533     07E6  3003               	movlw	3
  1534     07E7  1903               	skipnz
  1535     07E8  0641               	xorwf	_x+1,w
  1536     07E9  1D03               	btfss	3,2
  1537     07EA  2FEC               	goto	u811
  1538     07EB  2FED               	goto	u810
  1539     07EC                     u811:
  1540     07EC  2F7B               	goto	l48
  1541     07ED                     u810:
  1542     07ED                     l1368:
  1543                           
  1544                           ;main.c: 32:         x=0;
  1545     07ED  01C0               	clrf	_x
  1546     07EE  01C1               	clrf	_x+1
  1547     07EF  2F7B               	goto	l48
  1548     07F0  2801               	ljmp	start
  1549     07F1                     __end_of_main:
  1550                           
  1551                           	psect	text1
  1552     052E                     __ptext1:	
  1553 ;; *************** function _pins *****************
  1554 ;; Defined at:
  1555 ;;		line 2 in file "./pin_deffiine.h"
  1556 ;; Parameters:    Size  Location     Type
  1557 ;;		None
  1558 ;; Auto vars:     Size  Location     Type
  1559 ;;		None
  1560 ;; Return value:  Size  Location     Type
  1561 ;;                  1    wreg      void 
  1562 ;; Registers used:
  1563 ;;		wreg
  1564 ;; Tracked objects:
  1565 ;;		On entry : 0/0
  1566 ;;		On exit  : 0/0
  1567 ;;		Unchanged: 0/0
  1568 ;; Data sizes:     COMMON   BANK0   BANK1   BANK2
  1569 ;;      Params:         0       0       0       0
  1570 ;;      Locals:         0       0       0       0
  1571 ;;      Temps:          0       0       0       0
  1572 ;;      Totals:         0       0       0       0
  1573 ;;Total ram usage:        0 bytes
  1574 ;; Hardware stack levels used: 1
  1575 ;; This function calls:
  1576 ;;		Nothing
  1577 ;; This function is called by:
  1578 ;;		_main
  1579 ;; This function uses a non-reentrant model
  1580 ;;
  1581                           
  1582     052E                     _pins:	
  1583                           ;psect for function _pins
  1584                           
  1585     052E                     l1264:	
  1586                           ;incstack = 0
  1587                           ; Regs used in _pins: [wreg]
  1588                           
  1589                           
  1590                           ;./pin_deffiine.h: 3: TRISAbits.TRISA5 = 1;
  1591     052E  0140               	movlb	0	; select bank0
  1592     052F  1692               	bsf	18,5	;volatile
  1593                           
  1594                           ;./pin_deffiine.h: 4: TRISAbits.TRISA4 = 1;
  1595     0530  1612               	bsf	18,4	;volatile
  1596                           
  1597                           ;./pin_deffiine.h: 5: TRISCbits.TRISC5 = 0;
  1598     0531  1294               	bcf	20,5	;volatile
  1599                           
  1600                           ;./pin_deffiine.h: 6: TRISCbits.TRISC3 = 1;
  1601     0532  1594               	bsf	20,3	;volatile
  1602                           
  1603                           ;./pin_deffiine.h: 7: TRISCbits.TRISC1 = 0;
  1604     0533  1094               	bcf	20,1	;volatile
  1605                           
  1606                           ;./pin_deffiine.h: 8: TRISCbits.TRISC0 = 0;
  1607     0534  1014               	bcf	20,0	;volatile
  1608                           
  1609                           ;./pin_deffiine.h: 9: TRISCbits.TRISC2 = 0;
  1610     0535  1114               	bcf	20,2	;volatile
  1611                           
  1612                           ;./pin_deffiine.h: 10: TRISAbits.TRISA2 = 1;
  1613     0536  1512               	bsf	18,2	;volatile
  1614                           
  1615                           ;./pin_deffiine.h: 12: ANSELCbits.ANSC5 = 0;
  1616     0537  017E               	movlb	62	; select bank62
  1617     0538  12CE               	bcf	78,5	;volatile
  1618                           
  1619                           ;./pin_deffiine.h: 13: ANSELCbits.ANSC2 = 0;
  1620     0539  114E               	bcf	78,2	;volatile
  1621                           
  1622                           ;./pin_deffiine.h: 14: ANSELCbits.ANSC0 = 0;
  1623     053A  104E               	bcf	78,0	;volatile
  1624                           
  1625                           ;./pin_deffiine.h: 15: ANSELCbits.ANSC1 = 0;
  1626     053B  10CE               	bcf	78,1	;volatile
  1627                           
  1628                           ;./pin_deffiine.h: 16: ANSELAbits.ANSA2 = 0;
  1629     053C  1138               	bcf	56,2	;volatile
  1630     053D                     l1266:
  1631                           
  1632                           ;./pin_deffiine.h: 19:     PPSLOCK = 0x55;
  1633     053D  3055               	movlw	85
  1634     053E  017D               	movlb	61	; select bank61
  1635     053F  008F               	movwf	15	;volsfr
  1636                           
  1637                           ;./pin_deffiine.h: 20:     PPSLOCK = 0xAA;
  1638     0540  30AA               	movlw	170
  1639     0541  008F               	movwf	15	;volsfr
  1640     0542                     l1268:
  1641                           
  1642                           ;./pin_deffiine.h: 21:     PPSLOCKbits.PPSLOCKED = 0;
  1643     0542  100F               	bcf	15,0	;volsfr
  1644                           
  1645                           ;./pin_deffiine.h: 28:     RC2PPS = 0x05;
  1646     0543  3005               	movlw	5
  1647     0544  017E               	movlb	62	; select bank62
  1648     0545  00A2               	movwf	34	;volatile
  1649                           
  1650                           ;./pin_deffiine.h: 32:     RXPPS = 0x02;
  1651     0546  3002               	movlw	2
  1652     0547  017D               	movlb	61	; select bank61
  1653     0548  00CB               	movwf	75	;volatile
  1654                           
  1655                           ;./pin_deffiine.h: 33:     RC5PPS = 0x03;
  1656     0549  3003               	movlw	3
  1657     054A  017E               	movlb	62	; select bank62
  1658     054B  00A5               	movwf	37	;volatile
  1659                           
  1660                           ;./pin_deffiine.h: 58:     PPSLOCK = 0x55;
  1661     054C  3055               	movlw	85
  1662     054D  017D               	movlb	61	; select bank61
  1663     054E  008F               	movwf	15	;volsfr
  1664                           
  1665                           ;./pin_deffiine.h: 59:     PPSLOCK = 0xAA;
  1666     054F  30AA               	movlw	170
  1667     0550  008F               	movwf	15	;volsfr
  1668     0551                     l1270:
  1669                           
  1670                           ;./pin_deffiine.h: 60:     PPSLOCKbits.PPSLOCKED = 1;
  1671     0551  140F               	bsf	15,0	;volsfr
  1672     0552                     l37:
  1673     0552  0008               	return
  1674     0553                     __end_of_pins:
  1675                           
  1676                           	psect	text2
  1677     0613                     __ptext2:	
  1678 ;; *************** function _display *****************
  1679 ;; Defined at:
  1680 ;;		line 73 in file "display.c"
  1681 ;; Parameters:    Size  Location     Type
  1682 ;;  num             2    8[COMMON] unsigned short 
  1683 ;; Auto vars:     Size  Location     Type
  1684 ;;  z               1    4[BANK0 ] unsigned char 
  1685 ;;  z               1    3[BANK0 ] unsigned char 
  1686 ;;  d               3    0[BANK0 ] unsigned char [3]
  1687 ;; Return value:  Size  Location     Type
  1688 ;;                  1    wreg      void 
  1689 ;; Registers used:
  1690 ;;		wreg, fsr0l, fsr0h, fsr1l, fsr1h, status,2, status,0, pclath, cstack
  1691 ;; Tracked objects:
  1692 ;;		On entry : 0/0
  1693 ;;		On exit  : 0/0
  1694 ;;		Unchanged: 0/0
  1695 ;; Data sizes:     COMMON   BANK0   BANK1   BANK2
  1696 ;;      Params:         2       0       0       0
  1697 ;;      Locals:         0       5       0       0
  1698 ;;      Temps:          1       0       0       0
  1699 ;;      Totals:         3       5       0       0
  1700 ;;Total ram usage:        8 bytes
  1701 ;; Hardware stack levels used: 1
  1702 ;; Hardware stack levels required when called: 2
  1703 ;; This function calls:
  1704 ;;		___lwdiv
  1705 ;;		___lwmod
  1706 ;;		_digi
  1707 ;; This function is called by:
  1708 ;;		_main
  1709 ;; This function uses a non-reentrant model
  1710 ;;
  1711                           
  1712     0613                     _display:	
  1713                           ;psect for function _display
  1714                           
  1715     0613                     l1330:	
  1716                           ;incstack = 0
  1717                           ; Regs used in _display: [wreg-fsr1h+status,2+status,0+pclath+cstack]
  1718                           
  1719                           
  1720                           ;display.c: 73: void display(uint16_t num);display.c: 74: {;display.c: 75:     uint8_t d
      +                          [3] = {0};
  1721     0613  3000               	movlw	0
  1722     0614  0140               	movlb	0	; select bank0
  1723     0615  00A0               	movwf	display@d
  1724     0616  3000               	movlw	0
  1725     0617  00A1               	movwf	display@d+1
  1726     0618  3000               	movlw	0
  1727     0619  00A2               	movwf	display@d+2
  1728     061A                     l1332:
  1729                           
  1730                           ;display.c: 77:     for (uint8_t z = 0; z < 3; z++)
  1731     061A  01A3               	clrf	display@z
  1732     061B                     l1338:
  1733                           
  1734                           ;display.c: 78:     {;display.c: 79:         d[z] = num % 10;
  1735     061B  0823               	movf	display@z,w
  1736     061C  3E20               	addlw	(low (display@d| 0))& (0+255)
  1737     061D  0086               	movwf	6
  1738     061E  0187               	clrf	7
  1739     061F  300A               	movlw	10
  1740     0620  00F0               	movwf	___lwmod@divisor
  1741     0621  3000               	movlw	0
  1742     0622  00F1               	movwf	___lwmod@divisor+1
  1743     0623  0879               	movf	display@num+1,w
  1744     0624  00F3               	movwf	___lwmod@dividend+1
  1745     0625  0878               	movf	display@num,w
  1746     0626  00F2               	movwf	___lwmod@dividend
  1747     0627  3185  2553  3186   	fcall	___lwmod
  1748     062A  0870               	movf	?___lwmod,w
  1749     062B  0081               	movwf	1
  1750     062C                     l1340:
  1751                           
  1752                           ;display.c: 80:         num /= 10;
  1753     062C  300A               	movlw	10
  1754     062D  00F0               	movwf	___lwdiv@divisor
  1755     062E  3000               	movlw	0
  1756     062F  00F1               	movwf	___lwdiv@divisor+1
  1757     0630  0879               	movf	display@num+1,w
  1758     0631  00F3               	movwf	___lwdiv@dividend+1
  1759     0632  0878               	movf	display@num,w
  1760     0633  00F2               	movwf	___lwdiv@dividend
  1761     0634  3185  2587  3186   	fcall	___lwdiv
  1762     0637  0871               	movf	?___lwdiv+1,w
  1763     0638  00F9               	movwf	display@num+1
  1764     0639  0870               	movf	?___lwdiv,w
  1765     063A  00F8               	movwf	display@num
  1766     063B                     l1342:
  1767                           
  1768                           ;display.c: 81:     }
  1769     063B  3001               	movlw	1
  1770     063C  00FA               	movwf	??_display
  1771     063D  087A               	movf	??_display,w
  1772     063E  0140               	movlb	0	; select bank0
  1773     063F  07A3               	addwf	display@z,f
  1774     0640                     l1344:
  1775     0640  3003               	movlw	3
  1776     0641  0223               	subwf	display@z,w
  1777     0642  1C03               	skipc
  1778     0643  2E45               	goto	u771
  1779     0644  2E46               	goto	u770
  1780     0645                     u771:
  1781     0645  2E1B               	goto	l1338
  1782     0646                     u770:
  1783     0646                     l1346:
  1784                           
  1785                           ;display.c: 83:     for (uint8_t z = 0; z < 3; z++)
  1786     0646  01A4               	clrf	display@z_577
  1787     0647                     l1348:
  1788     0647  3003               	movlw	3
  1789     0648  0224               	subwf	display@z_577,w
  1790     0649  1C03               	skipc
  1791     064A  2E4C               	goto	u781
  1792     064B  2E4D               	goto	u780
  1793     064C                     u781:
  1794     064C  2E4E               	goto	l1352
  1795     064D                     u780:
  1796     064D  2E65               	goto	l182
  1797     064E                     l1352:
  1798                           
  1799                           ;display.c: 84:     {;display.c: 85:      digi(d[z], (uint8_t)(1 << z));
  1800     064E  3001               	movlw	1
  1801     064F  00FA               	movwf	??_display
  1802     0650  0A24               	incf	display@z_577,w
  1803     0651  2E53               	goto	u794
  1804     0652                     u795:
  1805     0652  35FA               	lslf	??_display,f
  1806     0653                     u794:
  1807     0653  0B89               	decfsz	9,f
  1808     0654  2E52               	goto	u795
  1809     0655  087A               	movf	??_display,w
  1810     0656  00F0               	movwf	digi@dig
  1811     0657  0824               	movf	display@z_577,w
  1812     0658  3E20               	addlw	(low (display@d| 0))& (0+255)
  1813     0659  0086               	movwf	6
  1814     065A  0187               	clrf	7
  1815     065B  0801               	movf	1,w
  1816     065C  3186  26C1  3186   	fcall	_digi
  1817     065F                     l1354:
  1818                           
  1819                           ;display.c: 86:     }
  1820     065F  3001               	movlw	1
  1821     0660  00FA               	movwf	??_display
  1822     0661  087A               	movf	??_display,w
  1823     0662  0140               	movlb	0	; select bank0
  1824     0663  07A4               	addwf	display@z_577,f
  1825     0664  2E47               	goto	l1348
  1826     0665                     l182:
  1827     0665  0008               	return
  1828     0666                     __end_of_display:
  1829                           
  1830                           	psect	text3
  1831     06C1                     __ptext3:	
  1832 ;; *************** function _digi *****************
  1833 ;; Defined at:
  1834 ;;		line 31 in file "display.c"
  1835 ;; Parameters:    Size  Location     Type
  1836 ;;  num             1    wreg     unsigned char 
  1837 ;;  dig             1    0[COMMON] unsigned char 
  1838 ;; Auto vars:     Size  Location     Type
  1839 ;;  num             1    3[COMMON] unsigned char 
  1840 ;;  i               1    6[COMMON] unsigned char 
  1841 ;;  i               1    5[COMMON] unsigned char 
  1842 ;;  i               1    4[COMMON] unsigned char 
  1843 ;;  number          1    7[COMMON] unsigned char 
  1844 ;; Return value:  Size  Location     Type
  1845 ;;                  1    wreg      void 
  1846 ;; Registers used:
  1847 ;;		wreg, fsr0l, fsr0h, status,2, status,0, pclath, cstack
  1848 ;; Tracked objects:
  1849 ;;		On entry : 0/0
  1850 ;;		On exit  : 0/0
  1851 ;;		Unchanged: 0/0
  1852 ;; Data sizes:     COMMON   BANK0   BANK1   BANK2
  1853 ;;      Params:         1       0       0       0
  1854 ;;      Locals:         5       0       0       0
  1855 ;;      Temps:          2       0       0       0
  1856 ;;      Totals:         8       0       0       0
  1857 ;;Total ram usage:        8 bytes
  1858 ;; Hardware stack levels used: 1
  1859 ;; Hardware stack levels required when called: 1
  1860 ;; This function calls:
  1861 ;;		_latch_and_enable
  1862 ;;		_shift_plus
  1863 ;; This function is called by:
  1864 ;;		_display
  1865 ;; This function uses a non-reentrant model
  1866 ;;
  1867                           
  1868     06C1                     _digi:	
  1869                           ;psect for function _digi
  1870                           
  1871                           
  1872                           ;incstack = 0
  1873                           ; Regs used in _digi: [wreg-fsr0h+status,2+status,0+pclath+cstack]
  1874                           ;digi@num stored from wreg
  1875     06C1  00F3               	movwf	digi@num
  1876     06C2                     l1114:
  1877                           
  1878                           ;display.c: 31: void digi(uint8_t num, uint8_t dig);display.c: 32: {;display.c: 33:     
      +                          uint8_t number;;display.c: 35:     switch (num)
  1879     06C2  2EE3               	goto	l1140
  1880     06C3                     l1116:
  1881     06C3  30FC               	movlw	252
  1882     06C4  00F7               	movwf	digi@number
  1883     06C5  2F0B               	goto	l1142
  1884     06C6                     l1118:
  1885     06C6  3060               	movlw	96
  1886     06C7  00F7               	movwf	digi@number
  1887     06C8  2F0B               	goto	l1142
  1888     06C9                     l1120:
  1889     06C9  30DA               	movlw	218
  1890     06CA  00F7               	movwf	digi@number
  1891     06CB  2F0B               	goto	l1142
  1892     06CC                     l1122:
  1893     06CC  30F2               	movlw	242
  1894     06CD  00F7               	movwf	digi@number
  1895     06CE  2F0B               	goto	l1142
  1896     06CF                     l1124:
  1897     06CF  3066               	movlw	102
  1898     06D0  00F7               	movwf	digi@number
  1899     06D1  2F0B               	goto	l1142
  1900     06D2                     l1126:
  1901     06D2  30B6               	movlw	182
  1902     06D3  00F7               	movwf	digi@number
  1903     06D4  2F0B               	goto	l1142
  1904     06D5                     l1128:
  1905     06D5  30BE               	movlw	190
  1906     06D6  00F7               	movwf	digi@number
  1907     06D7  2F0B               	goto	l1142
  1908     06D8                     l1130:
  1909     06D8  30E0               	movlw	224
  1910     06D9  00F7               	movwf	digi@number
  1911     06DA  2F0B               	goto	l1142
  1912     06DB                     l1132:
  1913     06DB  30FE               	movlw	254
  1914     06DC  00F7               	movwf	digi@number
  1915     06DD  2F0B               	goto	l1142
  1916     06DE                     l1134:
  1917     06DE  30F6               	movlw	246
  1918     06DF  00F7               	movwf	digi@number
  1919     06E0  2F0B               	goto	l1142
  1920     06E1                     l1136:
  1921     06E1  01F7               	clrf	digi@number
  1922     06E2  2F0B               	goto	l1142
  1923     06E3                     l1140:
  1924     06E3  0873               	movf	digi@num,w
  1925     06E4  00F1               	movwf	??_digi
  1926     06E5  01F2               	clrf	??_digi+1
  1927                           
  1928                           ; Switch on 2 bytes has been partitioned into a top level switch of size 1, and 1 sub-sw
      +                          itches
  1929                           ; Switch size 1, requested type "simple"
  1930                           ; Number of cases is 1, Range of values is 0 to 0
  1931                           ; switch strategies available:
  1932                           ; Name         Instructions Cycles
  1933                           ; simple_byte            4     3 (average)
  1934                           ; direct_byte            8     6 (fixed)
  1935                           ; jumptable            260     6 (fixed)
  1936                           ;	Chosen strategy is simple_byte
  1937     06E6  0872               	movf	??_digi+1,w
  1938     06E7  3A00               	xorlw	0	; case 0
  1939     06E8  1903               	skipnz
  1940     06E9  2EEB               	goto	l1482
  1941     06EA  2EE1               	goto	l1136
  1942     06EB                     l1482:
  1943                           
  1944                           ; Switch size 1, requested type "simple"
  1945                           ; Number of cases is 10, Range of values is 0 to 9
  1946                           ; switch strategies available:
  1947                           ; Name         Instructions Cycles
  1948                           ; direct_byte           26     6 (fixed)
  1949                           ; simple_byte           31    16 (average)
  1950                           ; jumptable            260     6 (fixed)
  1951                           ;	Chosen strategy is simple_byte
  1952     06EB  0871               	movf	??_digi,w
  1953     06EC  3A00               	xorlw	0	; case 0
  1954     06ED  1903               	skipnz
  1955     06EE  2EC3               	goto	l1116
  1956     06EF  3A01               	xorlw	1	; case 1
  1957     06F0  1903               	skipnz
  1958     06F1  2EC6               	goto	l1118
  1959     06F2  3A03               	xorlw	3	; case 2
  1960     06F3  1903               	skipnz
  1961     06F4  2EC9               	goto	l1120
  1962     06F5  3A01               	xorlw	1	; case 3
  1963     06F6  1903               	skipnz
  1964     06F7  2ECC               	goto	l1122
  1965     06F8  3A07               	xorlw	7	; case 4
  1966     06F9  1903               	skipnz
  1967     06FA  2ECF               	goto	l1124
  1968     06FB  3A01               	xorlw	1	; case 5
  1969     06FC  1903               	skipnz
  1970     06FD  2ED2               	goto	l1126
  1971     06FE  3A03               	xorlw	3	; case 6
  1972     06FF  1903               	skipnz
  1973     0700  2ED5               	goto	l1128
  1974     0701  3A01               	xorlw	1	; case 7
  1975     0702  1903               	skipnz
  1976     0703  2ED8               	goto	l1130
  1977     0704  3A0F               	xorlw	15	; case 8
  1978     0705  1903               	skipnz
  1979     0706  2EDB               	goto	l1132
  1980     0707  3A01               	xorlw	1	; case 9
  1981     0708  1903               	skipnz
  1982     0709  2EDE               	goto	l1134
  1983     070A  2EE1               	goto	l1136
  1984     070B                     l1142:
  1985                           
  1986                           ;display.c: 50:     for (uint8_t i = 0; i < 4; i++)
  1987     070B  01F4               	clrf	digi@i
  1988     070C                     l1148:
  1989                           
  1990                           ;display.c: 51:     {;display.c: 52:         LATCbits.LATC1 = dig & 0x01;
  1991     070C  0870               	movf	digi@dig,w
  1992     070D  3901               	andlw	1
  1993     070E  00F1               	movwf	??_digi
  1994     070F  0DF1               	rlf	??_digi,f
  1995     0710  0140               	movlb	0	; select bank0
  1996     0711  081A               	movf	26,w	;volatile
  1997     0712  0671               	xorwf	??_digi,w
  1998     0713  39FD               	andlw	-3
  1999     0714  0671               	xorwf	??_digi,w
  2000     0715  009A               	movwf	26	;volatile
  2001     0716                     l1150:
  2002                           
  2003                           ;display.c: 53:         shift_plus();
  2004     0716  3184  249D  3186   	fcall	_shift_plus
  2005     0719                     l1152:
  2006                           
  2007                           ;display.c: 54:         dig >>= 1;
  2008     0719  1003               	clrc
  2009     071A  0CF0               	rrf	digi@dig,f
  2010     071B                     l1154:
  2011                           
  2012                           ;display.c: 55:     }
  2013     071B  3001               	movlw	1
  2014     071C  00F1               	movwf	??_digi
  2015     071D  0871               	movf	??_digi,w
  2016     071E  07F4               	addwf	digi@i,f
  2017     071F                     l1156:
  2018     071F  3004               	movlw	4
  2019     0720  0274               	subwf	digi@i,w
  2020     0721  1C03               	skipc
  2021     0722  2F24               	goto	u491
  2022     0723  2F25               	goto	u490
  2023     0724                     u491:
  2024     0724  2F0C               	goto	l1148
  2025     0725                     u490:
  2026     0725                     l1158:
  2027                           
  2028                           ;display.c: 57:     for (uint8_t i = 0; i < 6; i++)
  2029     0725  01F5               	clrf	digi@i_569
  2030     0726                     l169:
  2031                           
  2032                           ;display.c: 58:     {;display.c: 59:         LATCbits.LATC1 = 0;
  2033     0726  0140               	movlb	0	; select bank0
  2034     0727  109A               	bcf	26,1	;volatile
  2035     0728                     l1164:
  2036                           
  2037                           ;display.c: 60:         shift_plus();
  2038     0728  3184  249D  3186   	fcall	_shift_plus
  2039     072B                     l1166:
  2040                           
  2041                           ;display.c: 61:     }
  2042     072B  3001               	movlw	1
  2043     072C  00F1               	movwf	??_digi
  2044     072D  0871               	movf	??_digi,w
  2045     072E  07F5               	addwf	digi@i_569,f
  2046     072F                     l1168:
  2047     072F  3006               	movlw	6
  2048     0730  0275               	subwf	digi@i_569,w
  2049     0731  1C03               	skipc
  2050     0732  2F34               	goto	u501
  2051     0733  2F35               	goto	u500
  2052     0734                     u501:
  2053     0734  2F26               	goto	l169
  2054     0735                     u500:
  2055     0735                     l1170:
  2056                           
  2057                           ;display.c: 63:     for (uint8_t i = 0; i < 8; i++)
  2058     0735  01F6               	clrf	digi@i_570
  2059     0736                     l1176:
  2060                           
  2061                           ;display.c: 64:     {;display.c: 65:         LATCbits.LATC1 = number & 0x01;
  2062     0736  0877               	movf	digi@number,w
  2063     0737  3901               	andlw	1
  2064     0738  00F1               	movwf	??_digi
  2065     0739  0DF1               	rlf	??_digi,f
  2066     073A  0140               	movlb	0	; select bank0
  2067     073B  081A               	movf	26,w	;volatile
  2068     073C  0671               	xorwf	??_digi,w
  2069     073D  39FD               	andlw	-3
  2070     073E  0671               	xorwf	??_digi,w
  2071     073F  009A               	movwf	26	;volatile
  2072     0740                     l1178:
  2073                           
  2074                           ;display.c: 66:         shift_plus();
  2075     0740  3184  249D  3186   	fcall	_shift_plus
  2076     0743                     l1180:
  2077                           
  2078                           ;display.c: 67:         number >>= 1;
  2079     0743  1003               	clrc
  2080     0744  0CF7               	rrf	digi@number,f
  2081     0745                     l1182:
  2082                           
  2083                           ;display.c: 68:     }
  2084     0745  3001               	movlw	1
  2085     0746  00F1               	movwf	??_digi
  2086     0747  0871               	movf	??_digi,w
  2087     0748  07F6               	addwf	digi@i_570,f
  2088     0749                     l1184:
  2089     0749  3008               	movlw	8
  2090     074A  0276               	subwf	digi@i_570,w
  2091     074B  1C03               	skipc
  2092     074C  2F4E               	goto	u511
  2093     074D  2F4F               	goto	u510
  2094     074E                     u511:
  2095     074E  2F36               	goto	l1176
  2096     074F                     u510:
  2097     074F                     l1186:
  2098                           
  2099                           ;display.c: 70:   latch_and_enable();
  2100     074F  3185  250F  3186   	fcall	_latch_and_enable
  2101     0752                     l173:
  2102     0752  0008               	return
  2103     0753                     __end_of_digi:
  2104                           
  2105                           	psect	text4
  2106     049D                     __ptext4:	
  2107 ;; *************** function _shift_plus *****************
  2108 ;; Defined at:
  2109 ;;		line 3 in file "display.c"
  2110 ;; Parameters:    Size  Location     Type
  2111 ;;		None
  2112 ;; Auto vars:     Size  Location     Type
  2113 ;;		None
  2114 ;; Return value:  Size  Location     Type
  2115 ;;                  1    wreg      void 
  2116 ;; Registers used:
  2117 ;;		wreg
  2118 ;; Tracked objects:
  2119 ;;		On entry : 0/0
  2120 ;;		On exit  : 0/0
  2121 ;;		Unchanged: 0/0
  2122 ;; Data sizes:     COMMON   BANK0   BANK1   BANK2
  2123 ;;      Params:         0       0       0       0
  2124 ;;      Locals:         0       0       0       0
  2125 ;;      Temps:          0       0       0       0
  2126 ;;      Totals:         0       0       0       0
  2127 ;;Total ram usage:        0 bytes
  2128 ;; Hardware stack levels used: 1
  2129 ;; This function calls:
  2130 ;;		Nothing
  2131 ;; This function is called by:
  2132 ;;		_digi
  2133 ;; This function uses a non-reentrant model
  2134 ;;
  2135                           
  2136     049D                     _shift_plus:	
  2137                           ;psect for function _shift_plus
  2138                           
  2139     049D                     l1090:	
  2140                           ;incstack = 0
  2141                           ; Regs used in _shift_plus: [wreg]
  2142                           
  2143                           
  2144                           ;display.c: 5:      _delay((unsigned long)((20)*(32000000UL/4000000.0)));
  2145     049D  3035               	movlw	53
  2146     049E                     u1027:
  2147     049E  0B89               	decfsz	9,f
  2148     049F  2C9E               	goto	u1027
  2149     04A0  0000               	nop
  2150     04A1                     l1092:
  2151                           
  2152                           ;display.c: 6:      LATCbits.LATC0 = 1;
  2153     04A1  0140               	movlb	0	; select bank0
  2154     04A2  141A               	bsf	26,0	;volatile
  2155                           
  2156                           ;display.c: 7:      _delay((unsigned long)((30)*(32000000UL/4000000.0)));
  2157     04A3  3050               	movlw	80
  2158     04A4                     u1037:
  2159     04A4  0B89               	decfsz	9,f
  2160     04A5  2CA4               	goto	u1037
  2161     04A6                     l1094:
  2162                           
  2163                           ;display.c: 8:     LATCbits.LATC0 = 0;
  2164     04A6  0140               	movlb	0	; select bank0
  2165     04A7  101A               	bcf	26,0	;volatile
  2166                           
  2167                           ;display.c: 9:      _delay((unsigned long)((10)*(32000000UL/4000000.0)));
  2168     04A8  301A               	movlw	26
  2169     04A9                     u1047:
  2170     04A9  0B89               	decfsz	9,f
  2171     04AA  2CA9               	goto	u1047
  2172     04AB  3200               	nop2
  2173     04AC                     l148:
  2174     04AC  0008               	return
  2175     04AD                     __end_of_shift_plus:
  2176                           
  2177                           	psect	text5
  2178     050F                     __ptext5:	
  2179 ;; *************** function _latch_and_enable *****************
  2180 ;; Defined at:
  2181 ;;		line 12 in file "display.c"
  2182 ;; Parameters:    Size  Location     Type
  2183 ;;		None
  2184 ;; Auto vars:     Size  Location     Type
  2185 ;;		None
  2186 ;; Return value:  Size  Location     Type
  2187 ;;                  1    wreg      void 
  2188 ;; Registers used:
  2189 ;;		wreg
  2190 ;; Tracked objects:
  2191 ;;		On entry : 0/0
  2192 ;;		On exit  : 0/0
  2193 ;;		Unchanged: 0/0
  2194 ;; Data sizes:     COMMON   BANK0   BANK1   BANK2
  2195 ;;      Params:         0       0       0       0
  2196 ;;      Locals:         0       0       0       0
  2197 ;;      Temps:          0       0       0       0
  2198 ;;      Totals:         0       0       0       0
  2199 ;;Total ram usage:        0 bytes
  2200 ;; Hardware stack levels used: 1
  2201 ;; This function calls:
  2202 ;;		Nothing
  2203 ;; This function is called by:
  2204 ;;		_digi
  2205 ;; This function uses a non-reentrant model
  2206 ;;
  2207                           
  2208     050F                     _latch_and_enable:	
  2209                           ;psect for function _latch_and_enable
  2210                           
  2211     050F                     l1096:	
  2212                           ;incstack = 0
  2213                           ; Regs used in _latch_and_enable: [wreg]
  2214                           
  2215                           
  2216                           ;display.c: 15:     LATCbits.LATC0 = 1;
  2217     050F  0140               	movlb	0	; select bank0
  2218     0510  141A               	bsf	26,0	;volatile
  2219     0511                     l1098:
  2220                           
  2221                           ;display.c: 16:     _delay((unsigned long)((30)*(32000000UL/4000000.0)));
  2222     0511  3050               	movlw	80
  2223     0512                     u1057:
  2224     0512  0B89               	decfsz	9,f
  2225     0513  2D12               	goto	u1057
  2226     0514                     l1100:
  2227                           
  2228                           ;display.c: 17:     LATCbits.LATC1 = 1;
  2229     0514  0140               	movlb	0	; select bank0
  2230     0515  149A               	bsf	26,1	;volatile
  2231                           
  2232                           ;display.c: 18:     _delay((unsigned long)((30)*(32000000UL/4000000.0)));
  2233     0516  3050               	movlw	80
  2234     0517                     u1067:
  2235     0517  0B89               	decfsz	9,f
  2236     0518  2D17               	goto	u1067
  2237     0519                     l1102:
  2238                           
  2239                           ;display.c: 19:     LATCbits.LATC1 = 0;
  2240     0519  0140               	movlb	0	; select bank0
  2241     051A  109A               	bcf	26,1	;volatile
  2242                           
  2243                           ;display.c: 20:     _delay((unsigned long)((30)*(32000000UL/4000000.0)));
  2244     051B  3050               	movlw	80
  2245     051C                     u1077:
  2246     051C  0B89               	decfsz	9,f
  2247     051D  2D1C               	goto	u1077
  2248     051E                     l1104:
  2249                           
  2250                           ;display.c: 23:     LATCbits.LATC0 = 0;
  2251     051E  0140               	movlb	0	; select bank0
  2252     051F  101A               	bcf	26,0	;volatile
  2253                           
  2254                           ;display.c: 24:     _delay((unsigned long)((30)*(32000000UL/4000000.0)));
  2255     0520  3050               	movlw	80
  2256     0521                     u1087:
  2257     0521  0B89               	decfsz	9,f
  2258     0522  2D21               	goto	u1087
  2259     0523                     l1106:
  2260                           
  2261                           ;display.c: 25:     LATCbits.LATC1 = 1;
  2262     0523  0140               	movlb	0	; select bank0
  2263     0524  149A               	bsf	26,1	;volatile
  2264                           
  2265                           ;display.c: 26:     _delay((unsigned long)((30)*(32000000UL/4000000.0)));
  2266     0525  3050               	movlw	80
  2267     0526                     u1097:
  2268     0526  0B89               	decfsz	9,f
  2269     0527  2D26               	goto	u1097
  2270     0528                     l1108:
  2271                           
  2272                           ;display.c: 27:     LATCbits.LATC1 = 0;
  2273     0528  0140               	movlb	0	; select bank0
  2274     0529  109A               	bcf	26,1	;volatile
  2275                           
  2276                           ;display.c: 28:     _delay((unsigned long)((30)*(32000000UL/4000000.0)));
  2277     052A  3050               	movlw	80
  2278     052B                     u1107:
  2279     052B  0B89               	decfsz	9,f
  2280     052C  2D2B               	goto	u1107
  2281     052D                     l151:
  2282     052D  0008               	return
  2283     052E                     __end_of_latch_and_enable:
  2284                           
  2285                           	psect	text6
  2286     0553                     __ptext6:	
  2287 ;; *************** function ___lwmod *****************
  2288 ;; Defined at:
  2289 ;;		line 5 in file "C:\Program Files\Microchip\xc8\v2.41\pic\sources\c99\common\lwmod.c"
  2290 ;; Parameters:    Size  Location     Type
  2291 ;;  divisor         2    0[COMMON] unsigned int 
  2292 ;;  dividend        2    2[COMMON] unsigned int 
  2293 ;; Auto vars:     Size  Location     Type
  2294 ;;  counter         1    5[COMMON] unsigned char 
  2295 ;; Return value:  Size  Location     Type
  2296 ;;                  2    0[COMMON] unsigned int 
  2297 ;; Registers used:
  2298 ;;		wreg, status,2, status,0
  2299 ;; Tracked objects:
  2300 ;;		On entry : 0/0
  2301 ;;		On exit  : 0/0
  2302 ;;		Unchanged: 0/0
  2303 ;; Data sizes:     COMMON   BANK0   BANK1   BANK2
  2304 ;;      Params:         4       0       0       0
  2305 ;;      Locals:         1       0       0       0
  2306 ;;      Temps:          1       0       0       0
  2307 ;;      Totals:         6       0       0       0
  2308 ;;Total ram usage:        6 bytes
  2309 ;; Hardware stack levels used: 1
  2310 ;; This function calls:
  2311 ;;		Nothing
  2312 ;; This function is called by:
  2313 ;;		_display
  2314 ;; This function uses a non-reentrant model
  2315 ;;
  2316                           
  2317     0553                     ___lwmod:	
  2318                           ;psect for function ___lwmod
  2319                           
  2320     0553                     l1242:	
  2321                           ;incstack = 0
  2322                           ; Regs used in ___lwmod: [wreg+status,2+status,0]
  2323                           
  2324     0553  0870               	movf	___lwmod@divisor,w
  2325     0554  0471               	iorwf	___lwmod@divisor+1,w
  2326     0555  1903               	btfsc	3,2
  2327     0556  2D58               	goto	u661
  2328     0557  2D59               	goto	u660
  2329     0558                     u661:
  2330     0558  2D82               	goto	l1260
  2331     0559                     u660:
  2332     0559                     l1244:
  2333     0559  01F5               	clrf	___lwmod@counter
  2334     055A  0AF5               	incf	___lwmod@counter,f
  2335     055B  2D65               	goto	l1250
  2336     055C                     l1246:
  2337     055C  3001               	movlw	1
  2338     055D                     u675:
  2339     055D  35F0               	lslf	___lwmod@divisor,f
  2340     055E  0DF1               	rlf	___lwmod@divisor+1,f
  2341     055F  0B89               	decfsz	9,f
  2342     0560  2D5D               	goto	u675
  2343     0561                     l1248:
  2344     0561  3001               	movlw	1
  2345     0562  00F4               	movwf	??___lwmod
  2346     0563  0874               	movf	??___lwmod,w
  2347     0564  07F5               	addwf	___lwmod@counter,f
  2348     0565                     l1250:
  2349     0565  1FF1               	btfss	___lwmod@divisor+1,7
  2350     0566  2D68               	goto	u681
  2351     0567  2D69               	goto	u680
  2352     0568                     u681:
  2353     0568  2D5C               	goto	l1246
  2354     0569                     u680:
  2355     0569                     l1252:
  2356     0569  0871               	movf	___lwmod@divisor+1,w
  2357     056A  0273               	subwf	___lwmod@dividend+1,w
  2358     056B  1D03               	skipz
  2359     056C  2D6F               	goto	u695
  2360     056D  0870               	movf	___lwmod@divisor,w
  2361     056E  0272               	subwf	___lwmod@dividend,w
  2362     056F                     u695:
  2363     056F  1C03               	skipc
  2364     0570  2D72               	goto	u691
  2365     0571  2D73               	goto	u690
  2366     0572                     u691:
  2367     0572  2D77               	goto	l1256
  2368     0573                     u690:
  2369     0573                     l1254:
  2370     0573  0870               	movf	___lwmod@divisor,w
  2371     0574  02F2               	subwf	___lwmod@dividend,f
  2372     0575  0871               	movf	___lwmod@divisor+1,w
  2373     0576  3BF3               	subwfb	___lwmod@dividend+1,f
  2374     0577                     l1256:
  2375     0577  3001               	movlw	1
  2376     0578                     u705:
  2377     0578  36F1               	lsrf	___lwmod@divisor+1,f
  2378     0579  0CF0               	rrf	___lwmod@divisor,f
  2379     057A  0B89               	decfsz	9,f
  2380     057B  2D78               	goto	u705
  2381     057C                     l1258:
  2382     057C  3001               	movlw	1
  2383     057D  02F5               	subwf	___lwmod@counter,f
  2384     057E  1D03               	btfss	3,2
  2385     057F  2D81               	goto	u711
  2386     0580  2D82               	goto	u710
  2387     0581                     u711:
  2388     0581  2D69               	goto	l1252
  2389     0582                     u710:
  2390     0582                     l1260:
  2391     0582  0873               	movf	___lwmod@dividend+1,w
  2392     0583  00F1               	movwf	?___lwmod+1
  2393     0584  0872               	movf	___lwmod@dividend,w
  2394     0585  00F0               	movwf	?___lwmod
  2395     0586                     l558:
  2396     0586  0008               	return
  2397     0587                     __end_of___lwmod:
  2398                           
  2399                           	psect	text7
  2400     0587                     __ptext7:	
  2401 ;; *************** function ___lwdiv *****************
  2402 ;; Defined at:
  2403 ;;		line 5 in file "C:\Program Files\Microchip\xc8\v2.41\pic\sources\c99\common\lwdiv.c"
  2404 ;; Parameters:    Size  Location     Type
  2405 ;;  divisor         2    0[COMMON] unsigned int 
  2406 ;;  dividend        2    2[COMMON] unsigned int 
  2407 ;; Auto vars:     Size  Location     Type
  2408 ;;  quotient        2    5[COMMON] unsigned int 
  2409 ;;  counter         1    7[COMMON] unsigned char 
  2410 ;; Return value:  Size  Location     Type
  2411 ;;                  2    0[COMMON] unsigned int 
  2412 ;; Registers used:
  2413 ;;		wreg, status,2, status,0
  2414 ;; Tracked objects:
  2415 ;;		On entry : 0/0
  2416 ;;		On exit  : 0/0
  2417 ;;		Unchanged: 0/0
  2418 ;; Data sizes:     COMMON   BANK0   BANK1   BANK2
  2419 ;;      Params:         4       0       0       0
  2420 ;;      Locals:         3       0       0       0
  2421 ;;      Temps:          1       0       0       0
  2422 ;;      Totals:         8       0       0       0
  2423 ;;Total ram usage:        8 bytes
  2424 ;; Hardware stack levels used: 1
  2425 ;; This function calls:
  2426 ;;		Nothing
  2427 ;; This function is called by:
  2428 ;;		_display
  2429 ;; This function uses a non-reentrant model
  2430 ;;
  2431                           
  2432     0587                     ___lwdiv:	
  2433                           ;psect for function ___lwdiv
  2434                           
  2435     0587                     l1216:	
  2436                           ;incstack = 0
  2437                           ; Regs used in ___lwdiv: [wreg+status,2+status,0]
  2438                           
  2439     0587  01F5               	clrf	___lwdiv@quotient
  2440     0588  01F6               	clrf	___lwdiv@quotient+1
  2441     0589                     l1218:
  2442     0589  0870               	movf	___lwdiv@divisor,w
  2443     058A  0471               	iorwf	___lwdiv@divisor+1,w
  2444     058B  1903               	btfsc	3,2
  2445     058C  2D8E               	goto	u591
  2446     058D  2D8F               	goto	u590
  2447     058E                     u591:
  2448     058E  2DBE               	goto	l1238
  2449     058F                     u590:
  2450     058F                     l1220:
  2451     058F  01F7               	clrf	___lwdiv@counter
  2452     0590  0AF7               	incf	___lwdiv@counter,f
  2453     0591  2D9B               	goto	l1226
  2454     0592                     l1222:
  2455     0592  3001               	movlw	1
  2456     0593                     u605:
  2457     0593  35F0               	lslf	___lwdiv@divisor,f
  2458     0594  0DF1               	rlf	___lwdiv@divisor+1,f
  2459     0595  0B89               	decfsz	9,f
  2460     0596  2D93               	goto	u605
  2461     0597                     l1224:
  2462     0597  3001               	movlw	1
  2463     0598  00F4               	movwf	??___lwdiv
  2464     0599  0874               	movf	??___lwdiv,w
  2465     059A  07F7               	addwf	___lwdiv@counter,f
  2466     059B                     l1226:
  2467     059B  1FF1               	btfss	___lwdiv@divisor+1,7
  2468     059C  2D9E               	goto	u611
  2469     059D  2D9F               	goto	u610
  2470     059E                     u611:
  2471     059E  2D92               	goto	l1222
  2472     059F                     u610:
  2473     059F                     l1228:
  2474     059F  3001               	movlw	1
  2475     05A0                     u625:
  2476     05A0  35F5               	lslf	___lwdiv@quotient,f
  2477     05A1  0DF6               	rlf	___lwdiv@quotient+1,f
  2478     05A2  0B89               	decfsz	9,f
  2479     05A3  2DA0               	goto	u625
  2480     05A4  0871               	movf	___lwdiv@divisor+1,w
  2481     05A5  0273               	subwf	___lwdiv@dividend+1,w
  2482     05A6  1D03               	skipz
  2483     05A7  2DAA               	goto	u635
  2484     05A8  0870               	movf	___lwdiv@divisor,w
  2485     05A9  0272               	subwf	___lwdiv@dividend,w
  2486     05AA                     u635:
  2487     05AA  1C03               	skipc
  2488     05AB  2DAD               	goto	u631
  2489     05AC  2DAE               	goto	u630
  2490     05AD                     u631:
  2491     05AD  2DB3               	goto	l1234
  2492     05AE                     u630:
  2493     05AE                     l1230:
  2494     05AE  0870               	movf	___lwdiv@divisor,w
  2495     05AF  02F2               	subwf	___lwdiv@dividend,f
  2496     05B0  0871               	movf	___lwdiv@divisor+1,w
  2497     05B1  3BF3               	subwfb	___lwdiv@dividend+1,f
  2498     05B2                     l1232:
  2499     05B2  1475               	bsf	___lwdiv@quotient,0
  2500     05B3                     l1234:
  2501     05B3  3001               	movlw	1
  2502     05B4                     u645:
  2503     05B4  36F1               	lsrf	___lwdiv@divisor+1,f
  2504     05B5  0CF0               	rrf	___lwdiv@divisor,f
  2505     05B6  0B89               	decfsz	9,f
  2506     05B7  2DB4               	goto	u645
  2507     05B8                     l1236:
  2508     05B8  3001               	movlw	1
  2509     05B9  02F7               	subwf	___lwdiv@counter,f
  2510     05BA  1D03               	btfss	3,2
  2511     05BB  2DBD               	goto	u651
  2512     05BC  2DBE               	goto	u650
  2513     05BD                     u651:
  2514     05BD  2D9F               	goto	l1228
  2515     05BE                     u650:
  2516     05BE                     l1238:
  2517     05BE  0876               	movf	___lwdiv@quotient+1,w
  2518     05BF  00F1               	movwf	?___lwdiv+1
  2519     05C0  0875               	movf	___lwdiv@quotient,w
  2520     05C1  00F0               	movwf	?___lwdiv
  2521     05C2                     l548:
  2522     05C2  0008               	return
  2523     05C3                     __end_of___lwdiv:
  2524                           
  2525                           	psect	text8
  2526     0493                     __ptext8:	
  2527 ;; *************** function _UART_Write *****************
  2528 ;; Defined at:
  2529 ;;		line 22 in file "uart.c"
  2530 ;; Parameters:    Size  Location     Type
  2531 ;;  data            1    wreg     unsigned char 
  2532 ;; Auto vars:     Size  Location     Type
  2533 ;;  data            1    0[COMMON] unsigned char 
  2534 ;; Return value:  Size  Location     Type
  2535 ;;                  1    wreg      void 
  2536 ;; Registers used:
  2537 ;;		wreg
  2538 ;; Tracked objects:
  2539 ;;		On entry : 0/0
  2540 ;;		On exit  : 0/0
  2541 ;;		Unchanged: 0/0
  2542 ;; Data sizes:     COMMON   BANK0   BANK1   BANK2
  2543 ;;      Params:         0       0       0       0
  2544 ;;      Locals:         1       0       0       0
  2545 ;;      Temps:          0       0       0       0
  2546 ;;      Totals:         1       0       0       0
  2547 ;;Total ram usage:        1 bytes
  2548 ;; Hardware stack levels used: 1
  2549 ;; This function calls:
  2550 ;;		Nothing
  2551 ;; This function is called by:
  2552 ;;		_main
  2553 ;;		_UART_WriteString
  2554 ;;		_putch
  2555 ;; This function uses a non-reentrant model
  2556 ;;
  2557                           
  2558     0493                     _UART_Write:	
  2559                           ;psect for function _UART_Write
  2560                           
  2561                           
  2562                           ;incstack = 0
  2563                           ; Regs used in _UART_Write: [wreg]
  2564                           ;UART_Write@data stored from wreg
  2565     0493  00F0               	movwf	UART_Write@data
  2566     0494                     l1326:
  2567     0494                     l74:	
  2568                           ;uart.c: 22: void UART_Write(char data);uart.c: 23: {;uart.c: 24:     while (!PIR1bits.T
      +                          X1IF);
  2569                           
  2570     0494  014E               	movlb	14	; select bank14
  2571     0495  1D8D               	btfss	13,3	;volatile
  2572     0496  2C98               	goto	u761
  2573     0497  2C99               	goto	u760
  2574     0498                     u761:
  2575     0498  2C94               	goto	l74
  2576     0499                     u760:
  2577     0499                     l1328:
  2578                           
  2579                           ;uart.c: 25:     TX1REG = data;
  2580     0499  0870               	movf	UART_Write@data,w
  2581     049A  0142               	movlb	2	; select bank2
  2582     049B  009A               	movwf	26	;volatile
  2583     049C                     l77:
  2584     049C  0008               	return
  2585     049D                     __end_of_UART_Write:
  2586                           
  2587                           	psect	text9
  2588     05C3                     __ptext9:	
  2589 ;; *************** function _UART_Init *****************
  2590 ;; Defined at:
  2591 ;;		line 5 in file "uart.c"
  2592 ;; Parameters:    Size  Location     Type
  2593 ;;  baud            4    5[BANK0 ] unsigned long 
  2594 ;; Auto vars:     Size  Location     Type
  2595 ;;  spbrg           4   13[BANK0 ] unsigned long 
  2596 ;; Return value:  Size  Location     Type
  2597 ;;                  1    wreg      void 
  2598 ;; Registers used:
  2599 ;;		wreg, status,2, status,0, pclath, cstack
  2600 ;; Tracked objects:
  2601 ;;		On entry : 0/0
  2602 ;;		On exit  : 0/0
  2603 ;;		Unchanged: 0/0
  2604 ;; Data sizes:     COMMON   BANK0   BANK1   BANK2
  2605 ;;      Params:         0       4       0       0
  2606 ;;      Locals:         0       4       0       0
  2607 ;;      Temps:          0       4       0       0
  2608 ;;      Totals:         0      12       0       0
  2609 ;;Total ram usage:       12 bytes
  2610 ;; Hardware stack levels used: 1
  2611 ;; Hardware stack levels required when called: 1
  2612 ;; This function calls:
  2613 ;;		___lldiv
  2614 ;; This function is called by:
  2615 ;;		_main
  2616 ;; This function uses a non-reentrant model
  2617 ;;
  2618                           
  2619     05C3                     _UART_Init:	
  2620                           ;psect for function _UART_Init
  2621                           
  2622     05C3                     l1272:	
  2623                           ;incstack = 0
  2624                           ; Regs used in _UART_Init: [wreg+status,2+status,0+pclath+cstack]
  2625                           
  2626                           
  2627                           ;uart.c: 5: void UART_Init(uint32_t baud);uart.c: 6: {;uart.c: 7:     BAUD1CONbits.BRG16
      +                           = 1;
  2628     05C3  0142               	movlb	2	; select bank2
  2629     05C4  159F               	bsf	31,3	;volatile
  2630                           
  2631                           ;uart.c: 8:     TX1STAbits.BRGH = 1;
  2632     05C5  151E               	bsf	30,2	;volatile
  2633                           
  2634                           ;uart.c: 9:     TX1STAbits.SYNC = 0;
  2635     05C6  121E               	bcf	30,4	;volatile
  2636     05C7                     l1274:
  2637                           
  2638                           ;uart.c: 11:     uint32_t spbrg = (32000000UL / (4UL * baud)) - 1;
  2639     05C7  0140               	movlb	0	; select bank0
  2640     05C8  0825               	movf	UART_Init@baud,w
  2641     05C9  00A9               	movwf	??_UART_Init
  2642     05CA  0826               	movf	UART_Init@baud+1,w
  2643     05CB  00AA               	movwf	??_UART_Init+1
  2644     05CC  0827               	movf	UART_Init@baud+2,w
  2645     05CD  00AB               	movwf	??_UART_Init+2
  2646     05CE  0828               	movf	UART_Init@baud+3,w
  2647     05CF  00AC               	movwf	??_UART_Init+3
  2648     05D0  3002               	movlw	2
  2649     05D1                     u725:
  2650     05D1  35A9               	lslf	??_UART_Init,f
  2651     05D2  0DAA               	rlf	??_UART_Init+1,f
  2652     05D3  0DAB               	rlf	??_UART_Init+2,f
  2653     05D4  0DAC               	rlf	??_UART_Init+3,f
  2654     05D5                     u720:
  2655     05D5  0B89               	decfsz	9,f
  2656     05D6  2DD1               	goto	u725
  2657     05D7  082C               	movf	??_UART_Init+3,w
  2658     05D8  00F7               	movwf	___lldiv@divisor+3
  2659     05D9  082B               	movf	??_UART_Init+2,w
  2660     05DA  00F6               	movwf	___lldiv@divisor+2
  2661     05DB  082A               	movf	??_UART_Init+1,w
  2662     05DC  00F5               	movwf	___lldiv@divisor+1
  2663     05DD  0829               	movf	??_UART_Init,w
  2664     05DE  00F4               	movwf	___lldiv@divisor
  2665     05DF  3001               	movlw	1
  2666     05E0  00FB               	movwf	___lldiv@dividend+3
  2667     05E1  30E8               	movlw	232
  2668     05E2  00FA               	movwf	___lldiv@dividend+2
  2669     05E3  3048               	movlw	72
  2670     05E4  00F9               	movwf	___lldiv@dividend+1
  2671     05E5  3000               	movlw	0
  2672     05E6  00F8               	movwf	___lldiv@dividend
  2673     05E7  3186  2666  3185   	fcall	___lldiv
  2674     05EA  30FF               	movlw	255
  2675     05EB  0774               	addwf	?___lldiv,w
  2676     05EC  0140               	movlb	0	; select bank0
  2677     05ED  00AD               	movwf	UART_Init@spbrg
  2678     05EE  30FF               	movlw	255
  2679     05EF  3D75               	addwfc	?___lldiv+1,w
  2680     05F0  00AE               	movwf	UART_Init@spbrg+1
  2681     05F1  30FF               	movlw	255
  2682     05F2  3D76               	addwfc	?___lldiv+2,w
  2683     05F3  00AF               	movwf	UART_Init@spbrg+2
  2684     05F4  30FF               	movlw	255
  2685     05F5  3D77               	addwfc	?___lldiv+3,w
  2686     05F6  00B0               	movwf	UART_Init@spbrg+3
  2687     05F7                     l1276:
  2688                           
  2689                           ;uart.c: 12:     SP1BRGL = (uint8_t)(spbrg & 0xFF);
  2690     05F7  082D               	movf	UART_Init@spbrg,w
  2691     05F8  0142               	movlb	2	; select bank2
  2692     05F9  009B               	movwf	27	;volatile
  2693     05FA                     l1278:
  2694                           
  2695                           ;uart.c: 13:     SP1BRGH = (uint8_t)(spbrg >> 8);
  2696     05FA  0140               	movlb	0	; select bank0
  2697     05FB  082D               	movf	UART_Init@spbrg,w
  2698     05FC  00A9               	movwf	??_UART_Init
  2699     05FD  082E               	movf	UART_Init@spbrg+1,w
  2700     05FE  00AA               	movwf	??_UART_Init+1
  2701     05FF  082F               	movf	UART_Init@spbrg+2,w
  2702     0600  00AB               	movwf	??_UART_Init+2
  2703     0601  0830               	movf	UART_Init@spbrg+3,w
  2704     0602  00AC               	movwf	??_UART_Init+3
  2705     0603  3008               	movlw	8
  2706     0604                     u735:
  2707     0604  36AC               	lsrf	??_UART_Init+3,f
  2708     0605  0CAB               	rrf	??_UART_Init+2,f
  2709     0606  0CAA               	rrf	??_UART_Init+1,f
  2710     0607  0CA9               	rrf	??_UART_Init,f
  2711     0608                     u730:
  2712     0608  0B89               	decfsz	9,f
  2713     0609  2E04               	goto	u735
  2714     060A  0829               	movf	??_UART_Init,w
  2715     060B  0142               	movlb	2	; select bank2
  2716     060C  009C               	movwf	28	;volatile
  2717     060D                     l1280:
  2718                           
  2719                           ;uart.c: 15:     TX1STAbits.TX9 = 0;
  2720     060D  131E               	bcf	30,6	;volatile
  2721     060E                     l1282:
  2722                           
  2723                           ;uart.c: 16:     RC1STAbits.RX9 = 0;
  2724     060E  131D               	bcf	29,6	;volatile
  2725     060F                     l1284:
  2726                           
  2727                           ;uart.c: 17:     RC1STAbits.CREN = 1;
  2728     060F  161D               	bsf	29,4	;volatile
  2729     0610                     l1286:
  2730                           
  2731                           ;uart.c: 18:     TX1STAbits.TXEN = 1;
  2732     0610  169E               	bsf	30,5	;volatile
  2733     0611                     l1288:
  2734                           
  2735                           ;uart.c: 19:     RC1STAbits.SPEN = 1;
  2736     0611  179D               	bsf	29,7	;volatile
  2737     0612                     l71:
  2738     0612  0008               	return
  2739     0613                     __end_of_UART_Init:
  2740                           
  2741                           	psect	text10
  2742     0666                     __ptext10:	
  2743 ;; *************** function ___lldiv *****************
  2744 ;; Defined at:
  2745 ;;		line 5 in file "C:\Program Files\Microchip\xc8\v2.41\pic\sources\c99\common\__lldiv.c"
  2746 ;; Parameters:    Size  Location     Type
  2747 ;;  divisor         4    4[COMMON] unsigned long 
  2748 ;;  dividend        4    8[COMMON] unsigned long 
  2749 ;; Auto vars:     Size  Location     Type
  2750 ;;  quotient        4    0[BANK0 ] unsigned long 
  2751 ;;  counter         1    4[BANK0 ] unsigned char 
  2752 ;; Return value:  Size  Location     Type
  2753 ;;                  4    4[COMMON] unsigned long 
  2754 ;; Registers used:
  2755 ;;		wreg, status,2, status,0
  2756 ;; Tracked objects:
  2757 ;;		On entry : 0/0
  2758 ;;		On exit  : 0/0
  2759 ;;		Unchanged: 0/0
  2760 ;; Data sizes:     COMMON   BANK0   BANK1   BANK2
  2761 ;;      Params:         8       0       0       0
  2762 ;;      Locals:         0       5       0       0
  2763 ;;      Temps:          1       0       0       0
  2764 ;;      Totals:         9       5       0       0
  2765 ;;Total ram usage:       14 bytes
  2766 ;; Hardware stack levels used: 1
  2767 ;; This function calls:
  2768 ;;		Nothing
  2769 ;; This function is called by:
  2770 ;;		_main
  2771 ;;		_UART_Init
  2772 ;; This function uses a non-reentrant model
  2773 ;;
  2774                           
  2775     0666                     ___lldiv:	
  2776                           ;psect for function ___lldiv
  2777                           
  2778     0666                     l1192:	
  2779                           ;incstack = 0
  2780                           ; Regs used in ___lldiv: [wreg+status,2+status,0]
  2781                           
  2782     0666  3000               	movlw	0
  2783     0667  0140               	movlb	0	; select bank0
  2784     0668  00A3               	movwf	___lldiv@quotient+3
  2785     0669  3000               	movlw	0
  2786     066A  00A2               	movwf	___lldiv@quotient+2
  2787     066B  3000               	movlw	0
  2788     066C  00A1               	movwf	___lldiv@quotient+1
  2789     066D  3000               	movlw	0
  2790     066E  00A0               	movwf	___lldiv@quotient
  2791     066F  0877               	movf	___lldiv@divisor+3,w
  2792     0670  0476               	iorwf	___lldiv@divisor+2,w
  2793     0671  0475               	iorwf	___lldiv@divisor+1,w
  2794     0672  0474               	iorwf	___lldiv@divisor,w
  2795     0673  1903               	skipnz
  2796     0674  2E76               	goto	u521
  2797     0675  2E77               	goto	u520
  2798     0676                     u521:
  2799     0676  2EB8               	goto	l1212
  2800     0677                     u520:
  2801     0677                     l1194:
  2802     0677  01A4               	clrf	___lldiv@counter
  2803     0678  0AA4               	incf	___lldiv@counter,f
  2804     0679  2E85               	goto	l1198
  2805     067A                     l1196:
  2806     067A  3001               	movlw	1
  2807     067B                     u535:
  2808     067B  35F4               	lslf	___lldiv@divisor,f
  2809     067C  0DF5               	rlf	___lldiv@divisor+1,f
  2810     067D  0DF6               	rlf	___lldiv@divisor+2,f
  2811     067E  0DF7               	rlf	___lldiv@divisor+3,f
  2812     067F  0B89               	decfsz	9,f
  2813     0680  2E7B               	goto	u535
  2814     0681  3001               	movlw	1
  2815     0682  00FC               	movwf	??___lldiv
  2816     0683  087C               	movf	??___lldiv,w
  2817     0684  07A4               	addwf	___lldiv@counter,f
  2818     0685                     l1198:
  2819     0685  1FF7               	btfss	___lldiv@divisor+3,7
  2820     0686  2E88               	goto	u541
  2821     0687  2E89               	goto	u540
  2822     0688                     u541:
  2823     0688  2E7A               	goto	l1196
  2824     0689                     u540:
  2825     0689                     l1200:
  2826     0689  3001               	movlw	1
  2827     068A                     u555:
  2828     068A  35A0               	lslf	___lldiv@quotient,f
  2829     068B  0DA1               	rlf	___lldiv@quotient+1,f
  2830     068C  0DA2               	rlf	___lldiv@quotient+2,f
  2831     068D  0DA3               	rlf	___lldiv@quotient+3,f
  2832     068E  0B89               	decfsz	9,f
  2833     068F  2E8A               	goto	u555
  2834     0690                     l1202:
  2835     0690  0877               	movf	___lldiv@divisor+3,w
  2836     0691  027B               	subwf	___lldiv@dividend+3,w
  2837     0692  1D03               	skipz
  2838     0693  2E9E               	goto	u565
  2839     0694  0876               	movf	___lldiv@divisor+2,w
  2840     0695  027A               	subwf	___lldiv@dividend+2,w
  2841     0696  1D03               	skipz
  2842     0697  2E9E               	goto	u565
  2843     0698  0875               	movf	___lldiv@divisor+1,w
  2844     0699  0279               	subwf	___lldiv@dividend+1,w
  2845     069A  1D03               	skipz
  2846     069B  2E9E               	goto	u565
  2847     069C  0874               	movf	___lldiv@divisor,w
  2848     069D  0278               	subwf	___lldiv@dividend,w
  2849     069E                     u565:
  2850     069E  1C03               	skipc
  2851     069F  2EA1               	goto	u561
  2852     06A0  2EA2               	goto	u560
  2853     06A1                     u561:
  2854     06A1  2EAB               	goto	l1208
  2855     06A2                     u560:
  2856     06A2                     l1204:
  2857     06A2  0874               	movf	___lldiv@divisor,w
  2858     06A3  02F8               	subwf	___lldiv@dividend,f
  2859     06A4  0875               	movf	___lldiv@divisor+1,w
  2860     06A5  3BF9               	subwfb	___lldiv@dividend+1,f
  2861     06A6  0876               	movf	___lldiv@divisor+2,w
  2862     06A7  3BFA               	subwfb	___lldiv@dividend+2,f
  2863     06A8  0877               	movf	___lldiv@divisor+3,w
  2864     06A9  3BFB               	subwfb	___lldiv@dividend+3,f
  2865     06AA                     l1206:
  2866     06AA  1420               	bsf	___lldiv@quotient,0
  2867     06AB                     l1208:
  2868     06AB  3001               	movlw	1
  2869     06AC                     u575:
  2870     06AC  36F7               	lsrf	___lldiv@divisor+3,f
  2871     06AD  0CF6               	rrf	___lldiv@divisor+2,f
  2872     06AE  0CF5               	rrf	___lldiv@divisor+1,f
  2873     06AF  0CF4               	rrf	___lldiv@divisor,f
  2874     06B0  0B89               	decfsz	9,f
  2875     06B1  2EAC               	goto	u575
  2876     06B2                     l1210:
  2877     06B2  3001               	movlw	1
  2878     06B3  02A4               	subwf	___lldiv@counter,f
  2879     06B4  1D03               	btfss	3,2
  2880     06B5  2EB7               	goto	u581
  2881     06B6  2EB8               	goto	u580
  2882     06B7                     u581:
  2883     06B7  2E89               	goto	l1200
  2884     06B8                     u580:
  2885     06B8                     l1212:
  2886     06B8  0823               	movf	___lldiv@quotient+3,w
  2887     06B9  00F7               	movwf	?___lldiv+3
  2888     06BA  0822               	movf	___lldiv@quotient+2,w
  2889     06BB  00F6               	movwf	?___lldiv+2
  2890     06BC  0821               	movf	___lldiv@quotient+1,w
  2891     06BD  00F5               	movwf	?___lldiv+1
  2892     06BE  0820               	movf	___lldiv@quotient,w
  2893     06BF  00F4               	movwf	?___lldiv
  2894     06C0                     l304:
  2895     06C0  0008               	return
  2896     06C1                     __end_of___lldiv:
  2897                           
  2898                           	psect	text11
  2899     04D9                     __ptext11:	
  2900 ;; *************** function _PWM_Init *****************
  2901 ;; Defined at:
  2902 ;;		line 4 in file "pwm.c"
  2903 ;; Parameters:    Size  Location     Type
  2904 ;;		None
  2905 ;; Auto vars:     Size  Location     Type
  2906 ;;		None
  2907 ;; Return value:  Size  Location     Type
  2908 ;;                  1    wreg      void 
  2909 ;; Registers used:
  2910 ;;		wreg, status,2, status,0, pclath, cstack
  2911 ;; Tracked objects:
  2912 ;;		On entry : 0/0
  2913 ;;		On exit  : 0/0
  2914 ;;		Unchanged: 0/0
  2915 ;; Data sizes:     COMMON   BANK0   BANK1   BANK2
  2916 ;;      Params:         0       0       0       0
  2917 ;;      Locals:         0       0       0       0
  2918 ;;      Temps:          0       0       0       0
  2919 ;;      Totals:         0       0       0       0
  2920 ;;Total ram usage:        0 bytes
  2921 ;; Hardware stack levels used: 1
  2922 ;; Hardware stack levels required when called: 1
  2923 ;; This function calls:
  2924 ;;		_PWM_SetDuty
  2925 ;; This function is called by:
  2926 ;;		_main
  2927 ;; This function uses a non-reentrant model
  2928 ;;
  2929                           
  2930     04D9                     _PWM_Init:	
  2931                           ;psect for function _PWM_Init
  2932                           
  2933     04D9                     l1298:	
  2934                           ;incstack = 0
  2935                           ; Regs used in _PWM_Init: [wreg+status,2+status,0+pclath+cstack]
  2936                           
  2937                           
  2938                           ;pwm.c: 7:     PWM3CON = 0;
  2939     04D9  0146               	movlb	6	; select bank6
  2940     04DA  0196               	clrf	22	;volatile
  2941     04DB                     l1300:
  2942                           
  2943                           ;pwm.c: 8:     T2CLKCONbits.T2CS = 0b001;
  2944     04DB  0145               	movlb	5	; select bank5
  2945     04DC  0810               	movf	16,w	;volatile
  2946     04DD  39F0               	andlw	-16
  2947     04DE  3801               	iorlw	1
  2948     04DF  0090               	movwf	16	;volatile
  2949     04E0                     l1302:
  2950                           
  2951                           ;pwm.c: 9:     T2CONbits.CKPS = 0b101;
  2952     04E0  080E               	movf	14,w	;volatile
  2953     04E1  398F               	andlw	-113
  2954     04E2  3850               	iorlw	80
  2955     04E3  008E               	movwf	14	;volatile
  2956     04E4                     l1304:
  2957                           
  2958                           ;pwm.c: 10:     T2CONbits.OUTPS = 0b0000;
  2959     04E4  30F0               	movlw	-16
  2960     04E5  058E               	andwf	14,f	;volatile
  2961     04E6                     l1306:
  2962                           
  2963                           ;pwm.c: 11:     T2PR = 249;
  2964     04E6  30F9               	movlw	249
  2965     04E7  008D               	movwf	13	;volatile
  2966     04E8                     l1308:
  2967                           
  2968                           ;pwm.c: 12:     T2CONbits.ON = 1;
  2969     04E8  178E               	bsf	14,7	;volatile
  2970     04E9                     l1310:
  2971                           
  2972                           ;pwm.c: 14:     PWM3CONbits.POL = 0;
  2973     04E9  0146               	movlb	6	; select bank6
  2974     04EA  1216               	bcf	22,4	;volatile
  2975     04EB                     l1312:
  2976                           
  2977                           ;pwm.c: 15:     PWM3CONbits.EN = 1;
  2978     04EB  1796               	bsf	22,7	;volatile
  2979     04EC                     l1314:
  2980                           
  2981                           ;pwm.c: 17:     PWM_SetDuty(0);
  2982     04EC  3000               	movlw	0
  2983     04ED  00F0               	movwf	PWM_SetDuty@permille
  2984     04EE  00F1               	movwf	PWM_SetDuty@permille+1
  2985     04EF  3184  24F3  3184   	fcall	_PWM_SetDuty
  2986     04F2                     l137:
  2987     04F2  0008               	return
  2988     04F3                     __end_of_PWM_Init:
  2989                           
  2990                           	psect	text12
  2991     04F3                     __ptext12:	
  2992 ;; *************** function _PWM_SetDuty *****************
  2993 ;; Defined at:
  2994 ;;		line 20 in file "pwm.c"
  2995 ;; Parameters:    Size  Location     Type
  2996 ;;  permille        2    0[COMMON] unsigned short 
  2997 ;; Auto vars:     Size  Location     Type
  2998 ;;		None
  2999 ;; Return value:  Size  Location     Type
  3000 ;;                  1    wreg      void 
  3001 ;; Registers used:
  3002 ;;		wreg
  3003 ;; Tracked objects:
  3004 ;;		On entry : 0/0
  3005 ;;		On exit  : 0/0
  3006 ;;		Unchanged: 0/0
  3007 ;; Data sizes:     COMMON   BANK0   BANK1   BANK2
  3008 ;;      Params:         2       0       0       0
  3009 ;;      Locals:         0       0       0       0
  3010 ;;      Temps:          2       0       0       0
  3011 ;;      Totals:         4       0       0       0
  3012 ;;Total ram usage:        4 bytes
  3013 ;; Hardware stack levels used: 1
  3014 ;; This function calls:
  3015 ;;		Nothing
  3016 ;; This function is called by:
  3017 ;;		_main
  3018 ;;		_PWM_Init
  3019 ;;		_tempSit
  3020 ;; This function uses a non-reentrant model
  3021 ;;
  3022                           
  3023     04F3                     _PWM_SetDuty:	
  3024                           ;psect for function _PWM_SetDuty
  3025                           
  3026     04F3                     l1110:	
  3027                           ;incstack = 0
  3028                           ; Regs used in _PWM_SetDuty: [wreg]
  3029                           
  3030                           
  3031                           ;pwm.c: 20: void PWM_SetDuty(uint16_t permille);pwm.c: 21: {;pwm.c: 22:     if (permille
      +                           > 1000) permille = 1000;
  3032     04F3  3003               	movlw	3
  3033     04F4  0271               	subwf	PWM_SetDuty@permille+1,w
  3034     04F5  30E9               	movlw	233
  3035     04F6  1903               	skipnz
  3036     04F7  0270               	subwf	PWM_SetDuty@permille,w
  3037     04F8  1C03               	skipc
  3038     04F9  2CFB               	goto	u471
  3039     04FA  2CFC               	goto	u470
  3040     04FB                     u471:
  3041     04FB  2D00               	goto	l140
  3042     04FC                     u470:
  3043     04FC                     l1112:
  3044     04FC  30E8               	movlw	232
  3045     04FD  00F0               	movwf	PWM_SetDuty@permille
  3046     04FE  3003               	movlw	3
  3047     04FF  00F1               	movwf	PWM_SetDuty@permille+1
  3048     0500                     l140:
  3049                           
  3050                           ;pwm.c: 23:     PWM3DC = permille << 6;
  3051     0500  0871               	movf	PWM_SetDuty@permille+1,w
  3052     0501  00F3               	movwf	??_PWM_SetDuty+1
  3053     0502  0870               	movf	PWM_SetDuty@permille,w
  3054     0503  00F2               	movwf	??_PWM_SetDuty
  3055     0504  3006               	movlw	6
  3056     0505                     u485:
  3057     0505  35F2               	lslf	??_PWM_SetDuty,f
  3058     0506  0DF3               	rlf	??_PWM_SetDuty+1,f
  3059     0507  0B89               	decfsz	9,f
  3060     0508  2D05               	goto	u485
  3061     0509  0872               	movf	??_PWM_SetDuty,w
  3062     050A  0146               	movlb	6	; select bank6
  3063     050B  0094               	movwf	20	;volatile
  3064     050C  0873               	movf	??_PWM_SetDuty+1,w
  3065     050D  0095               	movwf	21	;volatile
  3066     050E                     l141:
  3067     050E  0008               	return
  3068     050F                     __end_of_PWM_SetDuty:
  3069                           
  3070                           	psect	text13
  3071     04BF                     __ptext13:	
  3072 ;; *************** function _ADC_Read *****************
  3073 ;; Defined at:
  3074 ;;		line 19 in file "adc.c"
  3075 ;; Parameters:    Size  Location     Type
  3076 ;;  channel         1    wreg     unsigned char 
  3077 ;; Auto vars:     Size  Location     Type
  3078 ;;  channel         1    3[COMMON] unsigned char 
  3079 ;; Return value:  Size  Location     Type
  3080 ;;                  2    0[COMMON] unsigned short 
  3081 ;; Registers used:
  3082 ;;		wreg, status,2, status,0
  3083 ;; Tracked objects:
  3084 ;;		On entry : 0/0
  3085 ;;		On exit  : 0/0
  3086 ;;		Unchanged: 0/0
  3087 ;; Data sizes:     COMMON   BANK0   BANK1   BANK2
  3088 ;;      Params:         2       0       0       0
  3089 ;;      Locals:         1       0       0       0
  3090 ;;      Temps:          1       0       0       0
  3091 ;;      Totals:         4       0       0       0
  3092 ;;Total ram usage:        4 bytes
  3093 ;; Hardware stack levels used: 1
  3094 ;; This function calls:
  3095 ;;		Nothing
  3096 ;; This function is called by:
  3097 ;;		_main
  3098 ;;		_tempSit
  3099 ;; This function uses a non-reentrant model
  3100 ;;
  3101                           
  3102     04BF                     _ADC_Read:	
  3103                           ;psect for function _ADC_Read
  3104                           
  3105                           
  3106                           ;incstack = 0
  3107                           ; Regs used in _ADC_Read: [wreg+status,2+status,0]
  3108                           ;ADC_Read@channel stored from wreg
  3109     04BF  00F3               	movwf	ADC_Read@channel
  3110     04C0                     l1316:
  3111                           
  3112                           ;adc.c: 19: uint16_t ADC_Read(uint8_t channel);adc.c: 20: {;adc.c: 21:     ADCON0bits.CH
      +                          S = channel;
  3113     04C0  0873               	movf	ADC_Read@channel,w
  3114     04C1  00F2               	movwf	??_ADC_Read
  3115     04C2  0DF2               	rlf	??_ADC_Read,f
  3116     04C3  0DF2               	rlf	??_ADC_Read,f
  3117     04C4  0141               	movlb	1	; select bank1
  3118     04C5  081D               	movf	29,w	;volatile
  3119     04C6  0672               	xorwf	??_ADC_Read,w
  3120     04C7  3903               	andlw	-253
  3121     04C8  0672               	xorwf	??_ADC_Read,w
  3122     04C9  009D               	movwf	29	;volatile
  3123     04CA                     l1318:
  3124                           
  3125                           ;adc.c: 22:     _delay((unsigned long)((5)*(32000000UL/4000000.0)));
  3126     04CA  300D               	movlw	13
  3127     04CB                     u1117:
  3128     04CB  0B89               	decfsz	9,f
  3129     04CC  2CCB               	goto	u1117
  3130     04CD  0000               	nop
  3131     04CE                     l1320:
  3132                           
  3133                           ;adc.c: 23:     ADCON0bits.GO = 1;
  3134     04CE  0141               	movlb	1	; select bank1
  3135     04CF  149D               	bsf	29,1	;volatile
  3136     04D0                     l117:	
  3137                           ;adc.c: 24:     while (ADCON0bits.GO);
  3138                           
  3139     04D0  189D               	btfsc	29,1	;volatile
  3140     04D1  2CD3               	goto	u751
  3141     04D2  2CD4               	goto	u750
  3142     04D3                     u751:
  3143     04D3  2CD0               	goto	l117
  3144     04D4                     u750:
  3145     04D4                     l1322:
  3146                           
  3147                           ;adc.c: 25:     return ((uint16_t)ADRESH << 8) | ADRESL;
  3148     04D4  081C               	movf	28,w	;volatile
  3149     04D5  00F1               	movwf	?_ADC_Read+1
  3150     04D6  081B               	movf	27,w	;volatile
  3151     04D7  00F0               	movwf	?_ADC_Read
  3152     04D8                     l120:
  3153     04D8  0008               	return
  3154     04D9                     __end_of_ADC_Read:
  3155                           
  3156                           	psect	text14
  3157     04AD                     __ptext14:	
  3158 ;; *************** function _ADC_Init *****************
  3159 ;; Defined at:
  3160 ;;		line 5 in file "adc.c"
  3161 ;; Parameters:    Size  Location     Type
  3162 ;;		None
  3163 ;; Auto vars:     Size  Location     Type
  3164 ;;		None
  3165 ;; Return value:  Size  Location     Type
  3166 ;;                  1    wreg      void 
  3167 ;; Registers used:
  3168 ;;		wreg, status,2, status,0
  3169 ;; Tracked objects:
  3170 ;;		On entry : 0/0
  3171 ;;		On exit  : 0/0
  3172 ;;		Unchanged: 0/0
  3173 ;; Data sizes:     COMMON   BANK0   BANK1   BANK2
  3174 ;;      Params:         0       0       0       0
  3175 ;;      Locals:         0       0       0       0
  3176 ;;      Temps:          0       0       0       0
  3177 ;;      Totals:         0       0       0       0
  3178 ;;Total ram usage:        0 bytes
  3179 ;; Hardware stack levels used: 1
  3180 ;; This function calls:
  3181 ;;		Nothing
  3182 ;; This function is called by:
  3183 ;;		_main
  3184 ;; This function uses a non-reentrant model
  3185 ;;
  3186                           
  3187     04AD                     _ADC_Init:	
  3188                           ;psect for function _ADC_Init
  3189                           
  3190     04AD                     l1290:	
  3191                           ;incstack = 0
  3192                           ; Regs used in _ADC_Init: [wreg+status,2+status,0]
  3193                           
  3194                           
  3195                           ;adc.c: 8:     FVRCONbits.ADFVR = 0b11;
  3196     04AD  3003               	movlw	3
  3197     04AE  0152               	movlb	18	; select bank18
  3198     04AF  048C               	iorwf	12,f	;volatile
  3199     04B0                     l1292:
  3200                           
  3201                           ;adc.c: 9:     FVRCONbits.FVREN = 1;
  3202     04B0  178C               	bsf	12,7	;volatile
  3203     04B1                     l111:	
  3204                           ;adc.c: 10:     while (!FVRCONbits.FVRRDY);
  3205                           
  3206     04B1  1F0C               	btfss	12,6	;volatile
  3207     04B2  2CB4               	goto	u741
  3208     04B3  2CB5               	goto	u740
  3209     04B4                     u741:
  3210     04B4  2CB1               	goto	l111
  3211     04B5                     u740:
  3212     04B5                     l113:
  3213                           
  3214                           ;adc.c: 12:     ADCON1bits.FM = 1;
  3215     04B5  0141               	movlb	1	; select bank1
  3216     04B6  179E               	bsf	30,7	;volatile
  3217     04B7                     l1294:
  3218                           
  3219                           ;adc.c: 13:     ADCON1bits.CS = 0b010;
  3220     04B7  081E               	movf	30,w	;volatile
  3221     04B8  398F               	andlw	-113
  3222     04B9  3820               	iorlw	32
  3223     04BA  009E               	movwf	30	;volatile
  3224                           
  3225                           ;adc.c: 14:     ADCON1bits.PREF = 0b11;
  3226     04BB  3003               	movlw	3
  3227     04BC  049E               	iorwf	30,f	;volatile
  3228     04BD                     l1296:
  3229                           
  3230                           ;adc.c: 16:     ADCON0bits.ON = 1;
  3231     04BD  141D               	bsf	29,0	;volatile
  3232     04BE                     l114:
  3233     04BE  0008               	return
  3234     04BF                     __end_of_ADC_Init:
  3235     007E                     btemp	set	126	;btemp
  3236     007E                     wtemp0	set	126
  3237                           
  3238                           	psect	idloc
  3239                           
  3240                           ;Config register IDLOC0 @ 0x8000
  3241                           ;	unspecified, using default values
  3242     8000                     	org	32768
  3243     8000  3FFF               	dw	16383
  3244                           
  3245                           ;Config register IDLOC1 @ 0x8001
  3246                           ;	unspecified, using default values
  3247     8001                     	org	32769
  3248     8001  3FFF               	dw	16383
  3249                           
  3250                           ;Config register IDLOC2 @ 0x8002
  3251                           ;	unspecified, using default values
  3252     8002                     	org	32770
  3253     8002  3FFF               	dw	16383
  3254                           
  3255                           ;Config register IDLOC3 @ 0x8003
  3256                           ;	unspecified, using default values
  3257     8003                     	org	32771
  3258     8003  3FFF               	dw	16383
  3259                           
  3260                           	psect	config
  3261                           
  3262                           ;Config register CONFIG1 @ 0x8007
  3263                           ;	External Oscillator Mode Selection bits
  3264                           ;	FEXTOSC = OFF, Oscillator not enabled
  3265                           ;	Power-up Default Value for COSC bits
  3266                           ;	RSTOSC = HFINTOSC_32MHZ, HFINTOSC (32 MHz)
  3267                           ;	Clock Out Enable bit
  3268                           ;	CLKOUTEN = OFF, CLKOUT function is disabled; I/O function on RA4
  3269                           ;	VDD Range Analog Calibration Selection bit
  3270                           ;	VDDAR = HI, Internal analog systems are calibrated for operation between VDD = 2.3V - 
      +                          5.5V
  3271     8007                     	org	32775
  3272     8007  3FCD               	dw	16333
  3273                           
  3274                           ;Config register CONFIG2 @ 0x8008
  3275                           ;	Master Clear Enable bit
  3276                           ;	MCLRE = EXTMCLR, If LVP = 0, MCLR pin is MCLR; If LVP = 1, RA3 pin function is MCLR
  3277                           ;	Power-up Timer Selection bits
  3278                           ;	PWRTS = PWRT_OFF, PWRT is disabled
  3279                           ;	WDT Operating Mode bits
  3280                           ;	WDTE = OFF, WDT disabled; SEN is ignored
  3281                           ;	Brown-out Reset Enable bits
  3282                           ;	BOREN = ON, Brown-out Reset Enabled, SBOREN bit is ignored
  3283                           ;	Brown-out Reset Voltage Selection bit
  3284                           ;	BORV = LO, Brown-out Reset Voltage (VBOR) set to 1.9V
  3285                           ;	PPSLOCKED One-Way Set Enable bit
  3286                           ;	PPS1WAY = ON, The PPSLOCKED bit can be set once after an unlocking sequence is execute
      +                          d; once PPSLOCKED is set, all future changes to PPS registers are prevented
  3287                           ;	Stack Overflow/Underflow Reset Enable bit
  3288                           ;	STVREN = OFF, Stack Overflow or Underflow will not cause a reset
  3289     8008                     	org	32776
  3290     8008  2FE7               	dw	12263
  3291                           
  3292                           ;Config register CONFIG3 @ 0x8009
  3293                           ;	unspecified, using default values
  3294     8009                     	org	32777
  3295     8009  3FFF               	dw	16383
  3296                           
  3297                           ;Config register CONFIG4 @ 0x800A
  3298                           ;	Boot Block Size Selection bits
  3299                           ;	BBSIZE = BB512, 512 words boot block size
  3300                           ;	Boot Block Enable bit
  3301                           ;	BBEN = OFF, Boot Block is disabled
  3302                           ;	SAF Enable bit
  3303                           ;	SAFEN = OFF, SAF is disabled
  3304                           ;	Application Block Write Protection bit
  3305                           ;	WRTAPP = OFF, Application Block is not write-protected
  3306                           ;	Boot Block Write Protection bit
  3307                           ;	WRTB = OFF, Boot Block is not write-protected
  3308                           ;	Configuration Registers Write Protection bit
  3309                           ;	WRTC = OFF, Configuration Registers are not write-protected
  3310                           ;	Storage Area Flash (SAF) Write Protection bit
  3311                           ;	WRTSAF = OFF, SAF is not write-protected
  3312                           ;	Low Voltage Programming Enable bit
  3313                           ;	LVP = ON, Low Voltage programming enabled. MCLR/Vpp pin function is MCLR. MCLRE Config
      +                          uration bit is ignored.
  3314     800A                     	org	32778
  3315     800A  3FFF               	dw	16383
  3316                           
  3317                           ;Config register CONFIG5 @ 0x800B
  3318                           ;	User Program Flash Memory Code Protection bit
  3319                           ;	CP = OFF, User Program Flash Memory code protection is disabled
  3320     800B                     	org	32779
  3321     800B  3FFF               	dw	16383

Data Sizes:
    Strings     0
    Constant    0
    Data        1
    BSS         9
    Persistent  32
    Stack       0

Auto Spaces:
    Space          Size  Autos    Used
    COMMON           14     13      13
    BANK0            80     25      35
    BANK1            80      0       0
    BANK2            80      0       0

Pointer List with Targets:

    None.

Critical Paths under _main in COMMON

    _main->___lldiv
    _display->___lwdiv
    _display->_digi
    _UART_Init->___lldiv
    ___lldiv->_ADC_Read
    _PWM_Init->_PWM_SetDuty

Critical Paths under _main in BANK0

    _main->_UART_Init
    _UART_Init->___lldiv

Critical Paths under _main in BANK1

    None.

Critical Paths under _main in BANK2

    None.

Call Graph Tables:

 ---------------------------------------------------------------------------------
 (Depth) Function   	        Calls       Base Space   Used Autos Params    Refs
 ---------------------------------------------------------------------------------
 (0) _main                                                14    14      0    3392
                                             17 BANK0      8     8      0
                           _ADC_Init
                           _ADC_Read
                           _PWM_Init
                        _PWM_SetDuty
                          _UART_Init
                         _UART_Write
                            ___lldiv
                            _display
                               _pins
 ---------------------------------------------------------------------------------
 (1) _pins                                                 0     0      0       0
 ---------------------------------------------------------------------------------
 (1) _display                                              8     6      2    1245
                                              8 COMMON     3     1      2
                                              0 BANK0      5     5      0
                            ___lwdiv
                            ___lwmod
                               _digi
 ---------------------------------------------------------------------------------
 (2) _digi                                                 8     7      1     293
                                              0 COMMON     8     7      1
                   _latch_and_enable
                         _shift_plus
 ---------------------------------------------------------------------------------
 (3) _shift_plus                                           0     0      0       0
 ---------------------------------------------------------------------------------
 (3) _latch_and_enable                                     0     0      0       0
 ---------------------------------------------------------------------------------
 (2) ___lwmod                                              6     2      4     311
                                              0 COMMON     6     2      4
 ---------------------------------------------------------------------------------
 (2) ___lwdiv                                              8     4      4     314
                                              0 COMMON     8     4      4
 ---------------------------------------------------------------------------------
 (1) _UART_Write                                           1     1      0      22
                                              0 COMMON     1     1      0
 ---------------------------------------------------------------------------------
 (1) _UART_Init                                           12     8      4     761
                                              5 BANK0     12     8      4
                            ___lldiv
 ---------------------------------------------------------------------------------
 (1) ___lldiv                                             14     6      8     618
                                              4 COMMON     9     1      8
                                              0 BANK0      5     5      0
                           _ADC_Read (ARG)
 ---------------------------------------------------------------------------------
 (1) _PWM_Init                                             0     0      0     349
                        _PWM_SetDuty
 ---------------------------------------------------------------------------------
 (1) _PWM_SetDuty                                          4     2      2     349
                                              0 COMMON     4     2      2
 ---------------------------------------------------------------------------------
 (1) _ADC_Read                                             4     2      2      22
                                              0 COMMON     4     2      2
 ---------------------------------------------------------------------------------
 (1) _ADC_Init                                             0     0      0       0
 ---------------------------------------------------------------------------------
 Estimated maximum stack depth 3
 ---------------------------------------------------------------------------------

 Call Graph Graphs:

 _main (ROOT)
   _ADC_Init
   _ADC_Read
   _PWM_Init
     _PWM_SetDuty
   _PWM_SetDuty
   _UART_Init
     ___lldiv
       _ADC_Read (ARG)
   _UART_Write
   ___lldiv
   _display
     ___lwdiv
     ___lwmod
     _digi
       _latch_and_enable
       _shift_plus
   _pins

 Address spaces:
Name               Size   Autos  Total    Cost      Usage
BIGRAM              F0      0       0       0        0.0%
NULL                 0      0       0       0        0.0%
CODE                 0      0       0       0        0.0%
BITCOMMON            E      0       0       1        0.0%
BITSFR0              0      0       0       1        0.0%
SFR0                 0      0       0       1        0.0%
COMMON               E      D       D       2       92.9%
BITSFR1              0      0       0       2        0.0%
SFR1                 0      0       0       2        0.0%
BITSFR2              0      0       0       3        0.0%
SFR2                 0      0       0       3        0.0%
STACK                0      0       0       3        0.0%
BITBANK0            50      0       0       4        0.0%
BITSFR3              0      0       0       4        0.0%
SFR3                 0      0       0       4        0.0%
BANK0               50     19      23       5       43.8%
BITSFR4              0      0       0       5        0.0%
SFR4                 0      0       0       5        0.0%
BITBANK1            50      0       0       6        0.0%
BITSFR5              0      0       0       6        0.0%
SFR5                 0      0       0       6        0.0%
BANK1               50      0       0       7        0.0%
BITSFR6              0      0       0       7        0.0%
SFR6                 0      0       0       7        0.0%
BITBANK2            50      0       0       8        0.0%
BITSFR7              0      0       0       8        0.0%
SFR7                 0      0       0       8        0.0%
BANK2               50      0       0       9        0.0%
BITSFR8              0      0       0       9        0.0%
SFR8                 0      0       0       9        0.0%
BITSFR9              0      0       0      10        0.0%
SFR9                 0      0       0      10        0.0%
ABS                  0      0      30      10        0.0%
BITSFR10             0      0       0      11        0.0%
SFR10                0      0       0      11        0.0%
DATA                 0      0      30      11        0.0%
BITSFR11             0      0       0      12        0.0%
SFR11                0      0       0      12        0.0%
BITSFR12             0      0       0      13        0.0%
SFR12                0      0       0      13        0.0%
BITSFR13             0      0       0      14        0.0%
SFR13                0      0       0      14        0.0%
BITSFR14             0      0       0      15        0.0%
SFR14                0      0       0      15        0.0%
BITSFR15             0      0       0      16        0.0%
SFR15                0      0       0      16        0.0%
BITSFR16             0      0       0      17        0.0%
SFR16                0      0       0      17        0.0%
BITSFR17             0      0       0      18        0.0%
SFR17                0      0       0      18        0.0%
BITSFR18             0      0       0      19        0.0%
SFR18                0      0       0      19        0.0%
BITSFR19             0      0       0      20        0.0%
SFR19                0      0       0      20        0.0%
BITSFR20             0      0       0      21        0.0%
SFR20                0      0       0      21        0.0%
BITSFR21             0      0       0      22        0.0%
SFR21                0      0       0      22        0.0%
BITSFR22             0      0       0      23        0.0%
SFR22                0      0       0      23        0.0%
BITSFR23             0      0       0      24        0.0%
SFR23                0      0       0      24        0.0%
BITSFR24             0      0       0      25        0.0%
SFR24                0      0       0      25        0.0%
BITSFR25             0      0       0      26        0.0%
SFR25                0      0       0      26        0.0%
BITSFR26             0      0       0      27        0.0%
SFR26                0      0       0      27        0.0%
BITSFR27             0      0       0      28        0.0%
SFR27                0      0       0      28        0.0%
BITSFR28             0      0       0      29        0.0%
SFR28                0      0       0      29        0.0%
BITSFR29             0      0       0      30        0.0%
SFR29                0      0       0      30        0.0%
BITSFR30             0      0       0      31        0.0%
SFR30                0      0       0      31        0.0%
BITSFR31             0      0       0      32        0.0%
SFR31                0      0       0      32        0.0%
BITSFR32             0      0       0      33        0.0%
SFR32                0      0       0      33        0.0%
BITSFR33             0      0       0      34        0.0%
SFR33                0      0       0      34        0.0%
BITSFR34             0      0       0      35        0.0%
SFR34                0      0       0      35        0.0%
BITSFR35             0      0       0      36        0.0%
SFR35                0      0       0      36        0.0%
BITSFR36             0      0       0      37        0.0%
SFR36                0      0       0      37        0.0%
BITSFR37             0      0       0      38        0.0%
SFR37                0      0       0      38        0.0%
BITSFR38             0      0       0      39        0.0%
SFR38                0      0       0      39        0.0%
BITSFR39             0      0       0      40        0.0%
SFR39                0      0       0      40        0.0%
BITSFR40             0      0       0      41        0.0%
SFR40                0      0       0      41        0.0%
BITSFR41             0      0       0      42        0.0%
SFR41                0      0       0      42        0.0%
BITSFR42             0      0       0      43        0.0%
SFR42                0      0       0      43        0.0%
BITSFR43             0      0       0      44        0.0%
SFR43                0      0       0      44        0.0%
BITSFR44             0      0       0      45        0.0%
SFR44                0      0       0      45        0.0%
BITSFR45             0      0       0      46        0.0%
SFR45                0      0       0      46        0.0%
BITSFR46             0      0       0      47        0.0%
SFR46                0      0       0      47        0.0%
BITSFR47             0      0       0      48        0.0%
SFR47                0      0       0      48        0.0%
BITSFR48             0      0       0      49        0.0%
SFR48                0      0       0      49        0.0%
BITSFR49             0      0       0      50        0.0%
SFR49                0      0       0      50        0.0%
BITSFR50             0      0       0      51        0.0%
SFR50                0      0       0      51        0.0%
BITSFR51             0      0       0      52        0.0%
SFR51                0      0       0      52        0.0%
BITSFR52             0      0       0      53        0.0%
SFR52                0      0       0      53        0.0%
BITSFR53             0      0       0      54        0.0%
SFR53                0      0       0      54        0.0%
BITSFR54             0      0       0      55        0.0%
SFR54                0      0       0      55        0.0%
BITSFR55             0      0       0      56        0.0%
SFR55                0      0       0      56        0.0%
BITSFR56             0      0       0      57        0.0%
SFR56                0      0       0      57        0.0%
BITSFR57             0      0       0      58        0.0%
SFR57                0      0       0      58        0.0%
BITSFR58             0      0       0      59        0.0%
SFR58                0      0       0      59        0.0%
BITSFR59             0      0       0      60        0.0%
SFR59                0      0       0      60        0.0%
BITSFR60             0      0       0      61        0.0%
SFR60                0      0       0      61        0.0%
BITSFR61             0      0       0      62        0.0%
SFR61                0      0       0      62        0.0%
BITSFR62             0      0       0      63        0.0%
SFR62                0      0       0      63        0.0%
BITSFR63             0      0       0      64        0.0%
SFR63                0      0       0      64        0.0%


Microchip Technology PIC Macro Assembler V2.41 build 20230208172133 
Symbol Table                                                                                   Fri Sep 11 14:30:09 2026

                       _v 0042                         _x 0040                        l37 0552  
                      l71 0612                        l48 077B                        l74 0494  
                      l77 049C                       l111 04B1                       l120 04D8  
                     l113 04B5                       l114 04BE                       l140 0500  
                     l117 04D0                       l141 050E                       l151 052D  
                     l304 06C0                       l137 04F2                       l148 04AC  
                     l173 0752                       l182 0665                       l169 0726  
                     l548 05C2                       l558 0586                       u500 0735  
                     u501 0734                       u510 074F                       u511 074E  
                     u520 0677                       u521 0676                       u610 059F  
                     u611 059E                       u540 0689                       u541 0688  
                     u605 0593                       u470 04FC                       u630 05AE  
                     u710 0582                       u471 04FB                       u535 067B  
                     u631 05AD                       u711 0581                       u560 06A2  
                     u720 05D5                       u800 0793                       u561 06A1  
                     u625 05A0                       u705 0578                       u730 0608  
                     u650 05BE                       u490 0725                       u810 07ED  
                     u555 068A                       u651 05BD                       u635 05AA  
                     u491 0724                       u811 07EC                       u740 04B5  
                     u580 06B8                       u660 0559                       u741 04B4  
                     u485 0505                       u581 06B7                       u565 069E  
                     u725 05D1                       u645 05B4                       u661 0558  
                     u805 078F                       u750 04D4                       u590 058F  
                     u751 04D3                       u575 06AC                       u735 0604  
                     u591 058E                       u760 0499                       u680 0569  
                     u761 0498                       u681 0568                       u690 0573  
                     u770 0646                       u691 0572                       u675 055D  
                     u771 0645                       u780 064D                       u781 064C  
                     u695 056F                       u794 0653                       u795 0652  
             _PWM_SetDuty 04F3                       wreg 0009              _BAUD1CONbits 011F  
                    l1100 0514                      l1110 04F3                      l1102 0519  
                    l1112 04FC                      l1200 0689                      l1104 051E  
                    l1120 06C9                      l1210 06B2                      l1202 0690  
                    l1106 0523                      l1130 06D8                      l1122 06CC  
                    l1114 06C2                      l1300 04DB                      l1204 06A2  
                    l1212 06B8                      l1220 058F                      l1108 0528  
                    l1132 06DB                      l1124 06CF                      l1116 06C3  
                    l1140 06E3                      l1310 04E9                      l1302 04E0  
                    l1206 06AA                      l1230 05AE                      l1222 0592  
                    l1150 0716                      l1134 06DE                      l1126 06D2  
                    l1118 06C6                      l1142 070B                      l1320 04CE  
                    l1312 04EB                      l1304 04E4                      l1208 06AB  
                    l1232 05B2                      l1224 0597                      l1216 0587  
                    l1152 0719                      l1136 06E1                      l1128 06D5  
                    l1322 04D4                      l1314 04EC                      l1306 04E6  
                    l1234 05B3                      l1226 059B                      l1218 0589  
                    l1250 0565                      l1242 0553                      l1090 049D  
                    l1170 0735                      l1154 071B                      l1330 0613  
                    l1316 04C0                      l1308 04E8                      l1236 05B8  
                    l1228 059F                      l1252 0569                      l1244 0559  
                    l1260 0582                      l1092 04A1                      l1180 0743  
                    l1164 0728                      l1156 071F                      l1148 070C  
                    l1340 062C                      l1332 061A                      l1318 04CA  
                    l1326 0494                      l1238 05BE                      l1254 0573  
                    l1246 055C                      l1094 04A6                      l1182 0745  
                    l1166 072B                      l1158 0725                      l1342 063B  
                    l1270 0551                      l1192 0666                      l1280 060D  
                    l1272 05C3                      l1328 0499                      l1256 0577  
                    l1248 0561                      l1096 050F                      l1184 0749  
                    l1176 0736                      l1168 072F                      l1352 064E  
                    l1344 0640                      l1264 052E                      l1360 07CB  
                    l1290 04AD                      l1194 0677                      l1282 060E  
                    l1274 05C7                      l1258 057C                      l1098 0511  
                    l1186 074F                      l1178 0740                      l1354 065F  
                    l1346 0646                      l1338 061B                      l1266 053D  
                    l1362 07D3                      l1292 04B0                      l1196 067A  
                    l1284 060F                      l1276 05F7                      l1348 0647  
                    l1268 0542                      l1364 07DF                      l1294 04B7  
                    l1198 0685                      l1286 0610                      l1278 05FA  
                    l1366 07E4                      l1358 0753                      l1296 04BD  
                    l1288 0611                      l1368 07ED                      l1298 04D9  
                    l1482 06EB                      u1017 07D9                      u1107 052B  
                    u1027 049E                      u1117 04CB                      u1037 04A4  
                    u1047 04A9                      u1057 0512                      u1067 0517  
                    u1077 051C                      u1087 0521                      u1097 0526  
                    _T2PR 028D                      _digi 06C1                      _main 0753  
                    _pins 052E                      fsr1h 0007                      indf1 0001  
                    fsr1l 0006                      btemp 007E          __end_of_ADC_Init 04BF  
        __end_of_ADC_Read 04D9                      start 0001              display@F3215 003D  
                   ?_digi 0070                     ?_main 0070                     ?_pins 0070  
         __end_of___lldiv 06C1           __end_of___lwdiv 05C3           __end_of___lwmod 0587  
                   _RXPPS 1ECB              display@z_577 0024               ?_UART_Write 0070  
                   _i_PID 0039           __end_of_display 0666                     digi@i 0074  
        __end_of_PWM_Init 04F3                     status 0003                     wtemp0 007E  
         __initialization 07F1              __end_of_digi 0753              __end_of_main 07F1  
            __end_of_pins 0553                    ??_digi 0071                    ??_main 0031  
                  ??_pins 0070                    _ADRESH 009C                    _ADRESL 009B  
__end_of_latch_and_enable 052E                    _RC1REG 0119                    _RC2PPS 1F22  
                  _RC5PPS 1F25                    _PWM3DC 0314                    _TX1REG 011A  
       __end_of_UART_Init 0613                 ??___lldiv 007C                 ??___lwdiv 0074  
               ??___lwmod 0074           ADC_Read@channel 0073                 ??_display 007A  
               ?_ADC_Init 0070                 ?_ADC_Read 0070   __end_of__initialization 07FE  
          __pcstackCOMMON 0070              __pidataBANK0 0492                 ?_PWM_Init 0070  
            ?_PWM_SetDuty 0070                ??_ADC_Init 0070                ??_ADC_Read 0072  
              __pbssBANK0 0039              _T2CLKCONbits 0290                __pmaintext 0753  
          UART_Init@spbrg 002D                ??_PWM_Init 0074                   _SP1BRGH 011C  
                 _SP1BRGL 011B              ??_UART_Write 0070                   _PWM3CON 0316  
                 _PPSLOCK 1E8F                   ___lldiv 0666        __end_of_UART_Write 049D  
                 ___lwdiv 0587                   ___lwmod 0553                   __ptext1 052E  
                 __ptext2 0613                   __ptext3 06C1                   __ptext4 049D  
                 __ptext5 050F                   __ptext6 0553                   __ptext7 0587  
                 __ptext8 0493                   __ptext9 05C3                   _display 0613  
              digi@number 0077                 _T2CONbits 028E                   digi@dig 0070  
                 digi@num 0073       PWM_SetDuty@permille 0070      end_of_initialization 07FE  
       ?_latch_and_enable 0070        ??_latch_and_enable 0070           ___lldiv@divisor 0074  
         ___lldiv@counter 0024                _shift_plus 049D                 _UART_Init 05C3  
          UART_Write@data 0070                 _TRISAbits 0012                 _TRISCbits 0014  
              display@num 0078                ?_UART_Init 0025       start_initialization 07F1  
             ?_shift_plus 0070               __pdataBANK0 0042                 ___latbits 0000  
           __pcstackBANK0 0020                 _main$1039 0035          ___lwdiv@dividend 0072  
           UART_Init@baud 0025                  ?___lldiv 0074                  ?___lwdiv 0070  
                ?___lwmod 0070               ??_UART_Init 0029                  ?_display 0078  
                _ADC_Init 04AD                  _ADC_Read 04BF                 digi@i_570 0076  
               digi@i_569 0075          ___lwdiv@quotient 0075                  _LATCbits 001A  
                _PIR1bits 070D                _ADCON0bits 009D                _ADCON1bits 009E  
                _PWM_Init 04D9                _ANSELAbits 1F38                _ANSELCbits 1F4E  
           ??_PWM_SetDuty 0072           ___lwdiv@divisor 0070           ___lwdiv@counter 0077  
                __ptext10 0666                  __ptext11 04D9                  __ptext12 04F3  
                __ptext13 04BF                  __ptext14 04AD                _RC1STAbits 011D  
            ??_shift_plus 0070                  display@d 0020                  display@z 0023  
              _FVRCONbits 090C               _PWM3CONbits 0316        __end_of_shift_plus 04AD  
     __end_of_PWM_SetDuty 050F          ___lwmod@dividend 0072          ___lldiv@dividend 0078  
             _PPSLOCKbits 1E8F          _latch_and_enable 050F          ___lldiv@quotient 0020  
         ___lwmod@divisor 0070           ___lwmod@counter 0075                _UART_Write 0493  
              _TX1STAbits 011E  
